SN,Trimester 2/5/8/11 & PhD 5/8,Div.,Discp,Course code with sections,Course Title,OAA Verification,"Year 1
 2024-28
 T1/2/3","Year 2
 2023-27
 T4/5/6","Year 3
 2022-26
 T7/8/9","Year 4
 2021-25
 T10/11/12",Phd 2,Phd 5,Phd 8,Course type,Credits,Faculty Name,"Prerequisites to enrol for this course
ONLY COURSE CODE",Description,"Is this course prerequisites for any future course?
ONLY COURSE CODE",Remarks
1,Trimester 3/6/9/12 & PhD 6/9,KCCS,KCCS,KCCS101-WOC,Writing and Oral Communication,,YES,YES,Repeaters,NO,NO,NO,NO,Required,3,Multiple,,,None,None
2,Trimester 3/6/9/12 & PhD 6/9,KCCS,KCCS,KCCS134-ICT,Introduction to Computational Thinking,,YES,YES,Repeaters,NO,NO,NO,NO,Required,3,Multiple,,,None,None
3,Trimester 3/6/9/12 & PhD 6/9,KCCS,KCCS,KCCS124-DAN,Data Analytics,,YES,YES,Repeaters,NO,NO,NO,NO,Required,3,Multiple,,,None,None
4,Trimester 3/6/9/12 & PhD 6/9,KCCS,KCCS,KCCS131-LAA,Literature and the Arts,,YES,YES,Repeaters,NO,NO,NO,NO,Required,3,Multiple,,,None,None
5,Trimester 3/6/9/12 & PhD 6/9,KCCS,KCCS,KCCS132-ETS,Ethics,,YES,YES,Repeaters,NO,NO,NO,NO,Required,3,Multiple,,,None,None
6,Trimester 3/6/9/12 & PhD 6/9,KCCS,KCCS,KCCS190-EE,Engaging With The Enviroment,,NO,NO,YES,Repeaters,NO,NO,NO,Required,3,Multiple,,,None,None
7,Trimester 3/6/9/12 & PhD 6/9,PP,PP,MATH061|PHYS061|ECON061|ENVS061|DATA061|COMP061,Tools for Mathematics and the Sciences: Algebra,OK,YES,YES,NO,NO,NO,NO,NO,Preparatory Programme,1,Subha V,None,"This course will expose students to certain basic tools and calculations in algebra. Some of the material may be familiar to those who studied mathematics in high school. Familiarity with the material discussed in this course may be assumed in subsequent courses across various disciplines including mathematics and physics. In an article titled ‘The unreasonable effectiveness of mathematics in the natural sciences’, physicist Eugene Wigner wrote “… the enormous usefulness of mathematics in the natural sciences is something bordering on the mysterious and that there is no rational explanation for it”. Mathematics has emerged as the natural language using which the laws governing the working of the universe can be described; it is also a discipline with a rich internal structure explored through powerful frameworks for description and justification. Whether one is studying black holes or neural networks, molecular bonds or climate models, tiling patterns or cryptography, the use of mathematics is unavoidable. A solid foundation of mathematics is therefore an essential part of the skill set required of every student of the natural sciences; a good grasp of basic tools, examples, and calculations is also essential for those planning to study mathematics in greater depth and rigour. Note: This course does not count as a required or elective course contributing to the graduation requirements in either Mathematics or Physics.",None,None
8,Trimester 3/6/9/12 & PhD 6/9,HSS,BUSI,BUSI201,Introduction to Accounting and Finance,OK,NO,YES,YES,NO,NO,NO,NO,Required,4,"Easwaran KV, Aishwarya K",None,"This course aids students in donning multiple hats so as to understand the respective decision-making process of different fiduciary stakeholders that are based on financial statements of a reporting entity. For example, shareholders use accounting information to determine the intrinsic value of the stock, which helps them to decide whether to buy, hold, or sell the company’s share. Bankers and lenders rely on firm’s financial statements in order to decide whether to lend money or not to firms. The course also discusses the significance of relevant accounting standards and the evolving regulatory landscape in the preparation and interpretation of financial statements. This course is also designed to provide students with a deeper understanding of nature and workings of corporate financial management. The course aims to provide the framework, concepts, and tools for analysing financial decisions based on fundamental principles of modern financial theory. It introduces the students to the many ways in which corporate management both evaluates investment opportunities and finances investments. It also teaches basic financial concepts and provides students with the tools necessary for evaluating the intrinsic value of a corporation, as well as assessing a corporation's effectiveness in maximizing its value. Further, the course highlights the important real-world applications of the various theories.
",BUSI317,None
9,Trimester 3/6/9/12 & PhD 6/9,HSS,BUSI,BUSI317,Advanced Topics in Accounting,OK,NO,NO,YES,YES,NO,NO,NO,Elective,4,"Easwaran KV, Aishwarya K",BUSI201,"Introduction: 
Accounting is the language of Business: Manufacturing and trading entities are important organs of the world’s economic dimension. The economic dimension of the world is often described as economy.
 In an economy, financial transactions are inherent.  Companies and other entities need to communicate to the employees and the public and statutory administrative bodies about the transactions they perform which have financial implications.  This need is precisely addressed by a language called accounting. Accounting framework is an important edifice like technical, legal and other entities.
Accounting is perhaps the single largest edifice of a business edifice with, and around, which the whole gamut of other edifices are built and intertwined. 
Accounting is very often the basis for decision making – both internal and external. Whether to increase prices or cut costs or “Buy, Sell or Hold” decisions, companies need to have their accounting systems in place. 
Course Design:
The Course on Advanced Topics in Accounting is designed with the following focus: 
1.        To enable students to understand certain advanced Accounting standards 
2.        To enable students to better appreciate the contents of financial statements – to be read along with other aspects of annual reports (like Chairman’s report / Board of Directors report) 
3.        To enable students to apply various management accounting tools used for decision making and control especially in the context of Strategic Cost Management",None,None
10,Trimester 3/6/9/12 & PhD 6/9,HSS,BUSI,BUSI211|PSYC213,Introduction to People Management,OK,NO,YES,YES,YES,NO,NO,NO,Required,4,"Ravi Thilagan, Junaid Iqbal",None,"The course deals with Principles and Practices of People Management in organizations as relevant to the roles and responsibilities of managers across functions. It develops a detailed understanding of the people management process- Workforce planning, Recruitment and Selection, Training and Development, Performance Management System, Labor Laws and Employee relations etc.",None,None
11,Trimester 3/6/9/12 & PhD 6/9,HSS,BUSI,BUSI321,Financial Management,OK,NO,NO,YES,YES,NO,NO,NO,Elective,4,Jyoti Kumari,BUSI201,"Course Coverage:
Financial Management
Time value of money – advanced concepts
Investment Appraisal Techniques
Technical and Fundamental Analysis
Risk Management – Options, Futures, Forwards and Risk Management
Learning Outcomes:
At the end of the course, the students would be able to:
1. Understand general and specific cash flows, based on which financial analysis is carried out
2. Apply investment appraisal techniques to determine the financial feasibility of the projects
3. Valuation of shares and bonds; determination of WACC
4. Use of fundamental &amp; technical analysis to determine the value of a share / company / business.
5. Determine working capital requirements of a business and how to optimize the same
6. Advanced topics in Financial Management – including options &amp; futures (to manage risk better)",None,None
12,Trimester 3/6/9/12 & PhD 6/9,HSS,BUSI,BUSI435|DATA435|ECON435,Introduction to Financial Time Series Forecasting,Approved by CC,NO,NO,YES,YES,NO,NO,NO,Elective,4,"Tapan Kar, Sesha Meka",ECON204 OR ECON212|DATA212 OR MATH314 OR PSYC211 ,"Forecasting is an emerging domain in the field of business during this time. In Finance
and Economics, we need to know about the value of risk, volatility, asset pricing,
portfolio allocations, interest rate modelling, and inflation rate. The forecasting
technique helps them to get an idea about the risk factors. This course aims to provide a
strong foundation of forecasting and time series econometrics and financial risk
management. Application of all the models will be discussed using real life data.",None,CAPPED at 45
13,Trimester 3/6/9/12 & PhD 6/9,HSS,BUSI,BUSI341,Business Readiness Bootcamp,Approved by CC,NO,NO,NO,YES,NO,NO,NO,Elective,4,Rajiv Rajendra,None,"This is a practical, skill-based professional readiness program designed for final-year liberal arts
undergraduates. This course bridges the gap between academia and the corporate world by
equipping students with the mental models, skills, behaviours, and business awareness needed
to transition confidently into the workplace.
Students learn how organizations function, how companies create value, how to navigate
workplace culture and expectations, and how to build a strong professional identity.
The course is structured to level the playing field for new entrants to the corporate world -
focused on empowerment, awareness, and competitive advantage.",None,CAPPED at 30
14,Trimester 3/6/9/12 & PhD 6/9,HSS,ECON,ECON201(2),Principles of Economics,OK,YES,YES,YES,YES,No,No,No,Required,4,Rohan Gudibande,None,"The Principles of Economics course introduces students to foundational economic principles, introducing tools and models that enable a rigorous examination of everyday economic phenomena. It presents fundamental theories in micro- as well as macroeconomics, covering markets and prices, trade-offs, efficiencies, externalities, as well as the behavior of individuals and firms. The course initiates an examination of broader systemic phenomena such as trade, growth, poverty, employment, and inequality. At the end of the course, students should be familiar with foundational economic terminology, develop a basic understanding of markets and their potential failures, begin to appreciate the linkages between economic phenomena, and most importantly, recognize the importance of a rigorous approach in exploring economic questions.","ECON202, ECON203, ECON326",Preference given to students in year 1.
15,Trimester 3/6/9/12 & PhD 6/9,HSS,ECON,ECON210(2),Microeconomics - II,OK,No,YES,YES,YES,No,No,No,Required,4,"Anwesha Chakrabarti, Suresh Govindapuram",ECON202,"This course is a sequel to Microeconomics I, and will focus on the study of producer behavior. We begin with a stylized model of the firm, and then understand how economists model production, and how firms minimize their costs and maximize their profits. With a basic understanding of consumer and producer behavior, we will then look at how the two interact in a market. The concept of the market equilibrium will be introduced, and we will learn how the characteristics of this equilibrium vary across different market structures such as perfectly competitive markets, monopoly and oligopoly. We will then learn about conditions where the market fails to achieve an equilibrium, focusing on externalities, public goods, and markets with asymmetric information.","ECON206, ECON310, ECON327|COMP327",Preference given to students in year 2; also open to year 3/4 students graduating in 2026 for whom this is a required course.
16,Trimester 3/6/9/12 & PhD 6/9,HSS,ECON,ECON209,Macroeconomics - II,OK,No,YES,YES,YES,No,No,No,Required,4,Albert Jodhimani,ECON203,"This course is a sequel to Macroeconomics I. It builds on the basic models introduced in Macroeconomics I, and introduces theories of unemployment and inflation, the inflation-output trade off, natural rate of unemployment, and the Phillips curve. It then shifts focus to the long run and introduces students to the economics of growth, the role of capital accumulation and technological progress, as well as policy related aspects of economic growth.","ECON206, ECON309",Preference given to students in year 2; also open to year 3/4 students graduating in 2026 for whom this is a required course.
17,Trimester 3/6/9/12 & PhD 6/9,HSS,ECON,ECON206,History of Economic Thought,OK,No,YES,YES,YES,No,No,No,Required,4,Karthik Rao Cavale,"ECON202, ECON203","The economy, which we have come to think of as a distinct sphere of human activity, is a peculiar conceptual construct with an even more peculiar history. This course introduces economics majors to influential intellectual traditions that continue to shape how we think about the economy and the laws that govern it. Along the way, the class will revisit and historicize commonplace categories in the field of economics: commodity, money, capital, prices, wages and rents, supply and demand, business cycles, and so on. 
 
 The course begins with the 18th century, when the field of political economy was still in its nascent stage. The first three weeks of the course focus on the classical tradition of political economy, centred around the work of Adam Smith and David Ricardo. This is followed by two weeks of Marxian political economy, and two weeks on neo-classical economic thought. After an excursus into institutional, socialist, utopian, and historical traditions in economics, the course concludes with a deep engagement with the Keynesian revolution and its lasting influence on the field. Students will also read and engage with work that looks at how intellectual currents in political economy and economics shaped modern institutions, in European nations, in India, and in global governance.",None,Preference given to students graduating in 2026 for whom this is a required course.
18,Trimester 3/6/9/12 & PhD 6/9,HSS,ECON,ECON332|ENVS332,Ecological Economics,OK,No,No,YES,YES,No,No,No,Required|Elective,4,Anwesha Chakrabarti,None,"This course will examine the links between economic and ecological systems. We will use concepts from welfare economics, common pool resources, ecosystem valuation and environmental ethics and apply them to the problems of fisheries and forest management, biodiversity conservation and global environmental change. The course will also focus on the relationship between economic growth, ecosystem services and human flourishing in pursuit of sustainable development.",None,Capped at 30;  Preference given to year 3/4 students graduating in 2026.
19,Trimester 3/6/9/12 & PhD 6/9,HSS,ECON,ECON311,Development Economics,OK,No,YES,YES,YES,No,No,No,Elective,4,Vidya Bharathi Rajkumar,"ECON202, ECON203, ECON204","This course introduces students to key topics in the field of Development economics and policy, particularly those centered around the colossal challenges facing the global poor.
The first part of the course will introduce students to the fundamental question of why we still see extreme levels of poverty around the world, why some countries are rich while the others are poor. We will review selected classical and contemporary models of development to explore structural and institutional factors that impact the process of development. The second part of the course will dive deep into the concept of poverty at a micro level, i.e., at the level of individuals and households. The course will introduce and encourage students to think about how the poor make decisions, what constraints they face and what difficult trade-offs they make. We will learn about the actions and policies taken by various entities (Governments, international organizations, and NGOs) to improve the lives of the poor. Using modern empirical techniques, we will understand which of these policies have been successful, and which have not. 
At the end of the course, the students will develop a deeper appreciation for the dynamics of the development process and the challenges involved in ending poverty across the world, and have a better understanding of how poverty affects various aspects of human development.",None,Capped at 40
20,Trimester 3/6/9/12 & PhD 6/9,HSS,ECON,ECON335,Heterodox Contributions to Macroeconomics,OK,No,No,YES,YES,No,No,No,Elective,4,Pulapre Balakrishnan,"ECON202, ECON210, ECON203, ECON209, ECON204","There is today a definite mainstream in macroeconomics. While ideas that do not fit into this received framework tend to be ignored they can be crucial to understanding the working of the world economy, including India’s. Some of these are part of an entire approach to macroeconomics while others are standalone ideas/constructs addressing issues as broad as economic growth and as specific as financial crises. This course aims to introduce students with these heterodox approaches and ideas, with a view to enhancing their understanding of both how economic issues have been framed and how the economy actually works. The course is meant for students with an interest in economic ideas and evidence-based analysis of the economy.",None,Capped at 25
21,Trimester 3/6/9/12 & PhD 6/9,HSS,ECON,ECON336,Mixed Methods in Impact Evaluation,OK,No,No,YES,YES,No,No,No,Elective,4,"LEAD (Sharon Buteau, Sutapa Majumdar)",None,"The course will review a variety of evaluation designs for assessing the impact of interventions, may it be policies, programs or products, in the context of implementation research. The concept of counterfactual and causality will be discussed. The importance of considering mixed methods approach to impact evaluation will be highlighted. Mixed methods approach combines quantitative methods, qualitative methods as well as process evaluation for monitoring of the intervention. Practical examples from LEAD’s own work as well as from other published studies in the social sector will be used throughout the duration of the course.",None,"Capped at 20;  Preferably given to year 3/4 students; students in year 2 may be allowed to enroll based on their interest and capability, on instructors' discretio."
22,Trimester 3/6/9/12 & PhD 6/9,HSS,ECON,ECON333,Economics of Education,OK,No,YES,YES,YES,No,No,No,Elective,4,Debdulal Thakur,ECON202,"This course delves into the economic aspects of education, with a specific focus on developing nations. It begins by tracing the historical trajectory of the economics of education, positioning it as a pivotal discipline amidst a broad spectrum dedicated to educational studies. Through an economic lens, it thoroughly examines diverse research avenues within education, such as human capital theory, educational production, cost analysis, funding mechanisms, educational planning, teacher dynamics, and the dynamics of educational markets and choice. The exploration involves not only the scrutiny of economic theories but also practical implications encompassing educational policies.",None,"Open to students in years 2, 3, and 4"
23,Trimester 3/6/9/12 & PhD 6/9,HSS,ECON,ECON245,Introduction to Finance: Concepts and Methods,Approved by CC,No,YES,YES,YES,No,No,No,Elective,4,Albert Jodhimani,ECON203,"The Great Recession of 2008 dealt an important lesson to economists – that the real economy and the financial world are closely interconnected and lacking an understanding the world of finance is no longer tenable for economists. An understanding of finance and how the world of finance operates is an essential ingredient in the toolkit for a practicing economist. With this motivation, this First Course in Finance is designed to provide an introduction to the world of finance. As a first course, it gives an introductory glimpse into the various parts of the field of finance. For anyone planning to gain deeper understanding in the field of finance by taking additional more intense courses in finance, this course serves as a preparatory, foundational step. By providing a comprehensive overview of the subject it would also serve students who are seeking only a basic but broad understanding of finance.
This course is focused on business finance, to the exclusion of personal finance and public finance. Starting with a definition of finance as the organizing principle, the course content is structured around agents that demand finance for business, namely, business organisations. The first part of the course develops an understanding of the business organization – its goals, its forms, and the accounting of its financial transactions. The financial accounts are key to keep track of the financial health of the business. A healthy business generates finance internally and is also able to access external sources relatively easily for its daily business needs and also for investments. The second part of the course covers concepts and methods relating to business investments, like valuing cash flows from investments, and profitability and risk in investments. Business finance is accessed in financial markets through financial institutions that intermediate between savers and the borrowing business organisations. The third part of the course covers these aspects – sources of finance, financial markets and financial institutions. Finally, we look at how prices are determined in the financial markets – bond prices, stock prices, exchange rates – and how this links to the macroeconomy. We also take a brief overview of quantitative finance, which provides a toolkit for financial analysts and managers.",None,Capped at 30;  Preference given to year 3/4 students graduating in 2026.
24,Trimester 3/6/9/12 & PhD 6/9,HSS,HIST,HIST345,Gendering South Asian History: 1200-1800 CE,Approved by CC,No,YES,YES,YES,No,No,No,Elective,4,Deepashree Dutta,None,"The present course uses gender as a lens for looking into the history of medieval and early-modern South Asia. It especially looks at the categories of ‘masculinity’ and ‘ femininity’, how these were constructed and mapped during the period, in relation to one another. In doing so, it considers how evolving ideals of manliness came to inform kingship and domesticity in the Sultanate and the Mughal period. To what extent was the courtly and domestic spaces segregated? What were the ways in which the royal women responded and negotiated with the prescribed norms and participate in politics and court society ? How had art and architectural productions served as sites of gendered patronage, aesthetics, labour and performance ? These are some of the questions that we will address in this course. The course will also explore the non-royal social and political groups, the concubines, dancing girls, women slaves and labourers as well as the gender-liminal figure of the eunuch. The processes of gender marginalisation and defiance of gender normativity will also be taken up, particularly through a study of some of the women saints who challenged societal hierarchies in their pursuit of spirituality. The course will culminate with a discussion on how the notions of gender normativity were reoriented and subverted at the wake of colonialism in the eighteenth century.",N/A,
25,Trimester 3/6/9/12 & PhD 6/9,HSS,HIST,HIST346,Diversity and Unity in Medieval Europe 500-1500 CE,Approved by CC,No,YES,YES,YES,No,No,No,Elective,4,Jonathan Jarrett,None,"Too often, especially in Europe itself, the European trajectory of history is taken to be not just a typical template, but one which somehow explains how this relatively small portion of the globe found a path to world domination. We miss too easily that that domination was really achieved by only three or four of Europe’s very numerous polities, not even all the largest ones, and that the continent remained and remains broken up and contentious in identity, even though it is often treated and even acts like a single politico-religious entity. This course looks at Europe’s first and formative millennium, and tries to distinguish what worked against its unity and maintained its distinct identities and practices, as well as the more usual opposite. Looking especially at religion and government, as well as the basic resources of life, it sets out to make clearer how Europe’s foundations mean it has never quite been one thing together, despite how much its components share.",,
26,Trimester 3/6/9/12 & PhD 6/9,HSS,HIST,HIST347,"West Asia and the Mediterranean 200-700 CE: Empires, Religions and Replacement",Approved by CC,No,YES,YES,YES,No,No,No,Elective,4,Jonathan Jarrett,None,"The early centuries of the Common Era in West Asia are dominated in historiography by two opposed empires, that of the Romans and that of the Persians. Arguably the whole of European history, which has subsequently been exported to much of the globe, is the process of dealing with and occasionally trying to reverse the end of the Roman culture; Persia, though less well-recorded, is no less significant for its inheritors, Islamic and otherwise. This course charts the entwined fates of the two empires in their long final phase, which ended with their replacement, in whole or in part, by a new competitor in the form of the first Islamic caliphate. Religion, ethnic identity and ideas about power come to the fore in this course, which will leave you understanding better both the shape of the world which West Asia has affected today and the enduring cultural significance of Rome, and Persia, as archetypes and aspirations.",,
27,Trimester 3/6/9/12 & PhD 6/9,HSS,HIST,HIST318,Contemporary India,OK,NO,YES,YES,YES,No,No,No,Elective,4,Aashique Iqbal,None,"How do we make sense of India? Is India a rich country with poor people? Is it a scientific superpower or a land of superstition? Answering these questions requires an understanding of the contemporary history of India. We will first look through the first fifty-three years of Indian independence to see how different political parties rose and fell, how society and the environment have shaped politics, how India’s foreign policy is made and how the leadership styles of different Indian Prime Ministers varied. We will study a wide variety of important personalities including Jawaharlal Nehru, the Dalai Lama, Lalu Prasad Yadav, Salman Khan and Amartya Sen. We will also look at interesting changes in Indian history from the writing of the constitution to the 1962 Sino-Indian war to the rise of McDonalds. The course will be of interest to students of Indian history, politics and society. More broadly it will be of interest to anyone who is interested in the historical events that defined the lives of their parents and grandparents.",N/A,"Only for graduating students: HIST318: Contemporary India, will be considered in lieu of India and the World. "
28,Trimester 3/6/9/12 & PhD 6/9,HSS,HIST,HIST303|PHIL315|LITT306,Historical Reasoning,OK,NO,YES,YES,YES,YES,YES,YES,Required,4,Preeti Gulati,None,"History is not simply the study of what happened in the past. It also involves reflections on the nature of the past itself and how we come to know it. Such reflections on the ontology of the past, our ability to access it and the narrative forms in which the past is presented – have all been extensively discussed in the philosophy of history and historiography. Combining theories and insights from metaphysics, epistemology, hermeneutics and ethics, this course intends to explore the nature of historical thinking and reasoning. As such, this course has two objectives. First, to seek conceptual understanding of categories such as past, time, history, myth, chronology, causation, historical necessity and contingency. Second, this course also explores some key
 questions often raised in the philosophy of history: How do we know, represent and explain the past? Is historical truth objective and absolute or relative and contingent? Does history have meaning or direction? What do historical accounts focus on – individual actions, social structures, cultures, nations and civilizations, different time periods? Finally, do historical accounts carry moral imperatives? To respond to these questions, we will study a number of thinkers such as Vico, Herder, Hegel, Marx, Nietzsche, Collingwood, Michel Foucault, Paul Ricoeur, Hayden White and Ankersmit. Course readings will include a combination of selections from the writings of above-mentioned thinkers and accessible scholarly writings.",N/A,
29,Trimester 3/6/9/12 & PhD 6/9,HSS,HIST,HIST326,Ancient World,OK,NO,YES,YES,YES,No,No,No,Required,4,Shanti Pappu,None,"This course introduces ancient civilizations, specifically focusing on the Indus Valley with discussions on Mesopotamia, Egypt, and China, and an overview of developments in other regions of Asia, Africa, and the Americas. We discuss alternate theories regarding urbanisation and definitions of civilizations. We also highlight discoveries and theoretical and methodological approaches in archaeology that have influenced interpretations of diverse civilizations. The course highlights transformations from early agro-pastoral Neolithic cultures with an emphasis on examining cultural transitions, the origins of agriculture, and the spread of domesticated plants and animals. We discuss the influence of environmental changes on the rise, spread, and decline of civilizations. We highlight issues related to the diverse manifestations of settlements, urban architecture and spatial organisation, governance, socio-economic structures, intellectual and religious lives, technologies, architecture, literature, art/craft, and more. The course discusses ancient population migrations as inferred from archaeological, linguistic, and genetic studies. It concludes by situating ancient worlds within modern contexts as related to changing perceptions and constructions of the past.",N/A,
30,Trimester 3/6/9/12 & PhD 6/9,HSS,HIST,HIST330|SOCL330|POLT330,Revolutions,OK,YES,YES,YES,YES,No,No,No,Elective,4,Aashique Iqbal,None,"How do you stage a revolution? Why do revolutions happen at some places and times but not others? What will the revolutions of the future look like? These are some the questions that this course will try to answer. Starting with the cognitive revolution thousands of years ago and ending with the ongoing revolution in artificial intelligence, this course will tell the story of world history through social as well as political revolutions. We will look not only at the four great political revolutions in America, Russia, France and China but also at many smaller ones that shape our world in subtle ways from Haiti to Vietnam. We will also study several social revolutions that have been no less instrumental in shaping humanity from the industrial revolution to the sexual revolution. We will explore the causes, ideologies and methods that animated revolutionaries as well as the impact of many of these revolutions on life in the present. In doing so we will also learn about key themes in historiography such as change, contingency, agency and progress.",N/A,
31,Trimester 3/6/9/12 & PhD 6/9,HSS,HIST,HIST313,The Art and Architecture of Medieval South Asia,OK,YES,YES,YES,YES,No,No,No,Elective,4,Venugopal Madipatti,None,"Is it possible to read physical objects such as paintings and works of architecture as manifestations of economic, political, social and environmental transformation in Medieval South Asia? Given the extent to which scholars have come to rely on texts to narrate the history of medieval South Asia, when and for what reasons might one turn towards physical artifacts and objects as sources of historical information? This course answers the aforementioned questions by bringing attention to artifactual cultures spanning 550 years in South Asia, beginning towards the end of the 12th century and concluding in the mid- eighteenth century. 
 
 The course commences with framing questions around “the medieval” in South Asian History and the ways in which that concept comes to inform debates around community and stateformation, the exercise of sovereignty and power, religiosity, patronage, travel, colonialism, and more recently, populism and nationalism. Subsequently, the course explores the ways in which the periodization of the medieval comes to encompass visual artifacts spanning the Ghurid, Mamluk, Khalji, Tughlaq, Vijayanagara, Sharqi, Lodhi and Mughal periods. The course ends with the debates surrounding the emergence of an “early modern period” in South Asian history and the peculiar manner in which the artefactual culture of medieval south Asia comes into conversation with that of the early modern. At the broadest level the course will not only introduce students to a wide array of works of art and architecture in the region, it will also encourage them to develop interpretative descriptions of these works by drawing on a variety of primary and secondary sources.",N/A,
32,Trimester 3/6/9/12 & PhD 6/9,HSS,HIST,HIST391,Independent Study/Directed Readings,OK,NO,NO,YES,NO,NO,NO,NO,Elective,4,TBD,None,None,None,None
33,Trimester 3/6/9/12 & PhD 6/9,HSS,HIST,HIST491,Independent Research Study,OK,NO,NO,NO,YES,NO,NO,NO,Elective,4,TBD,None,None,None,None
34,Trimester 3/6/9/12 & PhD 6/9,HSS,HIST,HIST490,Capstone Thesis Project,OK,NO,NO,NO,YES,NO,NO,NO,Elective,4,TBD,None,None,None,None
35,Trimester 3/6/9/12 & PhD 6/9,HSS,PHIL,PHIL206,"Self, State and Society: Philosophical Perspectives",OK,No,Yes,Yes,Yes,NO,NO,NO,Required,4,Shriddha Shah,None,"There is an intricate dialectical relation between the concepts of self, state and society, and these relations are negotiated in every age, differently. It is important to understand these relations, as they provide us with the rationale for our understanding of ourselves, and our place in the social and political domains. These relations also determine the possibilities and limits of our own agency and actions vis-à-vis others. This course will introduce some of the fundamental philosophical presuppositions that allow this negotiation to take place in the modern age. The course is divided into three modules that discuss the constitution of the self, the state, and the social, in the contemporary modern western age. The objective of this discussion is to not only present a philosophical analysis of these concepts but to also open them up for critique and alternative readings, either from the classical tradition or in some cases contemporary perspectives. The course is not intended to be comprehensive in its approach to the readings presented, but rather the focus is to have an in-depth engagement with the philosophical presuppositions of the perspectives presented. Some of the fundamental issues taken up would be: How is the notion of the self, constituted and what relation does it bear to the understanding of the modern age, and the state? What are the fundamental presuppositions that characterise the foundations of the modern state? What are some of the theoretical alternatives to this understanding of the state? What is the role of the social, as presented through the institution of the family, in this matrix? What is the relation that the family bears to the state, and the self? ",No,
36,Trimester 3/6/9/12 & PhD 6/9,HSS,PHIL,PHIL240,Logic in Philosophy,Approved by CC,NO,Yes,Yes,Yes,NO,NO,NO,Elective,4,T.V.H. Prathamesh,KCCS123,"How do we reason about reason? Are there underlying principles that can connect reasoning about philosophical abstractions, legal and politics argument, analysis of texts, scientific and social scientific theorisations, solving puzzles and writing mathematical proofs? Can we make precise what we mean by reason or codify what we mean by a reasonable argument? How have philosophers lent meaning to make sense of the human quest to discover the laws of reason?

This course attempts to trace the long standing intellectual project of identifying the laws of deductive reasoning. We begin with historical attempts and philosophical underpinnings underlying these attempts, before diving deep into contemporary formal frameworks that fall under the aegis of logic.

In the process, we use precise formulations of deductive reasoning using symbolic abstractions which enables us to answer the following questions:

How do we ensure that a set of sentences are mutually consistent?
How do we make sense of paradoxes?
How do we ensure that deductive arguments are logically sound?
What can and cannot be deduced from a given collection of statements?
How do we reason precisely when confronted with ambiguities such as knowledge or lack of it, and belief and contingency?

We further extend our set of questions to attempt to answer the following questions about the method of reasoning itself:

What kind of statements are amenable to formal deductive reasoning?
What is the nature of the relationship between reasoning and language?
How do we reason within a given formal reasoning system as well as about a given formal reasoning system?

The course intends to provide access to ideas and contemporary vocabulary which will enable to deploy logic as a means to reason within philosophy, as well as enable pursuit logic and philosophy of logic as philosophical disciplines. Further it will bring alive challenges which makes the process of sound reasoning difficult even for sophisticated Artificial Intelligence tools today.",No,
37,Trimester 3/6/9/12 & PhD 6/9,HSS,PHIL,PHIL391,Independent Study/Directed Readings,OK,NO,NO,Yes,NO,NO,NO,NO,Required,4,Shikha Rajpurohit,None,None,,
38,Trimester 3/6/9/12 & PhD 6/9,HSS,PHIL&LITT,PHIL345|LITT345,"Reading Aesthetics, Writing Modernity: Sanskrit Poetics and Indian Literature",Approved by CC,NO,NO,YES,YES,No,No,,Elective|Elective,4,Joya John & Shikha Rajpurohit,None,"This course is for literature and philosophy students and bridges classical Indian aesthetic theory (Sanskrit and philosophy) with modern literary and comparative theory (vernacular, global, and historical frameworks) to trace the continuities, transformations, and re-framings of Indian aesthetic concepts across time and languages. The first half of the course traces the historical development of aesthetic and literary theorization in the Indian context. The discussion relies on two of the major schools of Sanskrit poetics– the Rasa school of Bharata and the Dhvani school of Ānandavardhana. It will shed light on how Indian aesthetic thought shifted from performance to language and from expression to interpretation. This section concludes with discussing how modern Indian philosophers revisited classical theories and reinterpreted them for the modern reader. In the second half of the course, the goal is to explore how modern Indian literary thinkers connected literary history, vernacular modernity, and the classical past. We will discuss moments of nationalist transformation and recasting of the Sanskritic tradition, questions of comparativism between languages, and the emergence of counter-cultural stances that query the hegemony of a singular tradition. How did writers, critics, and philosophers create bridges between the śāstraic and the modern, between kāvya and sāhitya?",No,To be capped at 20
39,Trimester 3/6/9/12 & PhD 6/9,HSS,POLT,POLT207,Global Politics I (Formerly known as POLT205 - Global Politics in the 21st Century (An Introduction)),OK,NO,YES,YES,YES,NO,NO,NO,Required,4,Swarna Rajagopalan,None,"This course offers a general introduction to global politics by combining historical insights, conceptual tools and empirical accounts connected to international issues. The course begins with a brief historical review of political formations and conceptual overview of international relations. Contemporary issues of identity, inclusion, justice and welfare are examined in subsequent weeks, complicating traditional academic perspectives by considering real world debates and cases. Writing exercises, individual and group research projects and informed, structured discussions will be supplemented by lectures as needed.","POLT316|HIST316, POLT412",None
40,Trimester 3/6/9/12 & PhD 6/9,HSS,POLT,POLT311|SOCL311|HIST311,Political Imaginings from the Global South,OK,NO,NO,YES,YES,NO,NO,NO,Required|Elective|Elective,4,Geeti Das,None,"This course will introduce a complex world of ideas connected to society and politics created by thinkers and political actors of the Global South. Although a majority of thinkers discussed in this course will be from postcolonial societies of Africa, Latin America, and Asia, the term ‘Global South’, here, is not used as a spatial category but rather as a transnational subjectivity, a structure of sensibility shaped by the historical forces of colonialism, capitalism and nationalism. Ideas of society, politics, justice, and freedom as articulated in speech and text, and practiced in political organising, social mobilisation, resistance and rebellion, and education, by Frantz Fanon, B.R. Ambedkar, Babytai Kamble, Paolo Freire, Stephen Biko, Ho Chi Minh, Angela Davis, Kwame Ture, Jose Carlos Mariategui, Edward Said, and others will be discussed in this course, as well as more contemporary thinkers and practices building on these genealogies, including Linda Tuhiwai-Smith, Achille Mbembe, Chinnaiah Jangam, and EZLN. The course will encourage the students to interpret their work not only by placing them in their historical contexts but also by seeing their significance for contemporary times.",None,None
41,Trimester 3/6/9/12 & PhD 6/9,HSS,POLT,POLT313|SOCL313|PHIL313,Introduction to Political Theory: Concepts and Conundrums,OK,NO,YES,YES,YES,NO,NO,NO,Required|Required|Required,4,Bishnu Mohapatra,None,"This course is based on the conviction that theoretical concepts are indispensable to fully
 comprehend political realities and the ways in which they change. How do concepts emerge and
 develop, and what are the elements constitutive of their connection to empirical realities?
 Although abstract, political concepts are often deployed for the purpose of supporting as well as
 contesting concrete social arrangements, ideological positions, and institutions. They also act as
 necessary scaffold for alternative imaginings of political futures. This course is reading-intensive,
 and will pay close attention to the architecture of concepts as well as to their complex, and
 often conflicting, social mobilization. It is a course that highlights the connection between
 theory and practice, and explores new ways of doing political theory in our troubled and
 agonistic times.",None,None
42,Trimester 3/6/9/12 & PhD 6/9,HSS,POLT,POLT336,Research Methods in Politics I,OK,NO,YES,YES,YES,NO,NO,NO,Required,4,"Dyotana Banerjee, Sudeshna Dey, Rekha Diwakar",None,"The purpose of this course is to introduce students to qualitative and quantitative modes of inquiry while understanding social and political phenomena. Through course material, students will become familiar with the philosophical foundations and perspectives of interpretive qualitative research and basic quantitative data. The course will highlight essential concepts and techniques, as well as explore key interpretive research questions such as the following: What kind of knowledge claims can be made and what counts as evidence to support those claims? How does a researcher’s positionality shape the direction, context, and the structures of power involved in the inquiry? What considerations regarding the representation of the ‘Other’ should a researcher address? What are the ethical issues that arise for interpretive researchers? In addition to such reflections during in-class discussions, students will also have an opportunity to develop their own qualitative and quantitative research proposal and conduct preliminary data collection. Through this preliminary process they will gain direct experience with the practice of research including developing an interpretive qualitative and quantitative research questions, crafting a research design, establishing a conceptual framework, engaging in data collection and analysis techniques, and learning some of the conventions of writing up research. By the end of the course, students will not only understand how qualitative and quantitative researchers produce knowledge but will also appreciate the possibilities of qualitative inquiry within quantitative research and vice versa.",None,None
43,Trimester 3/6/9/12 & PhD 6/9,HSS,POLT,POLT636,Research Methods in Politics I,OK,NO,YES,YES,YES,NO,NO,NO,Required,4,"Dyotana Banerjee, Sudeshna Dey, Rekha Diwakar",None,"The purpose of this course is to introduce students to qualitative and quantitative modes of inquiry while understanding social and political phenomena. Through course material, students will become familiar with the philosophical foundations and perspectives of interpretive qualitative research and basic quantitative data. The course will highlight essential concepts and techniques, as well as explore key interpretive research questions such as the following: What kind of knowledge claims can be made and what counts as evidence to support those claims? How does a researcher’s positionality shape the direction, context, and the structures of power involved in the inquiry? What considerations regarding the representation of the ‘Other’ should a researcher address? What are the ethical issues that arise for interpretive researchers? In addition to such reflections during in-class discussions, students will also have an opportunity to develop their own qualitative and quantitative research proposal and conduct preliminary data collection. Through this preliminary process they will gain direct experience with the practice of research including developing an interpretive qualitative and quantitative research questions, crafting a research design, establishing a conceptual framework, engaging in data collection and analysis techniques, and learning some of the conventions of writing up research. By the end of the course, students will not only understand how qualitative and quantitative researchers produce knowledge but will also appreciate the possibilities of qualitative inquiry within quantitative research and vice versa.",None,None
44,Trimester 3/6/9/12 & PhD 6/9,HSS,POLT,POLT339,Caste in Critical Perspective: From Scriptural Order to Everyday Politics,Approved by CC,NO,YES,YES,YES,YES,YES,YES,Elective,4,"Sambaiah Gundimeda, Vikas Kumar Choudhary",None,"This course offers a critical and interdisciplinary introduction to caste as a structure of power, a mode of social organization, and a lived experience in South Asia. Moving from scriptural origins to colonial codification, from ideological debates to embodied practices, the course unpacks how it continues to organise everyday life, maintain hierarchies, and shape access to dignity, justice and knowledge. Rather than treating caste as a static tradition, the course approaches it as a dynamic system sustained through everyday interaction and institutional design, yet constantly challenged by movements of resistance and assertion. Through a progression of thematic modules, students explore how caste is normalized and contested across time via scriptural codes and colonial enumeration as well as in ideological debates and sensory experiences.
The course begins by interrogating the religious and philosophical foundations of caste before examining how colonial governance transformed caste into a system of classification and political identity. It engages with the ideas of Ambedkar and Gandhi to highlight competing visions of reform and annihilation of caste. Moreover, students explore how caste operates through the body, gender, sexuality, memory and humiliation, and how it becomes tangible in practices of food, touch, smell and labour. The final module emphasizes academic responsibility by training students to write about caste critically with attention to standpoint and representation.
Drawing from sociology, politics, anthropology, Dalit studies, feminist theory, and cultural studies, the course uses a range of sources—including testimonies, autobiographies, ethnographies, films, and public texts. Emphasizing reflexive learning, it encourages students to connect theoretical debates to lived realities while developing intellectual rigor and sensitivity. The course fosters critical inquiry and social awareness, enabling students to question hierarchies and engage meaningfully with ongoing struggles for equality and dignity in anti-caste movements.",None,None
45,Trimester 3/6/9/12 & PhD 6/9,HSS,POLT,POLT325,Politics and Theories of Urbanisation,OK,NO,YES,YES,YES,NO,NO,NO,Elective,4,Dyotana Banerjee,None,"The course aims to provide a foundational understanding of what constitutes the urban and urbanisation by combining critical theories and concepts crucial to understand urban spaces and urbanisation processes with contemporary empirical literature, primarily focusing on urban and peri-urban India.",None,None
46,Trimester 3/6/9/12 & PhD 6/9,HSS,POLT,POLT625,Politics and Theories of Urbanisation,OK,NO,NO,NO,NO,YES,YES,YES,Elective,4,Dyotana Banerjee,None,"The course aims to provide a foundational understanding of what constitutes the urban and urbanisation by combining critical theories and concepts crucial to understand urban spaces and urbanisation processes with contemporary empirical literature, primarily focusing on urban and peri-urban India.",None,None
47,Trimester 3/6/9/12 & PhD 6/9,HSS,POLT,POLT340,Democracy and Autocracy in the Contemporary World,Approved by CC,NO,NO,YES,YES,YES,YES,YES,Elective,4,Sumantra Bose,None,"This course critically interrogates the notions of ‘democracy’ and ‘autocracy’ with empirical reference to the contemporary world of the early twenty-first century. So often juxtaposed as binary opposites along with related terms—freedom versus tyranny, liberty versus dictatorship—the line between democracy and authoritarianism has become empirically blurred a mere three decades after an American author proclaimed ‘the end of history’ with the ideological triumph of liberal democracy and its likely universalization. In the 1990s, the comparative study of ‘democratization’ was a booming sub-field of political science. In the 2020s, the scales have flipped and the comparative study of ‘autocratization’—also referred to as ‘democratic backsliding’—is a prime preoccupation of political scientists.
The abrupt swing of the pendulum shows that the binary distinction between ‘democracy’ and ‘authoritarianism’ in the 1990s and 2000s was an ideal-typical—and ideological—construct. The 2010s and 2020s represent a wake-up call to a far more complicated empirical reality, in which the politics of the leader of the Western/Euro- Atlantic ‘free world’ of democratic nations have taken an unexpected turn, along with that of the ‘world’s largest democracy’ in the non-Western world. The course is particularly focused on what the political scientists Stephan Haggard and Robert Kaufman call ‘the incremental erosion of institutions, rules, and norms that result from the actions of duly elected governments’ (and their leaders). This is a comparative politics course that draws on cases from around the world.
The Routledge Handbook of Autocratization (Aurel Croissant and Luca Tomini, eds), published in 2024, is a key course text. It consists of forty chapters organized in five parts. All the main readings for specific weeks are given below. The course will be offered in the third trimester of AY 2025-26.",None,None
48,Trimester 3/6/9/12 & PhD 6/9,HSS,POLT,POLT342,Nationalism and National Identity in the Contemporary World,Approved by CC,NO,NO,YES,YES,YES,YES,YES,Elective,4,Sumantra Bose,None,"Belying predictions and expectations around the beginning of the third millennium CE of the inexorable forward march of ‘globalization’ and the advent of a post-national age, passionate expressions of nationalist identity and pride animate and indeed dominate the politics of countries around the world. This is especially true of what Charles Tilly called ‘state-led nationalism’ and Benedict Anderson termed ‘official nationalism.’ Contemporary examples include the White, Christian brand of American nationalism championed by Donald Trump in the United States, the massive growth of English nationalism in Britain, the ascendancy of Hindu nationalism in India, and the rise to prominence and power of messianic forms of Zionism in Israel.
This course focuses on and explains the transition of these forms of nationalism from a deceptive marginality to the political centre-stage, and the transformation in their status from oppositional to mainstream and in some cases official ideologies of nation-statehood. The first part of the course covers the major theoretical perspectives on, approaches to the study of, and debates about nationalism and national identity. The second part is devoted to making sense of, and comparing, a selection of contemporary cases from different world regions. Nations and Nationalism: A Reader (Philip Spencer and Howard Wollman, eds, Edinburgh University Press, 2005) will be a key course text. The other major readings for each week are specified below. The course will be offered in the third trimester of AY 2025-26.",None,None
49,Trimester 3/6/9/12 & PhD 6/9,HSS,POLT,POLT412,South Asian Politics and International Relations,OK,NO,NO,YES,YES,NO,NO,NO,Elective,4,Swarna Rajagopalan,POLT204 OR POLT205,"The people of South Asia are bound by history and a common destiny, as they inhabit what Barry Buzan termed as a ‘security complex.’ That is, millennia of intersecting stories and a more recent shared colonial experience have brought them to their separate post-colonial journeys as modern states and societies. The course will review structures and issues of politics in each South Asian state (Afghanistan, Bangladesh, Bhutan, India, Maldives, Nepal, Pakistan, and Sri Lanka), as well as conflict and cooperation between the states.",None,None
50,Trimester 3/6/9/12 & PhD 6/9,HSS,POLT,POLT413,Texts on Interrogating the Political and Social Imaginaries,OK,NO,NO,YES,YES,YES,NO,NO,Elective,4,Bishnu Mohapatra,None,"This seminar-based course explores critical political and social ideas regarding their constitution and deployment. Through the strategies of close and comparative readings, the course will highlight the entangled character of political visions and the struggles through which they occupy troubled residences in our part of the world.",None,None
51,Trimester 3/6/9/12 & PhD 6/9,HSS,POLT,POLT431|SOCL431,Infrastructure Technologies and Planetary Politics,OK,NO,NO,YES,YES,NO,NO,NO,Elective,4,Geeti Das,None,"This course focuses on infrastructural technologies as a mode of political power that operates on a planetary scale. Infrastructures are integral to the organisation of our collective life: the kinds of energy and material we use; the systems we build to extract and move material and energy around the planet; the ways in which we create and circulate value and waste; and the logics of property and space that shape and limit human (and nonhuman) mobility and accelerate the movement of capital. To understand these workings of power, we draw on recent theorisations of “planetary politics” that challenge us to go beyond our usual conceptions of political time and the placement of human agency at the centre of political life. 
 In our everyday lives, often seemingly mundane technical infrastructures shape our relationships to the nonhuman and to each other, inculcating norms of habit and sensing, and everyday rules and logistics, that come to have authority. At national and global scales, changes to our political economies of extractivism, production, information, and waste have restructured “politics as usual”, with consequences ranging from corporate capture in democratic politics to the shaping of new modes of authoritarianism. Our infrastructures entangle us in common logics that complicate many of our common distinctions of governance, public vs. private, centralisation and decentralisation, and political ideology. Drawing on multidisciplinary work in Science and Technology Studies, technopolitics, critical theory, and design, we will engage with a range of debates about how to grasp, theorise, and respond politically and collectively to forms of power enacted through our built structures and systems, their modes and logics of production, and the multiscalar, networked, and often diffused ways in which they work.",None,"Enrollment capped at 15.

Prerequisites: At least three prior courses (in any configuration) in Politics, History, Philosophy, Social Studies, and/or Environmental Studies."
52,Trimester 3/6/9/12 & PhD 6/9,HSS,POLT,POLT631|SOCL631,Infrastructure Technologies and Planetary Politics,OK,NO,NO,NO,NO,YES,YES,YES,Elective,4,Geeti Das,None,"This course focuses on infrastructural technologies as a mode of political power that operates on a planetary scale. Infrastructures are integral to the organisation of our collective life: the kinds of energy and material we use; the systems we build to extract and move material and energy around the planet; the ways in which we create and circulate value and waste; and the logics of property and space that shape and limit human (and nonhuman) mobility and accelerate the movement of capital. To understand these workings of power, we draw on recent theorisations of “planetary politics” that challenge us to go beyond our usual conceptions of political time and the placement of human agency at the centre of political life. 
 In our everyday lives, often seemingly mundane technical infrastructures shape our relationships to the nonhuman and to each other, inculcating norms of habit and sensing, and everyday rules and logistics, that come to have authority. At national and global scales, changes to our political economies of extractivism, production, information, and waste have restructured “politics as usual”, with consequences ranging from corporate capture in democratic politics to the shaping of new modes of authoritarianism. Our infrastructures entangle us in common logics that complicate many of our common distinctions of governance, public vs. private, centralisation and decentralisation, and political ideology. Drawing on multidisciplinary work in Science and Technology Studies, technopolitics, critical theory, and design, we will engage with a range of debates about how to grasp, theorise, and respond politically and collectively to forms of power enacted through our built structures and systems, their modes and logics of production, and the multiscalar, networked, and often diffused ways in which they work.",None,"Enrollment capped at 15.

Prerequisites: At least three prior courses (in any configuration) in Politics, History, Philosophy, Social Studies, and/or Environmental Studies."
53,Trimester 3/6/9/12 & PhD 6/9,HSS,SOCL,SOCL304|POLT306|HIST301,"Qualitative Methods: Researching the Social, Political and the Historical",OK,No,YES,YES,YES,YES,YES,YES,Required|Required|Required,4,Arani Basu,None,"This course introduces the students to the various aspects, approaches and techniques of qualitative research. Qualitative research in social studies is significant for theory building and examining empiricism through exploration of the field. Distinct from quantitative methods, qualitative research methods involve close and long-standing interaction with the participants leading to various ethical and subjective considerations in research. This is also implicated in the researcher’s own location on and off the field. In addition, conducting field work involves multiple stages, sample selections, approaching and entering the field and planned process of observation. In the light of this, the course is divided into four sections. First section “Overview: key concepts and definitions” addresses the fundamental concepts related to qualitative research and the subject of methodological awareness required for conducting qualitative research. In the second module, “Various approaches of qualitative research”, the course offers detailed discussions on ethnography, case studies, life history method content and discourse analyses and the stages of theory building following an inductive approach to research. This module also extensively discusses the structural challenges and possibilities of conducting field work. The third module “Political economy of qualitative research” engages with the broad questions of how to conduct auto-ethnography and use the self as a research method; it deals with concepts like cultural insider, covert research etc. The fourth and the last module “Research Project” includes empirical research projects conducted by the students following various stages of qualitative research.",None,NONE
54,Trimester 3/6/9/12 & PhD 6/9,HSS,SOCL,SOCL206|POLT215|PSYC215|PHIL215,Introduction to feminist theory,OK,NO,YES,YES,YES,YES,YES,YES,Required,4,Panchali Ray,None,"This course introduces key directions and themes in feminist thought and practice, both global and local, spanning a time frame starting from the eighteenth century to the contemporary times. Examining how gender and sexuality operates in society, we examine how gender is not an individual attribute or a role, but rather a system of social practices that constructs different categories of people—“men” and “women”—and organizes social interaction and inequality around this difference. The course will take a sociological approach in understanding what is sex and gender , how they operate in the labor market, at home, and at school, and how they structure our everyday lives at the individual, interactional, and institutional level. Throughout the course, we will prioritize reading, evaluating, and questioning feminist theory and sociological research on gender. We will also investigate feminist thought from a variety of disciplinary perspectives and theoretical orientations and focus on key debates such as the sex/gender system, intersectionality, sexual difference, and essentialism, amongst others. This course aims to think through the ways in which gender and sexuality intersect with caste, class, community and the nation. The aim of this course is to unravel the centrality of power in the practice of gender.",None,NONE
55,Trimester 3/6/9/12 & PhD 6/9,HSS,SOCL,SOCL211,Economy and Society,OK,NO,YES,YES,YES,YES,YES,YES,Required,4,Karthik Cavale Rao,None,"The human “propensity to truck, barter, and exchange” (a la Adam Smith) lies at the heart of all modern economies. And yet, social scientists have adopted widely diverging theoretical frameworks to understand how market economies function and evolve. At one end, the dominant strand of economics today takes rational and instrumental action by individuals as its starting point when modelling market exchange. By contrast, an equally influential stream of social thought assumes that economic behaviour is conditioned by the same set of social and political institutions that also govern other types of non-economic behaviour. In this course, students will be introduced to the latter set of intellectual traditions in political economy and economic sociology, wherein “institutions” are treated not merely as constraints upon economic behaviour but also as constitutive of both the preferences and norms that inform such behaviour.

The course is divided into two modules. The first module (four weeks) revisits the work of some original thinkers to locate the intellectual origins of this field of study. The second module poses a series of comparative and historical questions that help illustrate the evolution of the capitalist world economy from the 18th to the 21st century. Some of the possible themes to be covered in the second module will include: the great divergence, industrialization and financialization, inequality and social im/mobility, mass education and the establishment of professions, tax reforms and welfare states, and new social movements.",None,NONE
56,Trimester 3/6/9/12 & PhD 6/9,HSS,SOCL,SOCL305|POLT305|HIST305,Introduction to Political Anthropology,OK,No,YES,YES,YES,YES,YES,YES,Required|Elective|Elective,4,Gowhar Fazili,None,"This course offers an accessible introduction to political anthropology by tracing how the field emerged, how it relates to allied disciplines, and what makes anthropological approach to power and politics distinctive. Through close readings of foundational texts, key theoretical debates, and ethnographic case studies from diverse contexts, students will explore how political anthropology has evolved, what questions its practitioners grapple with today, and what the framework contributes—as well as where its limits lie—in understanding political life. Organized into five modules, the course examines the field’s origins and boundaries; anthropological perspectives on politics and the political; debates around the nation, state, public sphere, and civil society; anthropological approaches to protest and revolution; and ethnographies of political violence.",No,NONE
57,Trimester 3/6/9/12 & PhD 6/9,HSS,SOCL,SOCL257|ENVS257,The Social Construction of Nature,Approved by CC,YES,YES,YES,YES,YES,YES,YES,Elective|Elective,4,Preeti Sampat,None,"Is nature the external world; or are humans part of nature? Is human subjectivity natural; or is it socially constructed? Are relations between human and non-human animals, or actors, social? Is there a pristine nature out there? Such debates around ‘the social construction of 'nature’ have animated discussions of the relationship between nature and society since at least the late twentieth century, and continue to offer valuable insights. This course introduces students to these debates around the perceptions of nature—human, non-human and more-than-human; the historical and often unsuccessful disciplining of more-than-human natures by dominant social, political and economic interests; and the emancipatory and democratic politics for socioecological justice that counter capitalogenic expropriations of more-than-human natures.
The first module examines the binary distinction between human and non-human nature, including human and non-human animals. In the second module we discuss the disciplining of more-than-human natures (including other species and affordances such as land, rivers or forests) by historically particular dominant interests. A fieldtrip animates the discussions in this module through exposure to lived negotiations of socioecological relations in a particular setting. The third module discusses the historical subjection of more-than-human natures to market imperatives in the pursuit of profits, and how their exploitation, depletion and dispossession have accelerated multiple socioecological crises in what has been termed the capitalocene. We end with a discussion of what democratic and emancipatory politics of more-than-human justice might look like.",NO,NONE
58,Trimester 3/6/9/12 & PhD 6/9,HSS,SOCL,SOCL347|LITT347|POLT347,"Humiliation: Power, Subjectivity, and Social Life",Approved by CC,NO,NO,YES,YES,YES,YES,YES,Elective|Elective|Elective,4,Gowhar Fazili,None,"This course explores humiliation as both an intimate emotion and a powerful social force. Drawing on philosophy, psychoanalysis, ethnography, military and conflict studies, caste/race scholarship, and literature—with South Asia as a comparative anchor—students examine humiliation as a moral violation, psychological injury, tool of governance, structural condition, and literary motif. The course equips students with theoretical insight, ethnographic sensitivity, and ethical reflexivity while engaging with challenging histories and lived experiences.",NO,NONE
59,Trimester 3/6/9/12 & PhD 6/9,HSS,SOCL,SOCL346|LITT346,Sociology and STS through Science Fiction,Approved by CC,NO,YES,YES,YES,YES,YES,YES,Elective|Elective,4,Shiv Sunil Issar,None,"Sociology and STS Through Science Fiction” treats speculative cinema and short fiction as the basis for a comparative ethnography of power. Across eleven weeks, the course follows a curated sequence of science fiction films (Gattaca, Arrival, Akira, Blade Runner, Snowpiercer, Equilibrium, The Matrix, District 9, Sorry to Bother You, Brazil) alongside anti-caste and South Asian speculative writing drawn primarily from The Blaft Book of Anti-Caste SF and The Gollancz Book of South Asian Science Fiction, Volume 2. These materials provide grounded, situated imaginaries of genetic citizenship, infrastructural domination, border regimes, racial capitalism, bureaucratic violence, and abolitionist horizons that are often only abstractly theorized in canonical social theory. Students thus learn to read films/speculative narratives as sites where states, markets, and technical systems are made visible: how metrics fabricate “valid” and “invalid” lives; how simulations and media infrastructures encode ideology; how camps, checkpoints, databases, and documents enact caste/race, gender, and class hierarchies; how insurgent publics, underground networks, and counter-futures contest these arrangements. Each weekly module pairs one film with a small cluster of short fiction and an average of 60-70 pages of sociology, anthropology, and STS (e.g. Benjamin, Browne, Hall, Fraser, Ahmed, Bhattacharyya, Robinson, Suchman, Das & Poole, Gupta), training students to mobilize concepts such as biopolitics,
infrastructures, racial capitalism, social reproduction, surveillance, and ontological
politics through close formal analysis rather than decontextualized summary.
The course is explicitly comparative and decolonial in orientation. It centers anticaste,
Dalit-Bahujan, and Global South perspectives to interrogate who is rendered human, governable, expendable, or impossible in dominant techno-political
imaginaries, and invites students to experiment with their own public-facing critical
work (Sociology and STS Through Science Fiction” treats speculative cinema and short fiction as the basis for a comparative ethnography of power. Across eleven weeks, the course follows a curated sequence of science fiction films (Gattaca, Arrival, Akira, Blade Runner, Snowpiercer, Equilibrium, The Matrix, District 9, Sorry to Bother You, Brazil) alongside anti-caste and South Asian speculative writing drawn primarily from The Blaft Book of Anti-Caste SF and The Gollancz Book of South Asian Science Fiction, Volume 2. These materials provide grounded, situated imaginaries of genetic citizenship, infrastructural domination, border regimes, racial capitalism, bureaucratic violence, and abolitionist horizons that are often only abstractly theorized in canonical social theory. Students thus learn to read films/speculative narratives as sites where states, markets, and technical systems are made visible: how metrics fabricate “valid” and “invalid” lives; how simulations and media infrastructures encode ideology; how camps, checkpoints, databases, and documents enact caste/race, gender, and class hierarchies; how insurgent publics, underground networks, and counter-futures contest these arrangements. Each weekly module pairs one film with a small cluster of short fiction and an average of 60-70 pages of sociology, anthropology, and STS (e.g. Benjamin, Browne, Hall, Fraser, Ahmed, Bhattacharyya, Robinson, Suchman, Das & Poole, Gupta), training students to mobilize concepts such as biopolitics,
infrastructures, racial capitalism, social reproduction, surveillance, and ontological
politics through close formal analysis rather than decontextualized summary.
The course is explicitly comparative and decolonial in orientation. It centers anticaste,
Dalit-Bahujan, and Global South perspectives to interrogate who is rendered human, governable, expendable, or impossible in dominant techno-political
imaginaries, and invites students to experiment with their own public-facing critical
work (

",NO,CAPPED at 20
60,Trimester 3/6/9/12 & PhD 6/9,HSS,SOCL,SOCL348|DATA348|COMP348,Social Media & Society,Approved by CC,NO,YES,YES,YES,YES,YES,YES,Elective|Elective|Elective,4,Shiv Sunil Issar,None,"Social Media & Society"" examines digital platforms as central institutions of contemporary social life. Rather than treating social media as a discrete technological domain, the course conceptualizes platforms as sociotechnical
infrastructures that mediate visibility, labor, identity, governance, and inequality at scale. The course begins by analyzing the infrastructural and classificatory foundations of social networking systems before progressing to the forms of work, algorithmic reasoning, and public-making that they enable. Subsequent modules address the intensification of harm—misogyny, racism, casteism, extremism—as well as the emergence of illicit economies, trauma narratives, and new forms of digital care. The syllabus combines foundational scholarship in Sociology, STS, and Media Studies with recent qualitative and theoretical studies from diverse global contexts.
Across these readings, students engage with influencers, platform workers, nationalist publics, disability activists, sex workers, extremist groups, and content moderators—each case illustrating how platform architectures and governance regimes shape social practices and political possibilities. By the end of this course, students will be able to articulate how social media systems structure contemporary social life and to critically assess the political, ethical, and epistemic implications of their design and governance.",NO,NONE
61,Trimester 3/6/9/12 & PhD 6/9,HSS,SOCL,SOCL345|POLT345,Social Conflict and Religious Division: Exploring Contemporary India,Approved by CC,NO,YES,YES,YES,YES,YES,YES,Elective|Elective,4,Arani Basu,None,"How do food practices and taboos perpetuate caste,
racial, and religious divisions in India? In what ways has forced assimilation impacted the cultural and political autonomy of Indigenous communities? What gendered insights emerge from the lived experiences of half-widows in Kashmir in the context of prolonged conflict? Can religious violence be understood as a catalyst for political mobilization and state consolidation in contemporary India?
How does religious polarization shape diasporic politics? Does popular culture in India sustain majoritarian worldviews and contribute to their normalization? To what extent does digital media amplify political and social divisions? How does Bollywood cinema, as a popular culture, intensify stereotypes and othering? This course critically interrogates key questions at the intersection of politics, history, society, and culture in contemporary India. Structured around three interrelated units, Unframing India, Politics of Popular Culture and India in Cinema, the course traces the historical and political trajectories that have shaped the nation’s cultural and ideological formation.",NO,NONE
62,Trimester 3/6/9/12 & PhD 6/9,HSS,SOCL,SOCL218|ENVS243,"Beasts, People and Wild Environments",OK,NO,YES,YES,YES,NO,YES,YES,Elective|Elective,4,Annu Jalais,None,"This introductory and interdisciplinary course focuses on human/animal stories to explore socio-cultural worldviews especially in relation to identity, social justice and the redistribution of natural resources, particularly in South Asia. Through ethnographies, films, novels and paintings we will explore the lives of those living in communities which depend on or live close to wild animals. The course aims to be an informative, provocative and a fun introduction to an exciting and relatively new field of scholarship.",NO,NONE
63,Trimester 3/6/9/12 & PhD 6/9,HSS,SOCL,SOCL349|HIST349,"Global Mobilities: Borders, Ecology, and Development",Approved by CC,NO,YES,YES,YES,YES,YES,YES,Elective|Elective,4,Panchali Ray,None,"This course offers readings to understand the dynamics of human mobility across the globe, with a particular focus on borders, ecological change, and development-induced displacement. Drawing on interdisciplinary studies, the course is a sociological and anthropological exploration of mobility, whether by force, necessity, or aspiration, in a world increasingly shaped by border security, ecological crises, geopolitical conflicts, and economic development initiatives. One major theme will be the changing nature of borders and how state policies, international regimes, and border technologies mediate mobility, often creating new forms of exclusion and precarity. The second major focus of the course will address ecological displacement—mobility triggered by climate change, environmental degradation, and natural disasters. Students will examine how environmental stressors intersect with existing vulnerabilities, including race, class, gender, and indigeneity, creating complex patterns of mobility and immobility. The third focus will be on development-induced displacement: the forced relocation of communities due to infrastructure projects, urban expansion, resource extraction, and conservation initiatives. Students will analyse the underlying logics of such displacement, often justified by narratives of progress or national interest, and the uneven power relations that shape who gets displaced, who benefits, and who is left behind.

The course, though borrowing readings from all disciplines, is grounded in anthropology as it connects the everyday experience of migration from across the world with questions of power. These are just some of the questions we will ask ourselves throughout the course as students will be encouraged to reflect on the assumptions and concepts that underlie our often strongly held beliefs about migration.",NO,NONE
64,Trimester 3/6/9/12 & PhD 6/9,HSS,SOCL,SOCL355|POLT355,Quantitative Research Methods in Humanities and Social Sciences,OK,NO,YES,YES,YES,YES,YES,YES,Required|Required,4,Sumit Mishra,None,This course will introduce students to research methods in the humanities and social sciences. This is designed as a foundational course for those interested in research in the humanities and social sciences. It is meant to familiarize students with a broad range of methods and analytical tools commonly employed in research in these fields. ,NO,NONE
65,Trimester 3/6/9/12 & PhD 6/9,HSS,SOCL,SOCL236|POLT236,Social Movements,crosslisting approved,NO,YES,YES,YES,YES,YES,YES,Elective|Elective,4,Sara Abraham,None,"A theoretical and close encounter with major Indian socio-political postcolonial movements , using film, memoir and text.",NO,NONE
66,Trimester 3/6/9/12 & PhD 6/9,LAA,ARTS,ARTS228,Music from Mud: Pottery Practicum,OK,No,Yes,Yes,Yes,NO,NO,NO,Elective,4,Kaveri Bharath,None,"Clay working, instrument making, rhythm, and music have been part of human craft and culture since even before the formation of civil societies. From China to Peru, in every ancient culture around the world, clay flutes or ocarinas, clay horns or water whistles, or some other form of musical instrument, have all used the innate resonant quality of fired clay or the space that it contains, to produce musical notes and specific sounds.
This practical, hands-on course will start off by introducing students to the basic techniques of working with clay and making hollow forms by hand. Once students have a grasp of the fundamentals, they will explore and create musical instruments, as well as forms that amplify sound, both in the fired as well as the unfired stage of the clay. 
As a complement to hands-on work with clay, students will also study some of the forms and simple instruments in a range of ancient as well as modern cultures around the world through readings, research, videos, and guest lectures.
By the end of the course, students will be encouraged to experiment with creating and attempting to play their own wind, percussion, or string instruments with clay.

BASIC MATERIALS AND EQUIPMENT WILL BE PROVIDED IN THE CERAMICS STUDIO, ON CAMPUS.
Each student will need to take responsibility to not waste material, and ensure that the tools and work space is respected and maintained well, and also clean up after themselves, according to the instructions given.",No,Capped at 15. Priority for Major/m/c and timestamp.
67,Trimester 3/6/9/12 & PhD 6/9,LAA,ARTS,ARTS340,Documentary Film Documentary Film-Making in the Times of Crisis,OK,No,No,Yes,Yes,NO,NO,NO,Elective,4,Anurag Singh,None,"This course provides a comprehensive understanding of the critical role that independent documentary filmmakers play in portraying and questioning India's complex socio-political landscape and offers practitioner’s insights and insider information on the realities on the ground about independent documentary film making. From decoding ideologies, knowing the nuances of identifying, approaching and filming sensitive subjects and navigating dangerous terrains while on the field to shoot, such as riots and andolans, the lens of the filmmaker becomes the unsettling truth teller of immutable visuals, facts and footage. How to negotiate between critical aesthetics and practical questions of safety, security, permissions and ethical concerns, will be taught in this course. Students will explore the breadth of documentary film maker’s daring journeys and documentary films/ raw footages and archives as the crucible of the times we live in, be it the Emergency, Delhi Riots or CAA protests. The crux of the course is how much truth can one tell in a climate of censorship and how?",No,Capped at 20. Priority for Major/m/c and timestamp.
68,Trimester 3/6/9/12 & PhD 6/9,LAA,ARTS,ARTS205,Art Technologies and Design,OK,No,Yes,Yes,Yes,NO,NO,NO,Required,4,Anjana Rajagopal,None,"Art Technologies and Design is an art technologies course introducing technical skills and proficiencies that equip students to participate in the ever-growing digital and multidisciplinary arts practices. In this iteration, we will discuss current trends in the fields of digital media design, sound art and communication. The course will focus on the philosophy of sound and listening, introducing students to industry-valued production practices in sound design for film and experimental mediums. The course will encourage learners to collaborate and innovate, based on their interests and experiment with professional technologies, be it hardware equipment or software. Through small-scale projects students will learn methods of recording sounds, manipulating them and stitching audio-visual narratives. Students interested in music will also be able to understand how to strike the right balance between sound design and backgrounds score in narratives.",No,"Capped at 20. Priority for Major/m/c and timestamp. Classes will involve practical and immersive tech sessions, interactions with industry professionals and exploration of the global immersive art scene in the pre and post-internet era"
69,Trimester 3/6/9/12 & PhD 6/9,LAA,ARTS,ARTS241,"Philosophical, Aesthetic, and Social Dimensions in Bhakti: An Introduction",new course,No,Yes,Yes,Yes,NO,NO,NO,Elective,4,Dipanjali Deka,None,"This course offers an interdisciplinary exploration of the tradition of Bhakti as an embodied practice of attention, to understand one’s relation with self, the divine, and the world. Through close readings of poetry, song, and performance across diverse Bhakti traditions (translated and in original wherever available), students will learn how to listen to various shades of expression of bhakti and what it implies; ultimately reaching an understanding that devotion, indeed, is an inadequate translation of it.
The course explores regional and vernacular Bhakti traditions through the voices of female saints like Meera, Andal, Akka Mahadevi, and Janabai. Listening to their poetry and songs in class will help students reflect on love, desire, and the subversion of social and gender norms. We then turn to Nirgun (Formless) Bhakti and the radical critiques of Kabir and Ravidas, examining their challenges to caste, ritualism, and hypocrisy, and their vision of an anti-caste world. Listening becomes a critical mode of engaging with Bhakti across its diverse textual and performance contexts. The course concludes with the introspective poetry of Lalla Ded (Lalla) of Kashmir and the living musical tradition of the Bauls of Bengal.
Drawing from religious studies, literary studies, ethnomusicology, gender studies, the course uses poetry, song, performance recordings, live performances, and films to facilitate a participatory understanding of Bhakti. Students will listen, participate in singing, read, and reflect not only on texts and performance, but also on the sensory and affective worlds they create.",No,Nil
70,Trimester 3/6/9/12 & PhD 6/9,LAA,LITT,LITT206,Introduction to Creative Writing: Fiction,OK,NO,YES,YES,YES,No,No,,Required,4,Prayaag Akbar,None,"Over this term we will take our first steps in creative writing. To become a writer of prose fiction you must be able to do at least three things well: read, write and edit. In this class we will engage significantly with each of these practices. Many people enjoy writing, but if you are not prepared to read deeply and extensively you cannot be a good writer, and your work will not develop as it should in this class. The term is divided into three modules, each pertaining to a fundamental aspect of writing fiction: Person, Plot, Place. We will explore what these are and how they relate to the work you hope to finally produce. Every week we will read the work of accomplished prose writers of the past decades and try and understand how their writing illuminates the concepts we have just covered.",No,To be capped at 15
71,Trimester 3/6/9/12 & PhD 6/9,LAA,LITT,LITT208,Genre (Shakespeare on Screen),OK,NO,YES,YES,YES,No,No,,Required,4,Sayandeb Chowdhury,None,"Much of the appeal of William Shakespeare’s seemingly inexhaustible power as a playwright lies in some of the most astonishing adaptations of his plays. This course will discuss how his plays have travelled across culture and medium, regions and most importantly, languages; and how the inherent potency of a Shakespearean play is unlocked in tongues far removed from the original. By bringing together some of his most well- known plays to stand in comparison with some of the most interesting and landmark cinematic adaptations, the course hopes to highlight both older and newer issues that have surfaced in Shakespearean studies over the years: from honour, state, authority, ambition, filial love, jealousy and madness to the more recent explorations of race, culture, sexuality, identity, gender and authorship itself. Also, the course would want to understand the politics and poetics of adaptation, elemental film theory and f ilm form, the language of cinema and how iconic texts perform as visual imagery. The primary focus of the course are four of Shakespeare’s most canonical works: Macbeth, Hamlet, King Lear and Julius Caesar. Having said that, the course will immediately get into challenging the very idea of their canonicity by entering them into a productive encounter with their cinematic adaptations. These adaptations, some of which will be studied closely, not only reinterpret these much revered literary classics, but also tend to push them away from having an ontological centre. To that end, the course is equally a study of how literary texts are both iconised and destabilized by the image.",No,"This is our usual 208 [Genre] course, but we need an additional 300-level course-code in order to open it for our 3rd and 4th year students"
72,Trimester 3/6/9/12 & PhD 6/9,LAA,LITT,LITT342,Shakespeare on Screen,OK,NO,NO,YES,YES,No,No,,Elective,4,Sayandeb Chowdhury,None,"Much of the appeal of William Shakespeare’s seemingly inexhaustible power as a playwright lies in some of the most astonishing adaptations of his plays. This course will discuss how his plays have travelled across culture and medium, regions and most importantly, languages; and how the inherent potency of a Shakespearean play is unlocked in tongues far removed from the original. By bringing together some of his most well- known plays to stand in comparison with some of the most interesting and landmark cinematic adaptations, the course hopes to highlight both older and newer issues that have surfaced in Shakespearean studies over the years: from honour, state, authority, ambition, filial love, jealousy and madness to the more recent explorations of race, culture, sexuality, identity, gender and authorship itself. Also, the course would want to understand the politics and poetics of adaptation, elemental film theory and f ilm form, the language of cinema and how iconic texts perform as visual imagery. The primary focus of the course are four of Shakespeare’s most canonical works: Macbeth, Hamlet, King Lear and Julius Caesar. Having said that, the course will immediately get into challenging the very idea of their canonicity by entering them into a productive encounter with their cinematic adaptations. These adaptations, some of which will be studied closely, not only reinterpret these much revered literary classics, but also tend to push them away from having an ontological centre. To that end, the course is equally a study of how literary texts are both iconised and destabilized by the image.",No,"This is our usual 208 [Genre] course, but we need an additional 300-level course-code in order to open it for our 3rd and 4th year students"
73,Trimester 3/6/9/12 & PhD 6/9,LAA,LITT,LITT212|ARTS232,Literary Movements,OK,NO,YES,YES,YES,No,No,,Required|Elective,4,Abhishek Shukla,None,"This course aims to introduce concepts such as literary “periods,” “movements,” or “influences” as a fundamental instrument of criticism, enabling scholars to understand, by way of comparison or contrast, innovations in form and genre that go beyond the particular practices of individual writers. Focussing on a specific literary movement—English Romanticism of the nineteenth century—we will examine what a periodising approach to literary studies looks like: When and how is a literary or artistic movement born, named, periodised, and canonised? And what does organising texts and writers into particular movements or periods do to the way in which we read them? The course will then make a distinction between historical periods and literary or artistic movements, the latter being defined, not merely chronologically, but in terms of specific literary and artistic goals shared across time, place, mediums, and genres. We will regard the movement in question as defined by critics retrospectively, as well as by the members themselves. And finally we will read Romanticism in relation to movements that preceded and succeeded it, as a way to gain insight into how movements fit into a historical continuum, how some movements are distinct and well defined while others are more nebulous and fluid, and why the notion of movements has at times been a point of contention among scholars.",No,None
74,Trimester 3/6/9/12 & PhD 6/9,LAA,LITT,LITT232,An Introduction to Poetry,OK,NO,YES,YES,YES,No,No,,Elective,4,Arundhathi Subramaniam,None,"This course is a deep dive into the reading and practice of poetry. What is a poem? How is it fashioned? What makes it such a powerful form of literary enchantment? This course explores the building blocks of poetry, interspersed with readings of poems from around the world – canonical and less familiar. As it delves into questions around the role of sound and metaphor, free verse and fixed form, inspiration and craft, it will examine how we might become better practitioners, as well as better listeners. The course will combine immersive practice sessions with readings, group discussions with one-on-one interactions. In addition to multiple writing and reading exercises, students will turn in a final assignment that includes six rigorously-workshopped poem drafts and one poem review.",No,CAPPED AT 20.
75,Trimester 3/6/9/12 & PhD 6/9,LAA,LITT,LITT244,Writing in Genre: Speculative Fiction,Approved by CC,NO,YES,YES,YES,No,No,,Elective,4,Prayaag Akbar,None,"This course will engage significantly with a specific form of creative fiction writing: speculative fiction. It will be one of a rotating series of Genre courses that we hope to offer as part of the Creative Writing minor. Speculative fiction is an extremely popular genre among writers and students. At the outset of this course, we will engage with a fundamental question: What makes a piece of writing speculative? As the term progresses, we will look deeply at the most popular forms of speculative fiction: dystopic literature, fantasy writing and alternate history fiction. Students will work on short pieces during the first weeks, and then are expected to develop and complete a longer story by the end of term.",No,To be capped at 15
76,Trimester 3/6/9/12 & PhD 6/9,LAA,PHIL&LITT,LITT345|PHIL345,"Reading Aesthetics, Writing Modernity: Sanskrit Poetics and Indian Literature",Approved by CC,NO,No,YES,YES,No,No,,Elective|Elective,4,Joya John & Shikha Rajpurohit,None,"This course is for literature and philosophy students and bridges classical Indian aesthetic theory (Sanskrit and philosophy) with modern literary and comparative theory (vernacular, global, and historical frameworks) to trace the continuities, transformations, and re-framings of Indian aesthetic concepts across time and languages. The first half of the course traces the historical development of aesthetic and literary theorization in the Indian context. The discussion relies on two of the major schools of Sanskrit poetics– the Rasa school of Bharata and the Dhvani school of Ānandavardhana. It will shed light on how Indian aesthetic thought shifted from performance to language and from expression to interpretation. This section concludes with discussing how modern Indian philosophers revisited classical theories and reinterpreted them for the modern reader. In the second half of the course, the goal is to explore how modern Indian literary thinkers connected literary history, vernacular modernity, and the classical past. We will discuss moments of nationalist transformation and recasting of the Sanskritic tradition, questions of comparativism between languages, and the emergence of counter-cultural stances that query the hegemony of a singular tradition. How did writers, critics, and philosophers create bridges between the śāstraic and the modern, between kāvya and sāhitya?",No,To be capped at 20
77,Trimester 3/6/9/12 & PhD 6/9,LAA,LITT,LITT343,The Body in Medieval and Early Modern Europe,Approved by CC,NO,No,YES,YES,No,No,,Elective,4,Manasvin Rajagopalan,None,"Visceral, often uncontrolled and in states of excess or restraint, the body confounds the imagination, transforming and transmuting as it moves through the world. It consumes and is consumed, and is an infinitely malleable entity. The Medieval and Early Modern periods reimagined the relationship between bodies— political, philosophical, spiritual, social and aesthetic— articulating new possibilities for the ways in which bodies manifested themselves and their own positioning within a larger world; one opened up by trade, travel and encounter. In this course, we will explore different understandings and expressions of the body, embodiment, and corporeal subjectivity in European literature from the 6th through 18th centuries. Designed to be interdisciplinary, the course examines discourses of the body and its relationship to questions of biological, chronological, ontological, and epistemic subjectivity. Scholars including Peter Stallybrass and Stephen Greenblatt, have placed the genesis of modern ideas of embodied subjectivity in the early modern period, while Geraldine Heng, JRR Tolkien, Harold Bloom, and others, have theorized the importance of examining medieval discourses of embodiment as precursors to contemporary understandings of race, gender, disability, monstrosity and more. This course draws together scholarship from across disciplines– history, art history, literary studies, performance studies, disability studies, and critical period studies, to complicate, enrich, and diversify how the body becomes and is a site of interrogation and inquiry in the humanities and humanistic social sciences. The course structure is driven by its primary texts, which will change in every iteration. The current iteration of the course focuses on performance and expressive culture, primarily drawn from the Western European canon. Primary readings include Beowulf, the lais of Marie de France, and theatrical texts by Shakespeare, Corneille, and Moliere.",No,To be capped at 16; still awaiting CC approval
78,Trimester 3/6/9/12 & PhD 6/9,LAA,LITT,LITT442|HIST442,Southern Spaces,Approved by CC,NO,No,YES,YES,No,No,,Elective|Elective,4,Kai Easton,None,"This interdisciplinary research-led module explores the cartographical South – from e.g., the port cities of Cape Town, Durban, Chennai, Adelaide and Sydney to the islands of Sri Lanka, Zanzibar and Mauritius. These transoceanic southern spaces are also transhemispheric, so what might be the continuities and connections geographically between southern sites on different latitudinal lines? Sri Lankan historian Sujit Sivasundaram’s marvellous monographs, Islanded and Waves Across the South, suggest more navigational and narrative strategies for conceptualising and rethinking what we count as archives, and what we call the ‘South’. Our goal in this module is indeed visual, archival and cartographical, as we travel across novels, maps, photographs and other materials to register coordinates on coastlines and seascapes. The texts also take us into the heart of the country, e.g., to the interior landscapes of Namaqualand, the Karoo, Flinders Ranges, Pulicat Lake, Yala National Park, and the botanical gardens of Kandy, Kirstenbosch and Kew. Examining the legacies of the ‘networks of empire’ that bring many of these sites and texts together historically and geographically, the module is excellent preparation for further interdisciplinary research on South-South mobilities, and asks questions about colonial legacies, ideas of ownership, belonging, cultural identity, and migration. The current variation of this module, first launched at SOAS in 2014, is inspired by a series of events: the travelling exhibition, Scenes from the South that I curated in collaboration with universities and museums (2020; 2022; 2024); the public programme, ‘Speaking from the South’ at the University of Adelaide in 2024 that was inspired by this work; the Cátedra Coetzee Literatures of the South programme from 2015-2018 at UNSAM in Argentina, led by Nobel Prizewinner J. M. Coetzee; and the crucial forerunner of my more recent research, a 1992 University of London conference, ‘Southern Spaces’, from which the module takes its name.",No,To be capped at 15
79,Trimester 3/6/9/12 & PhD 6/9,LAA,LITT,LITT490,Capstone Thesis Project,OK,NO,No,No,YES,No,No,,Elective,8,TBD,None,None,,
80,Trimester 3/6/9/12 & PhD 6/9,LAA,LITT,LITT491,Independent Research Study,OK,NO,No,No,YES,No,No,,Elective,4,TBD,None,None,,
81,Trimester 3/6/9/12 & PhD 6/9,SCI,BIOS,BIOS227|ENVS227|PSYC227,Biostatistics,OK,NO,YES,YES,YES,NO,NO,NO,Required|Elective|Elective,4,Guha Dharmarajan,"KCCS121, KCCS124","This course will equip students broadly interested in the biological sciences and allied disciplines to develop fundamental skills for managing, exploring and analysing data, and interpreting and communicating findings. The course provides a hands-on learning experience using data from multiple fields of study to master basic statistical tools widely used in the discipline and become familiar with the range of advanced quantitative tools to inform avenues for further specialization. In addition to imparting skills to quantify single variables and relationships between multiple variables, the course will use real-world datasets to help students learn how to deal with noisy data, uncertainty of findings and ethical concerns that are common to the discipline",None,
82,Trimester 3/6/9/12 & PhD 6/9,SCI,BIOS,BIOS221,Genetics,OK,NO,YES,YES,YES,NO,NO,NO,Required,4,Masum Saini,BIOS201,"From classical to molecular genetics, this course seeks to provide a close understanding of the processes involved in heredity, and begins with the fundamental principles of inheritance as determined by Mendel. In this context, we study the chemical nature, physico-chemical structure, and replication and recombination of DNA. The histone code and epigenetic methods of inheritance will be considered, as will the translation of genetic information into regulatory RNA or structural or functional protein. The elucidation of the genetic code and the mechanism and regulation of gene action, such as in the operon model are investigated alongside processes of extrachromosomal inheritance.",None,
83,Trimester 3/6/9/12 & PhD 6/9,SCI,BIOS,BIOS228,Genetics and Cell Biology Lab,OK,NO,YES,YES,YES,No,NO,NO,Required,2,VF,BIOS207,"The course will bring together various topics in Genetics and Advanced Cell Biology. The portion on genetics will include procedures and experiments using the fruit-fly Drosophila melanogaster as the model organism, for instance the observation of wild type and mutant characteristics using the compound and stereo microscopes, the culture of Drosophila, the longitudinal observation of their life-cycles, the proper and meticulous use of a lab notebook/ journal, computational exercises in phylogeny, and, time permitting, recombinant DNA techniques. The Advanced Cell Biology course will include procedures for nucleic acid analysis including nucleic acid extraction, chromatography, and quantitative PCR, and for protein analysis by chromatography.",None,
84,Trimester 3/6/9/12 & PhD 6/9,SCI,BIOS,BIOS226,Form and Function,OK,NO,YES,YES,YES,NO,NO,NO,Required,4,Shyam Sudhakar,BIOS201,"In this course, we examine biological systems through the lenses of anatomy (structure) and physiology (function), that make life possible across scales of complexity - from the simplest forms to the most intricate. Through this approach, all courses that we have encountered so far will be considered in establishing how we can begin to comprehend what life, in a biological sense, means. Apart from such familiar systems as encountered in school (the digestive, respiratory, circulatory, excretory, nervous and reproductive, for instance), we explore concepts like homoeostasis and thermoregulation",None,
85,Trimester 3/6/9/12 & PhD 6/9,SCI,BIOS,BIOS232,Ways of Knowing: Methods and Communication,OK,NO,NO,YES,YES,NO,NO,NO,Elective,4,Shivani Jadeja,"KCCS101, KCCS121, BIOS201","This offering, the other of a two-part course, will use a seminar-style format to expose students to literature in the biological sciences to serve three important and interconnected purposes. The selected pieces of work will expose students to forms of inquiry used in the biological sciences to produce new knowledge and to advance the discipline. Students will also learn multiple types of communication in the discipline. Finally, students will learn to assess critically the work and findings reported in the primary literature. The course will bridge the gap between simplified concepts in standard biology textbooks and the rigour, complexity and uncertainty of findings in the primary literature, including, among others, journals and theses.
",BIOS490,Students need to successfully complete it in their 3rd year to be eligible for a capstone project in their 4th year.
86,Trimester 3/6/9/12 & PhD 6/9,SCI,BIOS,BIOS409|ENVS409,Global Change Biology,OK,NO,NO,YES,YES,YES,YES,YES,Elective|Elective,4,Guha Dharmarajan,"KCCS124, BIOS241|ENVS231","We are living in what many consider to be a unique period of time in the history of planet Earth, the Anthropocene era, wherein humans are modifying Earth’s environment through myriad pathways, including the burning of fossil fuels, overexploitation of natural resources and large-scale changes in patterns of land-use. These changes have major consequences for ecological systems at multiple levels of biological organization from the individual and population to the community and ecosystem. This course will not only focus on the mechanisms through which humans are altering the air, water and land of planet Earth, but also to apply concepts from ecological and evolutionary biology theory to understand how these changes are likely to impact life on Earth. Students will learn to critically evaluate the primary scientific literature related to the field of global change biology, and also to address specific questions through the graphical and/or statistical analyses of real-world data. The course will pay particular attention to the most critical crises associated with anthropogenic global change, and also on how these changes can impact health and well-being of humans through various mechanisms ranging from reduced access to ecosystem services (e.g., clean air and water) to the increased risk of emergence of novel diseases (e.g., COVID-19).",None,
87,Trimester 3/6/9/12 & PhD 6/9,SCI,BIOS,BIOS432|CHEM432,Protein Folding and Dynamics,OK,NO,NO,YES,YES,YES,YES,YES,Elective|Elective,4,Kalyan Chakrabarti,None,"This is a seminar course where we will discuss and analyze research papers, and solve problems as assignments, and there will be presentations of the papers.  
Proteins are fascinating molecular machines that carry out every function inside the cells whose properties are so useful that we employ them as therapeutic agents, catalysts, and materials. Many diseases stem from protein mutations impairing their folding, structure, or activity. This course will discuss the physical chemistry of protein molecules. This course is for students of Biological Sciences who are comfortable with mathematics. This is also a course for chemistry and physics students who want to think about proteins. 
",None,
88,Trimester 3/6/9/12 & PhD 6/9,SCI,BIOS,BIOS347|PSYC347,Quantified self,Approved by CC,NO,NO,YES,YES,YES,YES,YES,Elective,4,"Lakshman Lakshman, Varun Viswanathan",None,"This course examines the psychological, biological, biomedical, and sociotechnical dimensions of self-tracking practices in contemporary digital life. With a central focus on the biological and cognitive mechanisms underlying self-regulation, feedback, and sense-making, the course explores how digital technologies enable a prospective approach to health management, and how they mediate and reshape attention, decision-making, memory, emotion, and embodied experience; the course also  Drawing on perspectives from biology, cognitive neuroscience, behavioral psychology, and cultural theory, students will critically engage with topics such as neurofeedback, affective computing, persuasive design, and the cognitive labor of managing personal data. The course also addresses broader social and ethical implications, including surveillance, inequality, and the politics of measurement. Through interdisciplinary readings and experiential assignments, students will investigate how cognitive processes are both reflected in and transformed by the quantified self.",None,
89,Trimester 3/6/9/12 & PhD 6/9,SCI,BIOS,BIOS306|CHEM305|PHYS335,Molecular Biophysics,OK,NO,NO,YES,YES,YES,YES,YES,Elective|Elective|Elective,4,Kalyan Chakrabarti,None,"This course introduces the physical chemistry of biological systems. The topics include an introduction to the basics of statistical mechanics to understand the connections between macroscopic thermodynamic properties and microscopic molecular properties, chemical potentials, equilibrium states, binding cooperativity, behaviour of macromolecules in solution and at the interfaces, and solvation. We will
discuss protein structure, genomic analysis, single-molecule biomechanics, and biomaterials. To foster a deeper appreciation of the empirical aspects of the discipline, we will discuss Nuclear Magnetic Resonance measurements and provide practical demonstrations using the NMR spectrometer at Krea University. We will also discuss the recent developments in the use of Artificial Intelligence in
solving really hard Biophysics problems of understanding protein structure and dynamics. We will implement the computation of protein structure for practical sessions.",None,
90,Trimester 3/6/9/12 & PhD 6/9,SCI,BIOS,BIOS332,Misconduct in Science Research,Approved by CC,NO,NO,YES,YES,NO,NO,NO,Elective,2,Arindham,None,"This course explores the darker side of scientific research — the deliberate falsification, fabrication, and plagiarism that have led to the retraction of biomedical research papers. Through a series of case studies, students will investigate how misconduct was detected, how it propagated through the literature, the consequences for the individuals and institutions involved, and the broader implications for scientific credibility. The course also examines systemic pressures that foster misconduct and the evolving safeguards implemented by journals, funding agencies, and institutions.",None,
91,Trimester 3/6/9/12 & PhD 6/9,SCI,BIOS,BIOS121,Bio-X: The Interconnectedness of Life,Approved by CC,YES,NO,NO,NO,NO,NO,NO,Elective,2,"Guha Dharmarajan , Gautam Banerjee , Kalyan Chakrabarti , Lakshman Varanasi , Shivani Jadeja , Shyam Kumar Sudhakar , Sivakumar Srinivasan , Vaishali Sharma , Yadugiri Tiruvaimozhi ",None,"Welcome to an exhilarating journey through modern biology—a discipline that sits at the intersection of every major field of human inquiry. This course will take you on a dynamic exploration of life's interconnectedness and the innovative ways we study it. Beginning with life's origins and evolutionary foundations, we'll traverse scales from molecules to ecosystems, discovering how biology interfaces with various fields ranging from physics and chemistry to psychology and data science. Each module showcases cutting-edge research and real-world applications, such as CRISPR gene editing, AI-powered drug design and pandemic preparedness. Focusing on interdisciplinary thinking, through this course you will see how physics has helped decode photosynthesis at quantum scales, how machine learning revolutionizes protein structure prediction, and how systems biology integrates vast datasets to understand complex diseases. A hands-on laboratory tour midway through the course brings these concepts to life, while modules on global change biology and epidemiology demonstrate biology's critical role in addressing humanity's most pressing challenges. The course culminates in collaborative presentations where you'll envision ""Biology X""—the next frontier of biological discovery that excites you most.
Whether you're considering biology as a major, exploring it as a complement to another discipline, or simply curious about how life works, this course reveals the extraordinary career possibilities at biology's rapidly expanding frontiers. From biotechnology startups to conservation initiatives, from computational biology to public health—the skills and perspectives you'll gain in biology are increasingly valuable across sectors.
",None,
92,Trimester 3/6/9/12 & PhD 6/9,SCI,BIOS,BIOS391,Independent Study/Directed Readings,OK,NO,NO,YES,NO,TBD,TBD,TBD,Elective,4,Various faculty,None,None,No,As per instructor's premission
93,Trimester 3/6/9/12 & PhD 6/9,SCI,BIOS,BIOS491,Independent Research Study,OK,NO,NO,NO,YES,TBD,TBD,TBD,Elective,4,Various faculty,None,None,No,As per instructor's premission
94,Trimester 3/6/9/12 & PhD 6/9,SCI,BIOS,BIOS490,Capstone Thesis Project,OK,NO,NO,NO,YES,TBD,TBD,TBD,Elective,4,Various faculty,BIOS232,None,No,
95,Trimester 3/6/9/12 & PhD 6/9,SCI,CHEM,CHEM213|BIOS213,General Chemistry,OK,YES,YES,YES,YES,NO,NO,NO,Elective|Elective,4,Surajit Kayal,None,"The course will introduce the students to the basic concepts of chemistry accompanied by experimental demonstrations in class. This course is aimed at providing the necessary fundamental knowledge and methodology for the further study of chemistry and biology. Emphasis will be placed more towards understanding the concepts rather than just going through the various theories.
",None,
96,Trimester 3/6/9/12 & PhD 6/9,SCI,CHEM,CHEM216,Analytical Chemistry & Spectroscopy,OK,NO,YES,YES,YES,NO,NO,NO,Required,4,K Vishwanath,None,"Spectroscopic techniques play a very important role in science and technology. It is important to understand these methods to know their advantages, applicability and limitations.  Spectroscopy plays a pivotal role in our understanding of matter, energy and their interaction; in addition, it also plays a very important role in materials characterization. A few non-spectroscopic methods will also be discussed in this course. This course will cover the principles and application of the various experimental methods and basic instrumentation.",CHEM433,
97,Trimester 3/6/9/12 & PhD 6/9,SCI,CHEM,CHEM207,General Chemistry Lab,OK,NO,YES,YES,YES,NO,NO,NO,Required,2,Debajit Maiti,None," The students will develop proficiency in using various laboratory
equipment and techniques that are required for chemistry students. Student’s will perform various types of experiments (acid-base titration, redox titration, complexometric experiment, basic spectroscopic experiment)
",None,
98,Trimester 3/6/9/12 & PhD 6/9,SCI,CHEM,CHEM241,Physical Organic Chemistry,Approved by CC,NO,YES,YES,YES,NO,NO,NO,Elective,4,K Vishwanath,None,"A detailed study of how organic reactions occur, emphasizing structure–reactivity relationships, energy profiles, acidity/basicity, isotope effects, catalysis, and the role of electronic, steric, and solvent effects in determining reaction pathways.",None,
99,Trimester 3/6/9/12 & PhD 6/9,SCI,CHEM,CHEM219,Coordination and Bio-inorganic Chemistry,OK,NO,NO,YES,YES,NO,NO,NO,Required,4,Raghu Vamsy Maligal,CHEM217,"Coordination Chemistry is the study of the transition metals vis-à-vis their periodic properties, the compounds they form and their chemical reactivity. This course will also serve as an introduction to Bio-inorganic Chemistry",CHEM431,
100,Trimester 3/6/9/12 & PhD 6/9,SCI,CHEM,CHEM319,Organic Chemistry Lab,OK,NO,NO,YES,YES,NO,NO,NO,Required,2,Debajit Maiti,CHEM206,"This course acquaints students with all basic organic laboratory procedures, presented in three major parts: (1) Techniques in organic chemistry laboratory, (2) Single-step organic synthesis, and (3) Organic qualitative analysis. 
The techniques section acquaints the students with standard techniques such as recrystallization, extraction, distillation, thin-layer chromatography, and column chromatography. Also, the techniques section has a relatively simple illustrative experiment with each. The synthesis section involves experiments related to simple reactions such as nitration, halogenation, esterification, etc. The Organic Qualitative Analysis section involves the characterization and/or identification of various organic compounds. In this section, students study and perform the characteristic chemical reactions of organic functional groups
",CHEM413,
101,Trimester 3/6/9/12 & PhD 6/9,SCI,CHEM,CHEM316,Spectroscopic characterization of molecules,OK,NO,NO,YES,YES,NO,NO,NO,Elective,4,Surajit Kayal,None,"Spectroscopic characterization of molecules and materials. This course builds upon the fundamentals the student learned in CHEM216 and provides practical usage of key spectroscopic tools to identify various materials. Following a brief recap of the key principles covered in CHEM216, the course will extensively cover the use of infrared spectroscopy, mass spectrometry, nuclear magnetic spectroscopy, and ultraviolet spectroscopy for the structural elucidation of various materials. ",None,
102,Trimester 3/6/9/12 & PhD 6/9,SCI,CHEM,CHEM321,Cheminformatics,OK,NO,NO,YES,YES,NO,NO,NO,Elective,4,Sudip Roy,None,"The Cheminformatics course aims to provide students with a comprehensive understanding of the principles, techniques, and applications of cheminformatics in drug discovery, materials science, and other related fields. Students will learn how to apply computational and informatics methods to solve chemical problems, analyze large-scale chemical data, and design new molecules with desired properties.
This course is designed for students who would like to pursue their careers in industrial research (pharma, chemical, and materials) and higher studies in the future. Therefore the course has a few hours of hands on. The biology, chemistry, and computer science students will significantly benefit from this course as it will complement their knowledge of the informatics of chemicals.     
",None,
103,Trimester 3/6/9/12 & PhD 6/9,SCI,CHEM,CHEM434,Programming and Computational Chemistry Lab,OK,NO,NO,NO,YES,NO,NO,NO,Required,2,Sudip Roy,None,"This laboratory course introduces students to programming and computational tools used to study chemical systems. Using sofwtares like Gromacs and gaussian and standard computational chemistry packages, students learn to perform molecular modeling, visualize structures, analyze simulation data, and interpret computational results.",None,
104,Trimester 3/6/9/12 & PhD 6/9,SCI,CHEM,CHEM431,Advanced Inorganic Chemistry,OK,NO,NO,NO,YES,NO,NO,NO,Elective,4,Raghu Vamsy Maligal,CHEM219,"A deeper examination of modern inorganic chemistry, covering ligand field theory, reaction mechanisms of coordination complexes, metal–ligand bonding, organometallic catalysis, and the electronic structure of transition-metal compounds. Students analyze how electronic and geometric factors govern stability and reactivity.",None,
105,Trimester 3/6/9/12 & PhD 6/9,SCI,COMP,COMP217,Systems Programming,OK,NO,YES,YES,YES,NO,NO,NO,Required,4,Abuthahir Abdulrahuman,COMP205,"This course provides a comprehensive exploration of systems through systems programming in C, delving into the intricate workings of processors, memory subsystems, and program execution. We will examine the process of compiling C programs into machine-level instructions, gaining insights into compiler mechanics and code optimization techniques. Throughout the journey, students will acquire invaluable skills for developing secure, reliable programs that leverage computing resources effectively.",Software Design Practical and Principles of Computer Systems,
106,Trimester 3/6/9/12 & PhD 6/9,SCI,COMP,COMP210,Design and Analysis of Algorithms,OK,NO,YES,YES,YES,NO,NO,NO,Required,4,Meesum Syed,COMP205,"Algorithms are unambiguous instructions for solving problems. From a utilitarian perspective, efficient use of computer machinery is both desirable and necessary. One of the key concerns regarding efficiency in computing is the time taken by a computing machine to run an algorithm. This course introduces some general principles and guidelines which enable designing faster algorithms for a wide range of computational problems.
 
 Learning Outcomes include:
 Learn to distinguish slow algorithms from faster ones by quantifying the amount of time taken by an algorithm to solve a problem through asymptotic analysis.
 A view of the general
 paradigms used for solving a problem, and an 
 overview of basic complexity classes.
 Prove the correctness of an algorithm, and do a runtime analysis.
 Ability to abstract computational tasks, and applying algorithmic techniques towards problem solving.",Software Design Practical and Introduction to Machine Learning,
107,Trimester 3/6/9/12 & PhD 6/9,SCI,COMP,COMP308,Principles of Programming Languages,OK,NO,NO,YES,YES,NO,NO,NO,Required,4,Srikumar Subramanian,COMP217,"Principles of Programming Languages is a deep dive into analytical foundations of programming languages, their design, and implementation. These foundations have proved to be of enduring importance, and hold the key to understanding future developments in programming languages. These foundations are centered around the semantics of program elements, which reflect how program elements are interpreted as a program is executed. This course will use interpretation of programs as the approach to learn these principles - a “mental model” - of programming languages. It will draw on the PLAI (“Programming Languages: Application and Interpretation”) body of material and will be taught using Racket, a dialect of Scheme. In this course, “language” does not refer to “surface structure”, also known as “syntax”, but will focus on the “semantics” or meaning of programs","Principles of Programming I and Principles of Programming II. Functional programming course will be a plus, but is not strictly required",
108,Trimester 3/6/9/12 & PhD 6/9,SCI,COMP,COMP321,Models of Computation,OK,NO,NO,YES,YES,NO,NO,NO,Required,4,Inzemamul Haque,"COMP201, MATH191|COMP191","It is imperative for any graduate of computer science to understand the formal definition of computation, and the possibilities and limits of computing. Moreover, any distinction between decidability and undecidability needs a good mathematical model of computers and computation. This course introduces the powerful idea of mathematical models to analyse computation, and the nature of the relationship between formal languages, logic and machines. This course introduces the classical mathematical models used to analyse computation, including finite state automata, grammars, and Turing Machines.",Theory and Systems Electives,
109,Trimester 3/6/9/12 & PhD 6/9,SCI,COMP,COMP433,High Performance Computing,OK,NO,NO,YES,YES,NO,NO,NO,Elective,4,Chiranjib Sur,COMP312,This course introduces students to the concept of high performance computing (HPC). Students will be taught the fundamentals of HPC and the techniques to solve numerical/programming problems where performance is critical.,No,
110,Trimester 3/6/9/12 & PhD 6/9,SCI,COMP,COMP335,Algorithms for Social Choice,Approved by CC,NO,NO,YES,YES,NO,NO,NO,Elective,4,Abhishek De,None,"Social choice theory is the study of aggregating individual preferences. One of the
 immediate applications is voting: how to aggregate each individual’s choice into a
 collective choice. In the recently concluded New York City mayoral elections, voters ranked the
 candidates. On the other hand, in the upcoming Bihar elections, voters will choose
 their favourite candidate. Which system is fairer? Social choice, however, is not just restricted to voting but to welfare economics in general where the state has to distribute welfare in a way that maximises public satisfaction. In this course, we will look at social choice from a computation lens. We will contemplate on the consequences of theoretical results and provide
 computational safeguards to manipulation tactics like bribery.",No,
111,Trimester 3/6/9/12 & PhD 6/9,SCI,COMP,COMP336|PHYS336,Quantum Programming,Approved by CC,NO,NO,YES,YES,YES,YES,YES,Elective,4,Mithilesh Kumar,COMP360,"This course provides comprehensive knowledge of implementing quantum
 algorithms using Qiskit. Qiskit has been an integral part of practical quantum
 computing. A key component of the course is implementing known quantum
 algorithms in using IBM Qiskit, understanding various challenges due to the effect of
 noise and methods to mitigate them.",No,
112,Trimester 3/6/9/12 & PhD 6/9,SCI,COMP,COMP347,Introduction to Natural Language Processing,OK,NO,NO,YES,YES,NO,NO,NO,Elective,4,Meesum Syed,COMP313,"This course provides a hands-on introduction to Natural Language Processing (NLP), blending practical applications with core theoretical concepts. It covers essential lexical and semantic operations such as text normalization and word embeddings, along with standard metrics for measuring content similarity, text classification techniques, and methods for modeling context and meaning in language data. The course concludes with an accessible introduction to the practice and theory of Transformers and Large Language Models (LLMs).
 Throughout, the focus will be on implementing the concepts discussed in class. Students will work with leading NLP libraries including SpaCy, NLTK, and Scikit-learn. By the end of the course, they will have gained both practical skills and a solid theoretical foundation, preparing them for advanced study or professional roles in NLP.",No,DC requested to change the course level to 300 level.
113,Trimester 3/6/9/12 & PhD 6/9,SCI,COMP,COMP246,Introduction to Deep Learning,OK,NO,NO,YES,YES,NO,NO,NO,Elective,4,Ravi Prakash Iyer,COMP313,"This beginner-level deep learning course is
 designed for 3rd- and 4th-year students and can also serve as a fresh
 introduction to modern machine learning. It provides a thorough
 foundation in core concepts by beginning with classical methods such as
 regression and classification, and then building naturally towards shallow
 and deep neural networks.
 The course begins with regression through a simple curve-fitting
 example, introducing key ideas such as error functions, regularization,
 and the bias–variance trade-off. Regression and classification are then
 presented as single-layer networks, highlighting linear models,
 discriminant functions, and generative vs. discriminative classifiers.
 
 These methods motivate the shift from fixed basis functions to learning
 representations directly from data, naturally leading to neural networks.
 Students are then introduced to deep neural networks, with a focus on
 gradient descent, backpropagation, and regularization. The course
 concludes with an introduction to Convolutional Neural Networks (CNNs)
 and their practical applications",For further Deep Learning based electives,New Course
114,Trimester 3/6/9/12 & PhD 6/9,SCI,DATA,DATA205(2),Data Structures and Algorithms,OK,No,Yes,Yes,Yes,NO,NO,NO,Required,4,Mullai Thiagu,DATA201,"This course will provide a rigorous introduction to elementary data structures and their
 analysis and applications to various computational problems in computer science. In addition, this course
 will introduce students to key algorithmic techniques for design and analysis of data structures for various
 problems that arise in the field of computer science. The course provides a broad overview of fundamental
 concepts involved in the design of algorithms and their complexity analysis.","DATA302, DATA206",
115,Trimester 3/6/9/12 & PhD 6/9,SCI,DATA,DATA233(2),Introduction to Calculus,OK,No,Yes,Yes,Yes,NO,NO,NO,Required,4,Naveen Prabhakar,None,"This course provides an overview of the following topics: Calculus (Limits, Continuity, Basic
 Overview of Differential and Integral Calculus with Applications that involve modelling, and Differential
 Equations). Multivariable Calculus: Derivatives, partial derivatives, differentiation with respect to a vector;
 gradient, Hessian, Jacobian. Taylor&#39;s theorem in 1 and n dimensions, with Lagrange remainder.
 Optimization in 1 and n dimensions, classification of stationary points. Constrained optimization and the
 method of Lagrange multipliers.",NO,
116,Trimester 3/6/9/12 & PhD 6/9,SCI,DATA,DATA201(2),Python for Data Science,OK,Yes,Yes,Yes,Yes,NO,NO,NO,Required,4,Shyam Sudhakar,None,"This course will introduce the students to (i) Elements of Programming (variables,
 assignments, built-in data types, conditionals, loops, arrays, input-output processing; (ii) Functions and
 Modules; (iii) Object-Oriented programming; and (iv) basic algorithms and data structures (data frames,
 dictionary, list, tuples, etc) for sorting and searching. This course will also introduce the students to a
 collection of open-source tools that are required to analyse data and solve data science problems including
 pandas, NumPy, and matplotlib, and seaborn.","DATA202, DATA205",
117,Trimester 3/6/9/12 & PhD 6/9,SCI,DATA,DATA303,Deep Learning (DATA),New course,No,No,Yes,Yes,NO,NO,NO,Required,4,Ravi prakash Iyer,"DATA302, DATA205","The course essentially is a hands-on introduction to various types of neural networks used in  machine learning and decision trees. Topics include Decision Trees, Bagging Random Forests and Boosting,  Introduction to Basic Neural Networks, Activation Functions, Deep Neural Networks (Convolutional Neural  Networks (CNN), Recurrent Neural Networks (LSTM), Autoencoders, Generative Adversarial Networks  (GAN), and transformer architectures with applications to problems in Image Processing and Computer  Vision. This course will also introduce Python tools and libraries including scikit-learn, Keras, TensorFlow,  and PyTorch.",COMP332,
118,Trimester 3/6/9/12 & PhD 6/9,SCI,DATA,DATA242,Natural Language Processing (DATA),Approved by CC,No,No,Yes,Yes,No,No,No,Elective,4,Srinivas Padmanabhuni,DATA302,"This course provides a comprehensive introduction to Natural Language Processing
 (NLP), covering foundational concepts, classical machine learning techniques, and
 modern deep learning architectures. Students will learn practical methods for text
 preprocessing, feature extraction, and building NLP models for applications like text
 classification, translation, and summarization. The course also explores real-world
 applications of NLP in domains such as finance, cybersecurity, and healthcare,
 equipping learners with skills to implement and evaluate advanced NLP systems",No,
119,Trimester 3/6/9/12 & PhD 6/9,SCI,DATA,DATA234|ECON234,Financial Analytics,OK,No,Yes,Yes,Yes,NO,NO,NO,Elective|Elective,2,"Balasubramanian Gopalswamy, Srinivasan Kalyanasundaram and Somasundaram",None,"The Financial Analytics course is designed to provide students with the analytical skills and techniques necessary to navigate the complex world of financial markets, investment strategies, and corporate finance. The course focuses on integrating quantitative methods and data-driven insights into financial decision-making processes. Through a combination of financial theory, modelling techniques, and hands-on analytical applications, students will develop a strong foundation in financial modelling, portfolio optimization, risk analysis, derivatives trading, and technical analysis. The course will enable students to use descriptive analytics to summarize financial data, prescriptive analytics to optimize investment strategies, and predictive analytics to forecast market trends and price movements.",No,
120,Trimester 3/6/9/12 & PhD 6/9,SCI,DATA,DATA244,Fundamentals of Applied Cryptography,Approved by CC,No,Yes,Yes,Yes,NO,NO,NO,Elective,4,Rakesh Nigam,None,"Cryptography is the science of designing encryption and decryption algorithms for
 providing secure communication between parties over an insecure channel. In the
 present age, cryptography has gained importance and is widely used in many
 disciplines.
 This is a first course in cryptography, with a focus on the algorithmic foundations of
 real-world cryptosystems, aiming to strike a balance between theory and application.
 In this class, we will cover the basic mathematics necessary to better understand
 various cryptographic protocols, algorithms, and attacks. This will provide a solid
 understanding of the practical issues involved in applying cryptographic techniques
 to design secure systems.",No,"Prerequisites: Basic programming and mathematical maturity. The course is self-contained,
 covering all mathematical concepts from scratch."
121,Trimester 3/6/9/12 & PhD 6/9,SCI,DATA,DATA241|COMP241,Introduction to Computer Vision (DATA),Approved by CC,No,No,Yes,Yes,No,No,No,Elective,4,Shankar Subramanian,"DATA239,DATA201","How does your phone straighten a photograph of a document? How do panorama apps stitch
 multiple images seamlessly? How do self-driving cars understand depth from stereo cameras? This
 course bridges the mathematical foundations from Geometry for Computer Vision I to real-world
 computer vision applications.
 Building on your solid understanding of projective geometry from Course I, you&#39;ll learn how cameras
 capture 3D scenes as 2D images and how to reverse this process computationally. Through hands-on
 programming projects, you&#39;ll implement the algorithms behind everyday vision applications—from
 document scanning to 3D reconstruction from photos.
 The course balances mathematical understanding with practical implementation. You&#39;ll derive key
 algorithms to understand the mathematics, then implement them in Python to see how they work
 on real data. A substantial optimization primer ensures you understand the mathematical
 foundations underlying computer vision algorithms—what is a cost function, how gradient descent
 works, why RANSAC handles outliers.
 
 No advanced mathematics required—just the geometry from DATA239/COMP239, linear algebra,
 basic calculus, and willingness to learn Python. Through weekly programming assignments, you&#39;ll
 build proficiency so that by course end, you&#39;ll have implemented core algorithms from scratch and
 built a substantial team project suitable for your portfolio.
 This course sets the foundation for understanding both classical geometric computer vision and
 modern learning-based approaches. Whether you&#39;re interested in AI, robotics, AR/VR, or just want
 to understand the technology you use daily, this course offers a unique blend of rigorous
 mathematics and hands-on application.",No,
122,Trimester 3/6/9/12 & PhD 6/9,SCI,DATA,DATA243,Multivariate Analysis,Approved by CC,No,Yes,Yes,Yes,No,No,No,Elective,4,Brijesh Kumar Jha,"DATA204,DATA208, DATA233","The course will present the concepts and methods of muItivariate analysis to the readers who have read at least one statistics course. The applications of multivariate methods is emphasized. The concepts of matrix algebra are very important. Matrices simplify the presentation of muItivariate techniques. Normal distribution and Regression models are discussed in the multivariate setup. Further, we introduce key concepts like principal component analysis, factor analysis, discriminant analysis and cluster analysis etc., which are quite relevant for data science.",No,
123,Trimester 3/6/9/12 & PhD 6/9,SCI,DATA,DATA232,Introduction to C Programming,OK,No,Yes,Yes,Yes,No,No,No,Elective,2,Avishek Majumdar,None,"This course offers a comprehensive introduction to C programming, focusing on developing problem-solving skills and a strong understanding of foundational programming concepts. Students will learn to learn to work on different data structures and write structured, efficient, and modular programs using control structures, functions.",No,
124,Trimester 3/6/9/12 & PhD 6/9,SCI,ENVS,ENVS250|PHIL211,Environment and Ethics,OK,No,Yes,Yes,Yes,NO,NO,NO,Required|Required,4,Abhayraj Naik,None,"The question of ethics is at the core of our relationship with the environment. Do humans as moral agents have a moral obligation towards other living beings and environmental components? Do our moral obligations change knowing that the environment is the only moral subject? How do we define value? Are all values defined solely by reference to ourselves or our kind, or is there a realm of value that extends beyond the human domain? This course illustrates the history of nature-human relationship and the moral and ethical debates that emerge owing to the present dismal state of this relationship. Students learn about various ethical schools that are in place and further gain an in-depth understanding of the necessary ethical debates by comparing and contrasting these ethical viewpoints. After giving exposure to the theoretical underpinnings of environmental ethics, the second half of the course delves into the practice of ethics by charting out the trajectory of the growth of major environmental movements and the major treaties at the global scale. It will delve into present debates concerning resource conflicts, developmental goals, and societal values to locate the role of ethics in the human-environment relationship. With the advent of the discourses on climate change, the ethical response to the environment became an even more conflicted issue. This course ends with addressing the dilemma of the individuals’ vs. institutions' responsibility and the larger effectiveness of ethical actions.",No,None
125,Trimester 3/6/9/12 & PhD 6/9,SCI,ENVS,ENVS216|HIST219,Environmental History ,OK,No,Yes,Yes,Yes,NO,NO,NO,Required|Elective,4,Venugopal Maddipati,None,"This course introduces various themes in environmental history, taking as its point of departure the beginnings of the formalised movement of the field in Great Britain and the United States of America, and then forging its way across various parts of our globe in what will be in equal parts survey and case study, though with an eye on the Indian subcontinent. Particular attention will be paid to the effects of environmental thinking in the colonial world as well as to contemporary issues, in particular, climate change and conservation. The themes of the course will be suitable to an introductory level approach to the subject such that students will be in a position to make intelligent and thoughtful contributions to a greater environmental consciousness through the work they may undertake in time to come. To this end, projects will be designed using course and supplemental material and with an emphasis on work conducted outside the classroom to be discussed and portrayed within it as final output.",No,None
126,Trimester 3/6/9/12 & PhD 6/9,SCI,ENVS,ENVS327|BIOS327,Introduction to GIS,OK,No,Yes,Yes,Yes,NO,NO,NO,Elective,4,Shimna Kannoth,None,"Geographic Information System (GIS) is widely used across sectors for data analysis and
visualization. The GIS software equips the user to understand and analyse complex issues at spatial and temporal scales. This course intends to expose students to the basics of GIS with hands-on training so that students can use these acquired skills in their respective areas of interest.",No,None
127,Trimester 3/6/9/12 & PhD 6/9,SCI,ENVS,ENVS346,Introduction to Environmental Toxicology,Approved by CC,No,Yes,Yes,Yes,NO,NO,NO,Elective,4,Sathvika Talasila,None,"This course provides a necessary foundation in environmental toxicology, emphasizing
how chemical, physical, and biological agents adversely affect living organisms and
ecosystems. It explores the sources, occurrence, fate, transport, bioaccumulation,
toxicokinetics, and toxic effects of pollutants in air, water, soil, and food systems.
 Students will analyze how environmental changes and pollution contribute to human and
ecological health risks, while developing an understanding of toxicokinetic processes
(absorption, distribution, metabolism, and excretion) and factors influencing toxicity.
 Through case studies such as the Bhopal gas tragedy, oil spills, and e-waste
contamination, the course connects theory to global environmental health issues. It
concludes with the principles and applications of Environmental Health Risk Assessment,
enabling students to evaluate exposure, hazard, and risk characterization within
environmental contexts.",No,None
128,Trimester 3/6/9/12 & PhD 6/9,SCI,ENVS,ENVS328,Environmental Impact Assessment Laboratory,OK,No,Yes,Yes,Yes,NO,NO,NO,Elective,2,Sathvika Talasila,None,"Environmental Impact Assessment (EIA) is an essential tool used to assess the potential impacts of human activities on the environment, including natural habitats and human health. As human populations continue to grow and expand, and natural resources become increasingly scarce, it is critical that we evaluate the environmental impact of our actions to ensure the sustainability of the planet for future generations.

EIAs provide a comprehensive framework for identifying and analyzing potential environmental impacts of proposed activities, such as land use changes, industrial processes, and infrastructure development. By conducting an EIA, we can identify potential impacts and take necessary measures to minimize or mitigate negative impacts, such as air and water pollution, soil erosion, habitat destruction, and loss of biodiversity. In addition, EIAs can also help identify potential risks to human health, such as exposure to hazardous chemicals, pollution, and infectious diseases.

The Environmental Impact Assessment Laboratory Course is designed to provide students with hands-on experience in conducting environmental impact assessments. The course will cover a broad range of topics, including the principles of chemistry, and biology that are relevant to environmental impact assessments. The course will be entirely composed of laboratory experiments that will teach the principles and techniques involved in environmental impact assessments.",No,Prerequisites: High school science or General chemistry
129,Trimester 3/6/9/12 & PhD 6/9,SCI,ENVS,ENVS302,Alternative Energy on a Finite Planet,OK,No,No,Yes,Yes,Yes,Yes,Yes,Elective,4,Chirag Dhara,None,"Transition to carbon-free electricity is central to addressing climate change. These are generally solar, wind, hydro and nuclear – often termed ‘renewables’, ‘green’ or ‘sustainable’. The use of such terms conceals the substantial limitations and impacts of these alternative sources of energy. Energy extraction by solar panels and wind turbines (i.e. their efficiency) are inexorably limited by fundamental physics. Their power densities are substantially lower than those of fossil fuel power plants, and therefore require correspondingly larger land areas for installation relative to a fossil fuel plant of equivalent output. Unless the installation is on degraded land, they can cause serious disruption to wildlife habitats and agricultural lands. We have already witnessed the deleterious impacts of large hydro projects in parts of the country, and those of nuclear energy in other parts of the world. The raw materials that alternative energy installations are composed of and constructed from – metal ores, plastics, minerals – are in finite supply. Many are concentrated in certain parts of the world (e.g. Lithium in Chile, Nickel in Indonesia), therefore subject to the vicissitudes of geopolitics (and pandemics). Large solar and wind power farms also substantially affect the microclimate of their installation sites causing local warming. It is also unclear how the vast – and exponentially rising – quantities of spent solar panels and wind turbines that will emerge within the decade can be effectively recycled. The intermittency problems of solar and wind power are well known, and therefore the need for battery technology – with its own land, water, material and chemical footprints. What does all this mean for India’s ambitious alternative energy programme of 500 GW of non-fossil energy by 2030? What will it affect carbon emissions, air pollution, wildlife, agriculture, and human settlements? This course will be a joint exploration of many such questions. 

This is a quantitative course but pitched at high school level of mathematics. The goal of the course, subject to interest and coding skills, is to divide into teams and create maps of India identifying the regions with greatest potential for alternative energy with least impacts – from interwoven science, socio-economic, and ecological perspectives.
",No,Prerequisites: High school mathematics
130,Trimester 3/6/9/12 & PhD 6/9,SCI,ENVS,ENVS433|HIST433|SOCL433|LITT433,Pan Asian Environmentalisms: a short history,OK,NO,NO,YES,YES,YES,YES,YES,Elective|Elective|Elective|Elective,4,Annu Jalais,None,"This course explores how the various Asian communities that lived along land and maritime trade routes, which linked different parts of Asia, understood the environment and nonhumans. How did the movement of people, as well as the spread of ideas, literature, religions, art, commodities, from pre-modern times to the present, in Asia, shape notions about the nonhuman? How did understandings of the environment rest on religious, medical, cultural and social beliefs?",NO,NONE
131,Trimester 3/6/9/12 & PhD 6/9,SCI,MATH,MATH305,Complex Analysis,OK,No,No,Yes,Yes,No,No,No,Required,4,Rishi Vyas,"MATH303, MATH230","Complex analysis sits at the crossroads between algebra, analysis and topology / geometry and is fundamental and indispensable to much of modern mathematics. This course is envisaged as an introduction to the basic elements of complex analysis for undergraduate students. After the completion of this course, a student should be able to:
 Compute complex exponential, complex logarithm and complex trigonometric functions; and branches, branch points
 Evaluate complex differentiation, understand analytic functions and the Cauchy-Riemann equations;
 Compute contour integration, use Cauchy's theorem for simple paths and simply connected regions, Goursat's theorem, Cauchy's integral formula,
 Understand and work with sequences and series of complex functions, power series, Taylor series, Laurent series, zeros and singularities, meromorphic functions;
 Use Cauchy's residue theorem, counting theorem and Rouche's theorem, and learn some applications of the residue theorem for the evaluation of integrals.",No,
132,Trimester 3/6/9/12 & PhD 6/9,SCI,MATH,MATH333,Algebra III,OK,No,No,Yes,Yes,No,No,No,Required,4,Chudamani Pranesachar Anil Kumar,MATH332,"After a recap of material from Linear Algebra (generalised to arbitrary fields), we will introduce quotients of vector spaces and study their properties. The course then covers a spectrum of foundational material: spaces of linear transformations; duality; determinants; minimal and characteristic polynomials; diagonalisability and triangularisability; inner product spaces; spectral theorems; singular value decompositions; bilinear and sesquilinear forms; Jordan normal forms.",MATH434,
133,Trimester 3/6/9/12 & PhD 6/9,SCI,MATH,MATH414,Statistics,OK,No,With permission,Yes,Yes,No,No,No,Required,4,Vivek Tewary,MATH213,This introductory course is aimed at providing a theoretical foundation in Statistics intending to build a strong quantitative orientation. The course assumes some basic knowledge of calculus and builds on the probability theory course offered in the earlier term. The course is designed to be mathematical (theoretical) in nature and many results and theorems will be derived. The students are expected to learn and implement them primarily using R. Some of these will be covered through assignments.,No,Students with prior exposure to probability may choose this course.
134,Trimester 3/6/9/12 & PhD 6/9,SCI,MATH,MATH191|COMP191,Proofs and Ideas: An Introduction to Mathematical Thinking,OK,Yes,Yes,Yes,Yes,No,No,No,Required,4,Soumya Dey,None,"In this course, we will start to think carefully and rigorously about mathematics, mathematical objects, and the idea of proof. We begin with a discussion of the basic mathematical notions of sets, functions, and relations, and proceed to discuss some fundamental properties of the natural numbers and integers. After this foundational background, we will further develop our ability to read, understand, and write proofs through a short study of select mathematical topics. After taking this course, students will have been exposed to the idea of mathematical proof and equipped with the basic tools they will need to study further in the discipline.","MATH201, MATH231",This course is a prerequisite for most courses in Mathematics
135,Trimester 3/6/9/12 & PhD 6/9,SCI,MATH,MATH226,Ordinary Differential Equations,OK,No,YES,Yes,Yes,No,No,No,Required,4,Debangana Mukherjee,"MATH202, MATH230","This course is an introduction to differential equations from a modern perspective, with a view towards dynamical systems. The course begins with an introduction to the art of modelling real life situations with differential equations: this will help develop an intuition for the subject, and introduce students to the basic ideas behind mathematical modelling. 
 The course will then examine the techniques used to solve differential equations, including qualitative, analytical, and computational techniques. In particular, students will be asked to understand the algorithms that lead to numerical solutions, to interpret the resulting pictures produced by the computer, and to relate these images back to the original application.",No,
136,Trimester 3/6/9/12 & PhD 6/9,SCI,MATH,MATH427,Partial Differential Equations,OK,No,No,Yes,Yes,No,No,No,Required,4,Debangana Mukherjee,"MATH203, MATH230","This is a first course in Partial Differential Equations for Mathematics students interested in Analysis as well as Applied Mathematics as a discipline. After developing some taxonomy of partial differential equations and mathematical prerequisites, the course will be broadly divided into hyperbolic equations on the one hand and elliptic and parabolic equations on the other. While a broad theory will be developed for first order equations; for second order equations, we will focus on the three prototypes, viz., wave, Laplace and heat equations. An attempt will be made to highlight counterexamples since they drive the theory. Those interested in analysis should get a glimpse of how analysis is the bedrock of all PDEs while those interested in applied math should see how Mathematics can be used to explain physical phenomena.
 
 After completing this course, the students should be equipped with the theoretical tools to analyze first order and second order partial differential equations. They should have a good understanding of first order PDEs and the physical models they represent. They should understand well the three prototype equations – wave, Laplace and heat – that underpin and motivate much of the modern theory of PDEs.",No,
137,Trimester 3/6/9/12 & PhD 6/9,SCI,MATH,MATH203|COMP212|DATA213,Multivariable Calculus,OK,With Permission,Yes,Yes,Yes,No,No,No,Required|Required|Elective,4,KN Raghavan,None,"This course is designed to be a concrete introduction to the ideas and methods underlying (differential and integral) calculus of several variables. The emphasis is on examples and computations. The basic techniques from this course are useful in a wide variety of subjects: analysis, probability, (differential) geometry, applied mathematics. This course is designed to be useful for students in both mathematics and areas such as computer science, economics, physics, and data science.","MATH427, MATH445","Multivariable Calculus is intended for second year students. However, first year students who have taken MATH066 and/or did Mathematics in twelfth grade may take this course with explicit permission from the instructor.

Prerquisites: MATH066|PHYS066|ECON066|ENVS066, MATH061|PHYS061|COMP061|ECON061.
If no prior exposure to calculus and matrices."
138,Trimester 3/6/9/12 & PhD 6/9,SCI,MATH,MATH342|COMP342,Graph Theory,new course,NO,NO,YES,YES,No,No,No,Elective|Elective,4,KN Raghavan,MATH230,"Graph Theory is a central area of discrete mathematics concerned with the study of
 graphs—mathematical structures used to model pairwise relations between objects. This
 course provides a rigorous introduction to the fundamental concepts, results, and methods of
 graph theory, together with selected topics from algebraic graph theory and network
 optimization.
 The course begins with the basic definitions and properties of graphs, including paths, cycles,
 trees, connectivity, and degree sequences. It then develops algorithmic techniques for
 spanning trees, shortest paths, and related optimization problems. The second part introduces
 algebraic tools for studying graphs, including adjacency and Laplacian matrices, eigenvalues,
 eigenvectors, and their interpretations in terms of structure and centrality.
 Building on this foundation, the course explores network flows, duality, and the Max-
 Flow/Min-Cut theorem, along with applications to combinatorial optimization. The final
 module addresses advanced topics such as graph coloring, random graphs, and some more
 algebraic graph theory.
 
 By the end of the course, students will have a clear understanding of the theoretical principles
 underlying modern graph theory and will be able to apply mathematical reasoning to analyze
 and solve problems involving discrete structures and networks.",No,Filed for cross-listing with Computer Science and Data Science
139,Trimester 3/6/9/12 & PhD 6/9,SCI,PHYS,PHYS110,Physics Exploration – An experimental approach,OK,YES,YES,YES,YES,No,No,No,Elective,2,"Tanmoy Chakrabarty, Shivakumar Srinivasan, Venkata Srinu Bhadram, Sushant Raut, Rama Koteswara Rao Kamineni, Nicolas Gheeraert, Aritra Gupta",None,"Physics is fundamental to our comprehension of nature in all its dimensions. But that does not make the discipline scary and dry. In fact, it is fun to discern some of its principles from simple experiments. This course attempts to provide demonstration-based reasoning to learn physics. In particular, we will demonstrate experimentally, discuss and understand concepts such as inertia and mass, friction, energy and its conservation, momentum and its conservation, electric charge and field, conduction of electricity, magnetism, waves and related phenomena. Each class will be devoted to performing an experiment, observation and synthesis of the apt law of nature and a quantitative discussion. This is a 2-credit course and there will be at least ten demonstrations.",None,
140,Trimester 3/6/9/12 & PhD 6/9,SCI,PHYS,PHYS236,Energy and Entropy,OK,NO,YES,YES,YES,No,No,No,Required,4,Nicolas Gheeraert,PHYS201|CHEM211,"Einstein said, “Thermodynamics is the only physical theory of universal content concerning which I am convinced that, within the framework of the applicability of its basic concepts, it will never be overthrown.” That argument is enough to motivate learning thermodynamics. Empirical information gathered over centuries has been consolidated in a few statements called the laws of thermodynamics. In that sense, this subject is also one of the earliest theoretical formulations. Thermodynamics, in particular its nonequilibrium extension, is very important in biological sciences, environmental sciences, climatology and energy studies, to name a few. Entropy, one of the enigmatic notions in physics, was originally formulated by Clausius in the context of heat engines, the objects of study in this subject. A microscopic understanding of thermodynamics is sought in statistical physics. The contributions of greats like Boltzmann and Gibbs still form the foundation of the subject while Jayne’s approach based on information theory is equally important. A brief introduction to these aspects is provided towards the end of the course. Why should one learn this subject? Extension to nonequilibrium systems is still an incomplete program. Of course, significant contributions in recent times include Jarzynsky-Crooks work fluctuation theorems, non-extensive thermodynamics and quantum thermodynamics. The subject is well and alive with unanswered questions.","Statistical Physics (PHYS301), States of matter (PHYS341), Classical Field theory (PHYS401)",
141,Trimester 3/6/9/12 & PhD 6/9,SCI,PHYS,PHYS231,Quantum Physics 1,OK,NO,YES,YES,YES,No,No,No,Required,4,Rama Koteswara Rao Kamineni,None,"Physics is an empirical science. Its conceptual framework is revised to accommodate new empirical evidence from experiments. One of the earliest indications for the need to relook at classical physics was the blackbody emission spectrum. The experimental results were at variance with the prediction of classical physics. Max Planck proposed quantized exchanges of energy between the walls of the blackbody and the radiation within. This resolved the discrepancy between the theoretical predictions and the experimental observations. Einstein proposed quantized energy for the radiation field to explain the photoelectric effect. Bohr proposed non-radiating orbits for electrons to account for the stability of atoms and quantized angular momentum to explain their emissions spectra. All these ad hoc procedures found natural explanations in the quantum theory formulated by Heisenberg and Schrodinger. Their ideas were refined and put on firm scientific footing by Dirac, Pauli, Born, von Neumann, Jordan and others.","Quantyum Physics II (PHYS331), Subatomic Physics (PHYS345), Classical Field theory (PHYS401), States of matter (PHYS341)",
142,Trimester 3/6/9/12 & PhD 6/9,SCI,PHYS,PHYS224,Classical Physics: Fields I,OK,NO,YES,YES,YES,NO,NO,NO,Required,2,Sushant Raut,PHYS201|CHEM211,"In the 18th and 19th centuries, the work of Faraday, Oersted and others showed that the forces of electricity and magnetism can be explained by postulating the existence of a ‘field’ that pervades through space. This field concept allows us to formulate a combined theory of electricity and magnetism called electromagnetism. We will discuss the laws of Coulomb and Gauss in electrostatics and Biot-Savart’s law of magnetism. The properties of these fields in a medium allow us to understand polarization and magnetization of materials. On the theoretical side, these concepts lay the foundation for the first major ‘unification’ of forces in the history of physics – modern theory of electromagnetism.","Classical Physics: Fields II(PHYS225), Classical field theory (PHYS401)",
143,Trimester 3/6/9/12 & PhD 6/9,SCI,PHYS,PHYS345,Subatomic Physics,OK,NO,NO,YES,YES,No,No,No,Required,4,Aritra Gupta,"PHYS223, PHYS231","The discovery of radioactivity opened up a whole new realm of physics beyond the classical gravitational and electromagnetic interactions. The properties and structure of the nucleus within an atom, and the forces that bind their constituent protons and neutrons together will be discussed in this course. Using the basic tools of quantum mechanics and special relativity, one can understand the phenomena of alpha, beta and gamma decay, and radioactive transmutations. Even more fundamental than protons and neutrons are the elementary particles -- quarks, leptons and the bosons that mediate interactions between them. Their description as given by the Standard Model of particle physics will be introduced. Finally, the course will discuss detectors and experimental techniques relevant for nuclear and particle physics.",None,
144,Trimester 3/6/9/12 & PhD 6/9,SCI,PHYS,PHYS311,Electronics II,OK,NO,With permission,Yes,Yes,No,No,No,Elective,2,Rama Koteswara Rao Kamineni,PHYS211,"Following from the Electronics course, this elective will discuss the applications of diodes, transistors and integrated circuits like op amps in designing advanced circuits. These have applications not only in the electronics industry but also in measurement and control systems across all fields. Signal amplifiers, analog-to-digital converters, buffer stages, waveform generators and oscillator circuits are some of the circuits that can be constructed. Finally, the course will discuss some digital integrated circuits and their applications which are at the heart of the computer revolution",None,
145,Trimester 3/6/9/12 & PhD 6/9,SCI,PHYS,PHYS327,Optics II,OK,NO,With permission,Yes,Yes,No,No,No,Required,2,Sushant Raut,PHYS227,"In this course, we study the wave properties of light such as interference, polarization, and diffraction in more depth. It includes the study of interferometry methods, working principles of diffraction gratings, lasers and holography. Much of it finds applications in photonics, a technology based on the utilization of light radiation. Through the lab, one will find the correlation between theory and practice and learn how to derive theories from experimental approaches within a laboratory environment.","For Molecular spectroscopy (PHYS443), it's recommended to take Optics II",
146,Trimester 3/6/9/12 & PhD 6/9,SCI,PHYS,PHYS303,Mathematical methods III,OK,No,No,Yes,Yes,No,No,No,Elective,4,"Sivakumar Srinivasan, T R Govindarajan","PHYS201|CHEM211, PHYS202|ECON240","Mathematics has been the language to express the laws of physics. Students doing physics must be trained in mathematics. Almost every branch of mathematics has been found useful to physicists. This course builds on the foundations laid in Mathematical Methods I and II. In these courses, ideas like tensors, complex analysis, integral transforms, and some special functions are discussed. It is not the purpose of this course to take the theorem-proof route which is of importance to mathematicians. Rather, it aims to cultivate a sense of thinking that has precision and rigour which are essential to physics, and a bent of mind to understand mathematical texts. Completing this will equip students to solve advanced problems in physics and other quantitative fields.",None,
147,Trimester 3/6/9/12 & PhD 6/9,SCI,PHYS,PHYS350,Introduction to General Relativity,OK,No,No,Yes,Yes,No,No,No,Elective,4,T R Govindarajan,"PHYS223, PHYS201|CHEM211","Gravity was the first of the fundamental forces of nature to be modelled mathematically. Newton’s law of gravitation was our best theory of gravity for over two centuries, and is used even today for launching space probes. Einstein, expanding on his Special Theory of Relativity, proposed the General Theory of Relativity which described gravity not as a conventional force, but as an effect of the curvature of space-time. This could explain the slight shift of planetary orbits from their Newtonian expectations, and the bending of light in the vicinity of a massive object. This theory – our most successful theory of gravity to date – is used to explain phenomena related to black holes, the recently discovered gravitational waves, and has important applications such as GPS technology. Perhaps one of the most interesting uses of General Relativity has been to model the evolution of the Universe as a whole – its expansion since the Big Bang and its possible future fate. This course covers the mathematical prelude to the study of general relativity, the formulation of Einstein’s field equations, and finally some of the applications of this theory.",None,
148,Trimester 3/6/9/12 & PhD 6/9,SCI,PHYS,PHYS251,Physics of Computation,OK,No,No,Yes,Yes,No,No,No,Elective,2,Iyyasamy Iyyappan,"PHYS231, PHYS236","Computation is processing of information. We strive for faster and energy efficient
 computation. Are there limits? Processing is carried out by physical objects obeying laws of
 physics. This informs us about possible fundamental limitations to computing. Creation of
 information costs energy. What is surprising is it cost as much energy to delete information. 
 One approach to minimize this energy cost is to do reversible computations. The conceptual
 framework to understand this is thermodynamics. Quantum theory adds further possibilities. 
 In this course, these ideas will be presented at a level accessible to undergraduates. This course
 relies more on research articles than books as the subject is still developing. An exposure to
 these ideas may help students contribute to the subject.",None,
149,Trimester 3/6/9/12 & PhD 6/9,SCI,PSYC,PSYC201,Introduction to Psychology,OK,Yes,Yes,Yes,Yes,NO,NO,NO,Required,4,Sneha Shashidhara,None,"The Introduction of Psychology course (PSYC201) introduces students to conceptual building blocks of Psychology, including topics on perception, learning, memory, intelligence, motivation, emotion, and personality. In this way, it levels the field for students from varied educational settings in school who may have a differentiated exposure to psychology as an academic discipline, and prepares them for an undergraduate training in the field. The course seeks to facilitate students in their engagement with the lasting questions around which the discipline has evolved. PSYC201 is also designed to introduce students to some of the classic psychological studies and thereby demonstrate the principles of some of the key areas of modern psychology as a diverse and interdisciplinary science. Students will be expected to read and evaluate classic psychological research studies and critically reflect on the real-life implications of psychological insights.","PSYC204, PSYC205, PSYC304, PSYC327, PSYC334","This is a required course for the PSYC Major, and will be offered again in T4 in the next academic year. Class size is capped at 45 with first preference given to second and third year students, and then to first year students."
150,Trimester 3/6/9/12 & PhD 6/9,SCI,PSYC,PSYC208(2),Introduction to Qualitative Approaches in Psychology,OK,No,Yes,Yes,Yes,NO,NO,NO,Required,4,"Akanksha Adya, Rakshi Rath","PSYC201, PSYC205","This course is designed to introduce students to qualitative research methods. As qualitative methods gain a foothold in the field (e.g., establishment of a qualitative inquiry section within APA's Division of ""Evaluation, Measurement, and Statistics,"" and the APA journal Qualitative Psychology; BPS recommendation for qualitative research familiarity in undergraduate courses), in this course students will be introduced to the philosophical underpinnings of qualitative approaches in psychology. Qualitative approaches subsume broad categories of thematic, narrative, language analysis, and naturalistic observation approaches. These methods are valuable for collecting rich textured data and discovering themes and categories from data, meaning from experience and the stories we tell, ways in which language is used for communicating different underlying motives, and in-depth views of human behaviour and social interaction. Students will gain an understanding of the philosophical underpinnings of both qualitative and quantitative research, knowledge of and experience with methods of collecting qualitative data; knowledge of and experience with ways of analyzing qualitative data; the ability to evaluate the quality of qualitative research (in terms of sampling, triangulation, and generalizability).","PSYC307, PSYC334, PSYC490",None
151,Trimester 3/6/9/12 & PhD 6/9,SCI,PSYC,PSYC210(2),Statistics and Research Methods II,OK,No,Yes,Yes,Yes,NO,NO,NO,Required,4,"Suryodaya Sharma, Suryodaya Sharma","PSYC201, PSYC205","This course builds on SRM I (PSYC205) and offers more advanced methodological and statistical tools to students. The statistical techniques in the course include non-parametric tests, standardized scores, correlation, and linear regression. Students will learn to critically think about experimental procedures, sampling, randomization, manipulation, apparatus, validity issues, and ethical concerns in conducting experimental research. This course will equip students with basic skills to plan an experimental design, analyze research studies that illustrate varied experimental methods across different areas of psychology, and understand the underlying philosophy that guides empirical research. In doing so, this course provides the foundation for guided empirical research and critical analysis required in the final year of the program.","PSYC307, PSYC340, PSYC490",None
152,Trimester 3/6/9/12 & PhD 6/9,SCI,PSYC,PSYC340,Testing & Measurement in Psychology,OK,No,No,Yes,Yes,NO,NO,NO,Required,4,Sneha Shashidhara,"PSYC205, PSYC210","This course provides a comprehensive introduction to the theory of psychological measurement and contemporary measurement procedures utilized in psychology. Throughout the course, students will learn to interpret and use existing psychological tests and measures and develop the knowledge and proficiency to evaluate these instruments critically. This course is particularly relevant for psychology majors as it lays the foundation for a deep understanding of the reliability and validity of psychological assessments, which are essential for evidence-based practice and research in various psychology domains.",None,None
153,Trimester 3/6/9/12 & PhD 6/9,SCI,PSYC,PSYC236,Psychology as Human Science,OK,No,Yes,Yes,Yes,NO,NO,NO,Elective,4,Akanksha Adya,"PSYC201, PSYC203|BIOS203","Psychological sciences probe human behavior and mental processes in a rigorous and
 systematic manner. Through this course, students will explore the implicit philosophical
 underpinnings of psychology as a science, and the kind of psychological phenomena,
 specific aims, methods emphasized, and purposes for which this knowledge is used. In
 doing so, students will reflect and review the empirical, positivistic, quantitative,
 determinable, predictive and scientific nature of psychology, addressing Giorgi’s call for
 psychology as a human science. We will then learn about a plurality of theoretical
 developments that offer new pathways for what psychology can become a discipline and
 what it means to be a human.
 Fundamentally rooted in Giorgi’s existential phenomenological approach, psychology,
 conceived of as a human science, offers an established way of understanding the life world,
 and subjective meanings as it is experienced and lived by human subjects. Drawing from
 existentialist, humanistic, and phenomenology, hermeneutics, psychoanalysis, and cultural,
 liberation and decolonial, and feminist perspectives, students will examine and reflect on the
 role of language, intersubjectivity, and interpretation in knowledge construction. Addressing
 Giorgi’s call for inventing new methods and approaches, students will tackle the problem of
 investigating the complexity of human phenomena scientifically.",None,Class size is capped at 30
154,Trimester 3/6/9/12 & PhD 6/9,SCI,PSYC,PSYC237,Psychology of Self & Identity,new course,No,Yes,Yes,Yes,NO,NO,NO,Elective,4,Varun Viswanathan,None,"This course explores foundational and contemporary perspectives on personality, self, and
 identity in psychology. It asks the fundamental question: Who are we, and what makes us who
 we are? What makes us both unique and part of a shared social world? Beginning with classical
 debates on the nature and structure of personality, students are introduced to how psychology
 has historically conceptualized the individual. The course then moves into critical examinations
 of how selfhood is shaped by social, cultural, and digital environments, as well as by
 experiences of displacement and diaspora. Drawing from diverse psychological
 traditions—including trait theory, psychoanalysis, developmental psychology, and critical/cultural
 psychology—the course investigates how identities are formed, narrated, regulated, and
 transformed. Particular emphasis is placed on Indian psychological thought, contextual
 differences, and the lived experience of navigating multiple, intersecting selves.",None,Class size is capped at 30
155,Trimester 3/6/9/12 & PhD 6/9,SCI,PSYC,PSYC333,Psychology of Language,OK,No,No,Yes,Yes,NO,NO,NO,Elective,4,Sayantan Mandal,PSYC204,This course explores the neurobiological basis and psychological reality of Natural Language as a uniquely human phenomena,None,Class size is capped at 30
156,Trimester 3/6/9/12 & PhD 6/9,SCI,PSYC,PSYC348,"Culture, Cognition, and Subjectivity:  Psychological Worlds Across Contexts (Formerly: PSYC345 Culture and Subjectivity)",Approved by CC,No,No,Yes,Yes,NO,NO,NO,Elective,4,Varun Viswanathan,None,"Comprehension of cultural factors is a key to critical inquiry onto all major branches of
 psychology such as cognitive, developmental, social, and clinical. Moving across
 mainstream, critical, and non-Western approaches — with a focus on South Asian
 contexts,this course explores how human subjectivity and cognition are embedded in
 and are shaped by culture, history, and social worlds. We will examine how
 psychological processes are mediated through language, embodiment, ritual, narrative,
 and social structures like caste, gender, and coloniality.",None,Class size is capped at 30
157,Trimester 3/6/9/12 & PhD 6/9,SCI,PSYC,PSYC444,Advanced Social Psychology,Approved by CC,No,No,Yes,Yes,NO,NO,NO,Elective,4,Rakshi Rath,None,"This course is designed for advanced students of social psychology interested in pursuing questions at the boundaries of social psychological imagination. The course aims to teach the nuts and bolts of social psychological research to students who are already familiar with concepts in social psychology and are interested in honing their potential research ideas into ‘researchable’ questions. This shall be done by developing on concepts taught in social psychology to critically reading current cutting-edge research employing various methods, including experimental designs and qualitative analysis. The modules are designed to critically engage with social identity and self categorisation approaches that inform areas in psychological research.

The success of the course depends on student interest as much as instructor guidance and has been designed to integrate both equally. Students will identify their areas of interest (for example, health psychology, feminist interpretations, moral psychology, femcel mobilisation, cultural folklores, military psychology) early on in the course with the instructor’s guidance, which they will then follow with critical reading of both theoretical and empirical articles in conjunction with the modules of foundational approaches, methods, contemporary sites of behavioural analysis (including social networking sites), emotion and cognition, and social norms designed in the course. There will be a fair amount of work in this course, and it will be difficult at times – that’s the “advanced” part.",None,Class size is capped at 30
158,Trimester 3/6/9/12 & PhD 6/9,SCI,PSYC,PSYC443,Experimental Social Psychology,Approved by CC,No,No,Yes,Yes,NO,NO,NO,Elective,4,"Rakshi Rath, Rakesh Sengupta, Sayantan Mandal, Suryodaya Sharma",None,"This course develops on foundational concepts of social psychology and the research methods courses offered in the Psychology programme at Krea, and introduces students to the exciting world of technological mediations in psychological processes. This is primarily lab-based and will use equipments available in the psychology lab at Krea. We shall introduce students to experimental designs in immersive environments through Virtual Reality MetaQuest3 headsets, the use of EEG and Eye-tracking in studying real-world phenomena from climate change responses to social interactions to mental health interventions. The course aims to be a technologically mediated exploratory journey of social psychological research. It shall be taught by instructors of social psychology and cognitive psychology.",None,Class size is capped at 30
159,Trimester 3/6/9/12 & PhD 6/9,SCI,PSYC,PSYC491,Independent Research Study,OK,NO,NO,NO,YES,NO,NO,NO,Elective,4,TBD,None,None,None,None
160,Trimester 3/6/9/12 & PhD 6/9,SCI,PSYC,PSYC391,Independent Study/Directed Readings,OK,NO,NO,YES,NO,NO,NO,NO,Elective,4,TBD,None,None,None,None
161,Trimester 3/6/9/12 & PhD 6/9,HSS,ECON,ECON391,Independent Study/Directed Readings,OK,NO,NO,YES,NO,NO,NO,NO,Elective,4,TBD,None,None,None,None
162,Trimester 3/6/9/12 & PhD 6/9,HSS,ECON,ECON491,Independent Research Study,OK,NO,NO,NO,YES,NO,NO,NO,Elective,4,TBD,None,None,None,None
163,Trimester 3/6/9/12 & PhD 6/9,SCI,ENVS,ENVS391,Independent Study/Directed Readings,OK,NO,NO,YES,NO,NO,NO,NO,Elective,4,TBD,None,None,None,None
164,Trimester 3/6/9/12 & PhD 6/9,SCI,ENVS,ENVS491,Independent Research Study,OK,NO,NO,NO,YES,NO,NO,NO,Elective,4,TBD,None,None,None,None
165,Trimester 3/6/9/12 & PhD 6/9,HSS,SOCL,SOCL391,Independent Study/Directed Readings,OK,NO,NO,YES,NO,NO,NO,NO,Elective,4,TBD,None,None,None,None
166,Trimester 3/6/9/12 & PhD 6/9,HSS,BUSI,BUSI491,Independent Research Study,OK,NO,NO,NO,YES,NO,NO,NO,Elective,4,TBD,None,None,None,None
167,Trimester 3/6/9/12 & PhD 6/9,HSS,SOCL,SOCL491,Independent Research Study,OK,NO,NO,NO,YES,NO,NO,NO,Elective,4,TBD,None,None,None,None
168,Trimester 3/6/9/12 & PhD 6/9,SCI,CHEM,CHEM391,Independent Study/Directed Readings,OK,NO,NO,YES,NO,NO,NO,NO,Elective,4,TBD,None,None,None,None
169,Trimester 3/6/9/12 & PhD 6/9,SCI,CHEM,CHEM491,Independent Research Study,OK,NO,NO,NO,YES,NO,NO,NO,Elective,4,TBD,None,None,None,None
170,Trimester 3/6/9/12 & PhD 6/9,SCI,COMP,COMP391,Independent Study/Directed Readings,OK,NO,NO,YES,NO,NO,NO,NO,Elective,4,TBD,None,None,None,None
171,Trimester 3/6/9/12 & PhD 6/9,SCI,COMP,COMP491,Independent Research Study,OK,NO,NO,NO,YES,NO,NO,NO,Elective,4,TBD,None,None,None,None
172,Trimester 3/6/9/12 & PhD 6/9,SCI,DATA,DATA391,Independent Study/Directed Readings,OK,NO,NO,YES,NO,NO,NO,NO,Elective,4,TBD,None,None,None,None
173,Trimester 3/6/9/12 & PhD 6/9,SCI,DATA,DATA491,Independent Research Study,OK,NO,NO,NO,YES,NO,NO,NO,Elective,4,TBD,None,None,None,None
174,Trimester 3/6/9/12 & PhD 6/9,SCI,MATH,MATH391,Independent Study/Directed Readings,OK,NO,NO,YES,NO,NO,NO,NO,Elective,4,TBD,None,None,None,None
175,Trimester 3/6/9/12 & PhD 6/9,SCI,MATH,MATH491,Independent Research Study,OK,NO,NO,NO,YES,NO,NO,NO,Elective,4,TBD,None,None,None,None
176,Trimester 3/6/9/12 & PhD 6/9,SCI,PHYS,PHYS391,Independent Study/Directed Readings,OK,NO,NO,YES,NO,NO,NO,NO,Elective,4,TBD,None,None,None,None
177,Trimester 3/6/9/12 & PhD 6/9,SCI,PHYS,PHYS491,Independent Research Study,OK,NO,NO,NO,YES,NO,NO,NO,Elective,4,TBD,None,None,None,None
178,Trimester 3/6/9/12 & PhD 6/9,LAA,LITT,LITT391,Independent Study/Directed Readings,OK,NO,NO,YES,NO,NO,NO,NO,Elective,4,TBD,None,None,None,None
179,Trimester 3/6/9/12 & PhD 6/9,HSS,ECON,ECON490,Capstone Thesis Project,OK,NO,NO,NO,YES,NO,NO,NO,Elective,4,TBD,None,None,None,None
180,Trimester 3/6/9/12 & PhD 6/9,HSS,SOCL,SOCL490,Capstone Thesis Project,OK,NO,NO,NO,YES,NO,NO,NO,Elective,4,TBD,None,None,None,None
181,Trimester 3/6/9/12 & PhD 6/9,SCI,CHEM,CHEM490,Capstone Thesis Project,OK,NO,NO,NO,YES,NO,NO,NO,Elective,4,TBD,None,None,None,None
182,Trimester 3/6/9/12 & PhD 6/9,SCI,COMP,COMP490,Capstone Thesis Project,OK,NO,NO,NO,YES,NO,NO,NO,Elective,4,TBD,None,None,None,None
183,Trimester 3/6/9/12 & PhD 6/9,SCI,DATA,DATA490,Capstone Thesis Project,OK,NO,NO,NO,YES,NO,NO,NO,Elective,4,TBD,None,None,None,None
184,Trimester 3/6/9/12 & PhD 6/9,SCI,ENVS,ENVS490,Capstone Thesis Project,OK,NO,NO,NO,YES,NO,NO,NO,Elective,4,TBD,None,None,None,None
185,Trimester 3/6/9/12 & PhD 6/9,SCI,MATH,MATH490,Capstone Thesis Project,OK,NO,NO,NO,YES,NO,NO,NO,Elective,4,TBD,None,None,None,None
186,Trimester 3/6/9/12 & PhD 6/9,SCI,PHYS,PHYS490,Capstone Thesis Project,OK,NO,NO,NO,YES,NO,NO,NO,Elective,4,TBD,None,None,None,None
187,Trimester 3/6/9/12 & PhD 6/9,SCI,PSYC,PSYC490,Capstone Thesis Project,OK,NO,NO,NO,YES,NO,NO,NO,Elective,4,TBD,None,None,None,None
188,Trimester 3/6/9/12 & PhD 6/9,HSS,POLT,POLT391,Independent Study/Directed Readings,OK,NO,NO,YES,NO,NO,NO,NO,Elective,4,TBD,None,None,None,None
189,,,,,,,,,,,,,,,,,,,,
190,,,,,,,,,,,,,,,,,,,,
191,,,,,,,,,,,,,,,,,,,,