SN,Trimester 2/5/8/11 & PhD 5/8,Div.,Discp,Course code with sections,Course Title,OAA Verification,"Year 1
 2024-28
 T1/2/3","Year 2
 2023-27
 T4/5/6","Year 3
 2022-26
 T7/8/9","Year 4
 2021-25
 T10/11/12",Phd 2,Phd 5,Phd 8,Course type,Credits,Faculty Name,Required for,Prerequisites to enrol for this course,Description,Is this course prerequisites for any future course?,Remarks
1,Trimester 2/5/8/11 & PhD 5/8,KCCS,KCCS,KCCS121-SCR,Scientific Reasoning,,YES,NO,NO,NO,NO,NO,NO,Required,3,Multiple,Required for all the first years,None,,None,None
2,Trimester 2/5/8/11 & PhD 5/8,KCCS,KCCS,KCCS134-ICT,Introduction to Computational Thinking,,YES,YES,NO,NO,NO,NO,NO,Required,3,Multiple,Required for all the first years,None,,None,None
3,Trimester 2/5/8/11 & PhD 5/8,KCCS,KCCS,KCCS124-DAN,Data Analytics,,YES,YES,NO,NO,NO,NO,NO,Required,3,Multiple,Required for all the first years,None,,None,None
4,Trimester 2/5/8/11 & PhD 5/8,KCCS,KCCS,KCCS103-CE,Creative Expression,,YES,YES,NO,NO,NO,NO,NO,Required,3,Multiple,Required for all the first years,None,,None,None
5,Trimester 2/5/8/11 & PhD 5/8,KCCS,KCCS,KCCS133-DTG,Design Thinking,,YES,YES,NO,NO,NO,NO,NO,Required,3,Multiple,Required for all the first years,None,,None,None
6,Trimester 2/5/8/11 & PhD 5/8,KCCS,KCCS,KCCS101-WOC,Writing and Oral Communication,,YES,YES,NO,NO,NO,NO,NO,Required,3,Multiple,Required for all the first years,None,,None,None
7,Trimester 2/5/8/11 & PhD 5/8,KCCS,KCCS,KCCS123-PHP,Philosophical Perspectives Across Cultures,,YES,YES,NO,NO,NO,NO,NO,Required,3,Multiple,Required for all the first years,None,,None,None
8,Trimester 2/5/8/11 & PhD 5/8,PP,PP,MATH066|PHYS066|ECON066|ENVS066|DATA066|COMP066,Tools for Mathematics and the Sciences: Calculus,CLEAR,YES,YES,NO,NO,NO,NO,NO,Preparatory course,2,Rishi Vyas,Preparatory course,None,"This course will expose students to certain basic tools and calculations in calculus. Some of the material may be familiar to those who studied mathematics in high school. Familiarity with the material discussed in this course may be assumed in subsequent courses across various disciplines including mathematics and physics. 
  In an article titled ‘The unreasonable effectiveness of mathematics in the natural sciences’, physicist Eugene Wigner wrote “… the enormous usefulness of mathematics in the natural sciences is something bordering on the mysterious and that there is no rational explanation for it”. Mathematics has emerged as the natural language using which the laws governing the working of the universe can be described; it is also a discipline with a rich internal structure explored through powerful frameworks for description and justification. Whether one is studying black holes or neural networks, molecular bonds or climate models, tiling patterns or cryptography, the use of mathematics is unavoidable. A solid foundation of mathematics is therefore an essential part of the skill set required of every student of the natural sciences; a good grasp of basic tools, examples, and calculations is also essential for those planning to study mathematics in greater depth and rigour. 
  Note: This course does not count as a required or elective course contributing to the graduation requirements in either Mathematics or Physics.",None,Offline
9,Trimester 2/5/8/11 & PhD 5/8,HSS,BUSI,BUSI206,Strategy and Innovation,CLEAR,NO,Yes,Yes,Yes,NO,NO,NO,Required,4,Rajiv Rajendra,BUSI,None,"The course is designed to help students understand and interpret the rationale of strategic decisions. It provides students an insight into the practice, process, and theory of making managerial decisions. The course will focus on clarifying the basic strategic management concepts as well as understanding how innovation impacts the ability of businesses to succeed in a fast-evolving environment. The course will introduce students to constituents of an innovation strategy including an overview of different types of innovation and their impact on the business landscape. At the end of the course, students will develop an appreciation of how developing an innovation strategy aligned with strategic objectives can help companies achieve a sustainable competitive advantage",N/A,N/A
10,Trimester 2/5/8/11 & PhD 5/8,HSS,BUSI,BUSI322,Basics of Finance & Banking,CLEAR,NO,NO,Yes,Yes,NO,NO,NO,Elective,4,Krishnan C,None,None,"This course is primarily designed to help students understand the basics of finance and
 banking, operational dynamics and day-to-day transactions at bank branches. It will cover the
 finance essentials related to banking, the latest global developments in banking in the areas of
 lending, risk management, asset liability management and the impact of technology in modern
 day banking. It will also give them a practical perspective of the day to day challenges faced
 by banks.",N/A,N/A
11,Trimester 2/5/8/11 & PhD 5/8,HSS,BUSI,BUSI202,Foundations of Marketing,CLEAR,NO,Yes,Yes,Yes,NO,NO,NO,Required,4,Debankur Saha,Required course for busines studies minor and concentration,None,"The word ‘Marketing’ is embedded in conversations of everyday life, and general perception that marketing is all about selling and advertising. However, marketing is a much larger concept that drives an organization with great societal impact. 4P of product, place and distribution, promotion, and price - comprise the original ""Marketing Mix."" Together with rigorous and complete analysis of the environment, customers, and competitors, they are the key activities of marketing management, and the crucial ones: failure to find the right combination of the ""mix"" often result in irretrievable product (or service) failure and severe damage to organizational finances and credibility. This course shall follow a blended pedagogy of interactive lectures, case and caselet discussions, and class activities to introduce the fundamental concepts of marketing to the participants.",N/A,N/A
12,Trimester 2/5/8/11 & PhD 5/8,HSS,BUSI,BUSI205|ECON208,Information Systems and Data Analytics,CLEAR,NO,Yes,Yes,Yes,NO,NO,NO,Required,2,Mullai Thiagu,Required course for busines studies minor and concentration,None,"Information systems (IS) refer to the embedding of work processes, within and across organizations, in information and communication technologies (ICT) such as computers, communications devices and networks that interconnect them. The mediation of work through information systems can save cost and improve quality, potentially granting competitive advantage to organizations that invest in such systems. Data accumulated through the operation of information systems are also further analyzed using statistical algorithms (data analytics) to reveal novel yet reliable patterns that can be exploited to improve the efficiency and quality of work processes.",N/A,N/A
13,Trimester 2/5/8/11 & PhD 5/8,HSS,BUSI,BUSI333|ECON345,Measuring Impact,CLEAR,NO,NO,Yes,Yes,NO,NO,NO,Elective,4,Sumit Mishra,"Elective course for busines studies minor and concentration
Elective for ECON Major/Minor/Concentration",None,"This course introduces students to A/B testing in modern businesses. This topic has increased considerably in importance over the last decade, as entrepreneurs have learned to think creatively about how to generate data in more rigorous ways and as developments in information technology have facilitated the development of better data gathering. Key to this area is the insight that correlations do not imply causality and, in almost all cases, cannot measure impact. This course helps design and use experiments and natural experiments to measure impact. The class will assume no prior knowledge. However, some knowledge of statistics will be advantageous, and an interest in writing codes in R will be a bonus.",N/A,N/A
14,Trimester 2/5/8/11 & PhD 5/8,HSS,BUSI,BUSI334,Entrepreneurship,CC approval recd,NO,NO,NO,Yes,NO,NO,NO,Elective,4,Rajiv Rajendra,None,None,"This hands-on entrepreneurship course transforms students from idea generators to pitch-
 ready entrepreneurs. Students will experience the complete entrepreneurial journey by developing a real business concept, conducting market research, building prototypes, and culminating in a Dragons' Den-style pitch competition. The course emphasizes learning-by-
 doing through simulations, case studies, and real-world applications rather than theoretical frameworks alone.",N/A,To be capped at 25 students
15,Trimester 2/5/8/11 & PhD 5/8,HSS,ECON,ECON202(2),Microeconomics I,CLEAR,No,Yes,Yes,Yes,No,No,No,Required,4,"Anwesha Chakrabarti, Soumya Pal","ECON Major (3 and 4 year, Single or Double) 
 ECON Minor (3 and 4 year)
 ECON Concentration","ECON201: Principles of Economics
 ECON211: Mathematical Methods for Economics – I","This course is the first of a two-part sequence aimed at providing a thorough understanding of the concepts and methods of microeconomics. 
  
  In this course, we will study consumer behavior in detail – looking at consumer preferences, budget constraints, and the utility maximization problem in the framework of Marshallian analysis. We will then learn how consumers allocate consumption, get an insight into income and substitution effects, and derive consumer demand functions. We will take a quick look at game theory, which investigates strategic decision-making among a small group of players. We will also briefly touch upon the theory of producer behavior, beginning with a stylized model of the firm, and understanding how economists model production, and how firms minimize their costs. 
  
  Part two of the Microeconomics sequence will cover producer behavior in greater detail, and examine how producers, consumers and the government interact in different settings.","ECON210: Microeconomics – II 
 ECON310: Microeconomics – III 
 ECON206: History of Economic Thought
 ECON207: The Indian Economy
  
  Electives in years 2, 3, 4 (including Health Economics, Labor Economics, Development Economics, Environmental Economics, Ecological Economics, International Trade, Institutions & Economic Outcomes, Public Finance, Economics of Education, Game Theory).",TUTORIAL NEEDED – 2 slots per week (to accommodate 2 sections)
16,Trimester 2/5/8/11 & PhD 5/8,HSS,ECON,ECON203(2),Macroeconomics I,CHECK,No,Yes,Yes,Yes,No,No,No,Required,4,Albert Jodhimani,"ECON Major (3 and 4 year, Single or Double) 
 ECON Minor (3 and 4 year)
 ECON Concentration","ECON201: Principles of Economics
 ECON211: Mathematical Methods for Economics – I","This is the first in the sequence of three courses in Macroeconomics. The student will learn the methodology and tools of macroeconomics for understanding a) the determination of levels of macroeconomic variables (like output, employment, trade balance, price level, interest rate and exchange rate), and b) how government policy can influence them. The student will learn macroeconomic models used in alternative approaches to answer these questions, and classroom discussions will aim to apply the models to current and recent real world macroeconomic issues.","ECON209: Macroeconomics – II 
 ECON309: Macroeconomics – III 
 ECON206: History of Economic Thought
 ECON207: The Indian Economy
  
  Electives in years 2, 3, 4 (including International Trade, Institutions and Economic outcomes, Development Economics).",TUTORIAL NEEDED – 2 slots per week (to accommodate 2 sections)
17,Trimester 2/5/8/11 & PhD 5/8,HSS,ECON,ECON204(2),Econometrics I,CLEAR,No,Yes,Yes,Yes,No,No,No,Required,4,"Vidya Bharathi Rajkumar, Suchika Chopra","Required for – ECON Major (3 and 4 year, Single or Double) 
 Elective for – ECON Minor (3 and 4 year), ECON Concentration","ECON211 – Mathematical Methods for Economics I 
 ECON212 – Statistics for Economics
 ECON223 – Introduction to Statistical Programming in R","This course introduces students to mathematical and statistical techniques for conducting empirical analysis in economics. It lays the foundations for the study of techniques to estimate and test hypotheses connected to quantifiable economic relationships. Students will learn to estimate and test basic regression models. The course will also prepare students to interpret estimated regression models and enable them to explore model biases that arise because of data limitations, misspecification, heteroscedasticity, and other factors. This course is a mix of conceptual understanding and practical application. Concepts will be explored through recourse to the textbook, and class notes and discussion. These concepts will then be applied to data sets while using R, the statistical programming language. 
  
  While a deep treatment of the issues surrounding causal analysis is beyond the scope of this course, we will take a close look at the conditions necessary for causal inference while we cover the course material. Through such scrutiny, we will gain insight into when statistical relationships may be considered ‘causal’ and when merely ‘correlational’.
  
  Topics: Data types, simple regression, multiple regression, estimation, inference, asymptotics, qualitative variables, heteroscedasticity, collinearity, diagnostics, hypothesis tests, miscellaneous specification and data issues.","ECON313 – Econometrics – II
 ECON207 – The Indian Economy
  
  Electives in years 3 and 4 (including Health Economics, Labor Economics); suggested prerequisite for Development Economics.",TUTORIAL NEEDED – 2 slots per week (to accommodate 2 sections)
18,Trimester 2/5/8/11 & PhD 5/8,HSS,ECON,ECON207,The Indian Economy,CLEAR,No,No,Yes,Yes,No,No,No,Required,4,Debdulal Thakur,"ECON Major (4 year Single, 4 year Double, 3 year Single) – Required 
  
 ECON Major (3 year Double), ECON Minor (3 or 4 year) – Students could choose to enroll in any 1 of 2 courses from the following required courses: 
  - ECON206 (History of Economic Thought)
  - ECON207 (The Indian Economy)
 
 For all other students who satisfy prerequisites (incl. students pursuing an ECON Concentration) – Elective","ECON202 – Microeconomics I
 ECON203 – Macroeconomics I
 ECON204 – Econometrics I","This is a course on the economic history of Modern India, conventionally dated as the period from 1757 to the present. It aims to introduce to the students economic development and policies pursued in India. It attempts to engage students in locating the Indian economy within the world economy and understanding how the relationship has evolved over time. As contesting perspectives exist they will be exposed to them. The course commences with a study of colonial economic policies and the impact they had on India’s economy. In this section students read the work of some major historians. The course then moves on a study of the evolution of India’s economy since 1947, taking the student through the Nehru era, the Indira Gandhi years, the reforms of 1991 and economic performance under the Modi government. In this section the students will read the work of leading Indian economists. The topics covered will include the Colonialisation of India’s economy, the De-industrialisation debate, Land tenure legislation and its enduring consequences, Famines and the Raj, Colonial institutions, the Origins of modern industry, the Nehru era: Planning and its critics, the Green Revolution, initial Liberalisation moves, ‘1991’, the Modi years: initiatives (‘Make in India’, demonetisation) and shocks (Covid 19).",NA,To be capped at 60 students
19,Trimester 2/5/8/11 & PhD 5/8,HSS,ECON,ECON334,Mathematical Methods for Economics II,CLEAR,No,Yes,Yes,Yes,No,No,No,Required - Elective,4,Anwesha Chakrabarti,"ECON Major (4 year Single) – Required 
 
 ECON Major (4 year Double) – Students could choose to enroll in any 2 of 4 courses from the following required courses: 
  - ECON313 (Econometrics-II) (in T7/T10)
  - ECON334 (Mathematical Methods for Economics – II) (in T8/T11)
  - ECON309 (Macroeconomics – III) (in T8/T11)
  - ECON 310 (Microeconomics – III) (in T9/T12)
  For all other students who satisfy prerequisites & are pursuing an 
 
 ECON Major (3 year, Single/Double), ECON Minor, or ECON Concentration – Elective",ECON211 – Mathematical Methods for Economics I,"This course is a continuation of the course Mathematical Methods for Economics I, pitched at a more advanced level, particularly for students in year 4 (under FYUP). The students will be introduced to the mathematical tools and concepts that are most frequently used in economic models of the firm and consumer behavior. To this end, the course will cover the topics of optimization (both constrained and unconstrained) with one and more than one choice variable, linear programming models, differential equation, difference equations and integration. The course will also cover in more detail some of the topics learned in Mathematical Methods for Economics I, like matrix algebra, rules of differentiation and limit theorems with specific focus on economic applications. Throughout the course, we will take an intensive approach to mathematics, but most of the emphasis will be on the applications or economic models rather than abstract mathematical theorems or concepts.",NA,"TUTORIAL NEEDED (2 slots per week if enrollment exceeds 25; if not, one slot per week)"
20,Trimester 2/5/8/11 & PhD 5/8,HSS,ECON,ECON309,Macroeconomics III,CLEAR,No,No,Yes,Yes,No,No,No,Required - Elective,4,Albert Jodhimani,"ECON Major (4 year Single) – Required 
 
 ECON Major (4 year Double) – Students could choose to enroll in any 2 of 4 courses from the following required courses: 
  - ECON313 (Econometrics-II) (in T7/T10)
  - ECON334 (Mathematical Methods for Economics – II) (in T8/T11)
  - ECON309 (Macroeconomics – III) (in T8/T11)
  - ECON 310 (Microeconomics – III) (in T9/T12)
  For all other students who satisfy prerequisites & are pursuing an 
 
 ECON Major (3 year, Single/Double), ECON Minor, or ECON Concentration – Elective","ECON203 – Macroeconomics I
 ECON209 – Macroeconomics II","This is a one-term course in certain core areas of macroeconomics that could not be covered in some detail in Macroeconomics I and Macroeconomics II. In seeking to first establish a strong foundation in economic analysis, and in macroeconomic analysis in particular, the preceding two courses in macroeconomics stayed away from controversies in macroeconomic theory between different schools of thought. Further, some important parts of applied macroeconomic theory, like financial markets and financial crises, could not be dealt in detail in the earlier courses. This course will seek to give a more detailed treatment to these foregoing topics. A serious student of economics should not shy away from controversies and unsettled issues in macroeconomics, and should have the confidence to apply his knowledge to popular and important topics like financial markets and financial crises. The focus in this course will be on certain specific topics that any serious student of economics must have knowledge of. Six topics have been chosen for inclusion in this course at an intermediate level: different approaches to macroeconomic theory, theories of business cycles, macroeconomic policy, financial markets, macroeconomic crises and economic growth theory. This course will be pitched at a level that acts as a bridge, for the undergraduate student to continue onto graduate level studies, and also for those who wish to pursue other avenues like business management and employment as economic analysts. Students in this course will be required to do group projects that shall be designed to give a hands-on experience in using software tools for macroeconomic analysis with these objectives in view.",NA,TUTORIAL NEEDED – 1 slot per week
21,Trimester 2/5/8/11 & PhD 5/8,HSS,ECON,ECON326|ENVS326|POLT326|SOCL326,Economics and Public Policy: An Introduction,CLEAR,No,Yes,Yes,Yes,No,No,No,Elective,4,Sarabjeet Natesan,Elective course for ECON Major/Minor/Concentration,NONE,"Given the increasing wealth inequalities, should governments look at Universal Basic Incomes for certain sections of the society? Should AI replace low-cost jobs? Should borders be open or secured? Given rising fuel costs, should governments invest more in alternative fuels or increase subsidies for public transportation? Should government departments and enterprises (railways, airlines, telecom, petroleum) be privatized? These are examples of public policy questions that are inextricably linked to questions in economics. The goal of this introductory course is to prepare students to look at larger public policy questions of this kind and others through the lens of economics, stakeholders, resources use and resource constraints.
  This course hopes to cultivate in students an understanding of the underlying issues that influence policy. With political economy becoming the crucial issue of this century, there is a persistent need to develop a deep and specific understanding of the behavior of the markets and the actions of government and the purposes that fashion such arrangements. As the discourse between the economy, society and government becomes clear, so does the use of public policy. It then becomes a visible hand of the government to supplant the invisible hand of the market to achieve desirable societal goals. Working through monetary directions, governmental regulations, legislations, taxation and redistributed transfers, public policy aims to create a level playing field in societies to create growth and development of priority and emerging sectors. In this class, we will develop an in-depth understanding of what public policy is and why we sometimes justify government involvement in solving economic and social problems.
  This course aims to provide students with the basic tools to develop an understanding of practical and theoretical issues of the public policy process. Students will get familiar with the nature of public policy and its process, read and discuss theoretical materials explaining the public policy process and describe and analyze practical policy issues policy making - from agenda setting, policy design, policy formulation and adoption, implementation and evaluation. They will also discuss scenarios to simulate efficient and equitable outcomes and also understand the reasons behind policies failing. It will rope in economics concepts of moral hazard, free rider problems, virtue signaling among others.",NA,None
22,Trimester 2/5/8/11 & PhD 5/8,HSS,ECON,ECON329|SOCL332|POLT335,Institutions & Economic Outcomes,CLEAR,No,No,Yes,Yes,No,No,No,Elective,4,Sarabjeet Natesan,Elective course for ECON Major/Minor/Concentration,NONE,"This course introduces the field of political economy to institutions and economic outcomes. It will begin by addressing the definitions of institutions and frameworks of economic outcomes. It will study the interrelations between the long-term effects of institutions on economic growth and other societal outcomes. The course will delve into the significant variations in economic and political development among nations with similar appearances.
  Drawing upon historical evidence, it will examine if institutional development, even unplanned, has delivered profound and far-reaching economic consequences.
  
  This course is designed to provide students with a deeper understanding of both the institutions and organizations of the world economies and their roles in shaping divergence in the distribution of earnings, wealth, and opportunities. The course will explore the merit behind the concept that the world can pursue economic development by establishing suitable economic institutions, emphasizing the significance of private property and competition. Additionally, it will examine whether better economic outcomes happen in open and pluralistic political systems.
  
  This course will also familiarize the students with the frontiers and tools of policy research topics and complement public policy and economic development courses. It will allow the students to understand and participate in academic discussions on emerging economic issues. It will provide insights into the political and public-policy debates that address the widening inequality and possible means of addressing it.",NA,None
23,Trimester 2/5/8/11 & PhD 5/8,HSS,ECON,ECON328,Health Economics,CLEAR,No,No,Yes,Yes,No,No,No,Elective,4,Suchika Chopra,Elective course for ECON Major/Minor/Concentration,"ECON202 – Microeconomics I
 ECON204 – Econometrics I","This course addresses issues related to health care, health policy, using tools from empirical and theoretical economics. We will use the tools of microeconomic theory to study topics such as micro foundations of health (demand for health care), socioeconomic and gender disparities in population health outcomes, health insurance design (moral hazard and adverse selection), determinants of health care spending, technological change in the health care sector, public health insurance policy, and the interaction between economic variables such as consumption and labor supply and health. The primary focus of this course centers on health-related outcomes and healthcare systems in developing countries, with a specific emphasis on India.
  Through a combination of lectures, problem sets, response notes to articles and podcasts, exploratory data analysis, and the presentation of research papers, students will learn about research methodology in health economics and applied microeconomics.",NA,None
24,Trimester 2/5/8/11 & PhD 5/8,HSS,ECON,ECON327|COMP327,Game Theory,CLEAR,No,No,Yes,Yes,No,No,No,Elective,4,Madhuri Saripalle,Elective course for ECON Major/Minor/Concentration,"ECON202 – Microeconomics I
 ECON210 – Microeconomics II","Game theory studies interactive decision-making and our objective is to understand the impact of interactions of multiple players and the resulting dynamics in a market environment. The introductory course in game theory will familiarize students with strategic behaviour and its applications in business decision making and several fields such as industrial organization, corporate finance, environmental economics, trade and political science. The course will cover several solution concepts starting with Nash Equilibrium, which will be modified under imperfect and incomplete/complete information scenarios. The concepts will be applied to case studies in bargaining, negotiation, pricing and market entry decisions.",NA,Min 10 & max 25 enrolments - The course will not be offered if less than 10 students sign up.
25,Trimester 2/5/8/11 & PhD 5/8,HSS,HIST,HIST336,Ramayana,CLEAR,No,Yes,Yes,Yes,No,No,No,Elective,4,Preeti Gulati,N/A,N/A,"This course will deliberate on the historical, political, ethical and literary concerns that frame the epic tale of Ramayana. We will explore the rich and diverse Ramayana tradition, delving into various retellings ranging from textual, to audio-visual to performance arts. Through the course, we will see how the Ramayana narratives have traveled, the story, story-tellers and the audiences, and how, if at all, do we read these various literary and cultural texts as historical sources.",No,None
26,Trimester 2/5/8/11 & PhD 5/8,HSS,HIST,HIST337,The Rise of Civilizations in India,CLEAR,No,Yes,Yes,Yes,No,No,No,Required,4,Preeti Gulati,Required for History Major,N/A,"This course on early India explores the political, social, economic and religious developments from 2000 BCE up to 800 CE. We will move chronologically through the trimester to understand the changes and continuities that defined ancient India. At the same time, each block will be explored thematically, ranging from differing ideas of sovereignty and governance, the emergence of heterodox sects and Puranic traditions, and their inter-linkages with modes of production and social organisation, changes in material culture, craft technologies, commerce and urbanisation. Together these themes will provide an overview not only of what happened in early India, but why do we study early India? We will use a combination of primary sources and scholarship, and survey the relevant historiographical debates.",No,None
27,Trimester 2/5/8/11 & PhD 5/8,HSS,HIST,HIST343,Moving Home: Migrations in Deep Time,CC approval recd,No,Yes,Yes,Yes,No,No,No,Elective,4,Shanti Pappu,N/A,N/A,"For millions of years, people, plants and animals have moved across continents, adapting to
 dynamic past climatic changes and responding to evolving ecological niches in multiple
 ways. This course explores the when, where, how and why of ancient population migrations
 across South Asia. Here, pre- and protohistoric populations inhabited diverse environments,
 leaving behind a wealth of evidence from which archaeologists address questions of
 interest. Who were these populations, and where did they come from? How did their use of
 space across ancient landscapes change through time? Here, we trace the story of migrations
 and mobility of prehistoric populations in South Asia. We begin our story around 3 million
 years ago in Africa and move across the world in the footsteps of hunter-gatherers, farmers
 and urban communities, culminating in the Indus Valley Civilisation. We look at evidence
 drawn from archaeology, past environmental changes, fossils and genetics. We explore
 debates in models that reconstruct the timing and nature of past migrations, on species
 involved and complexities arising from extreme events and environments. We culminate by
 discussing how archaeologists interpret migrations and the implications this has had on the
 evolution of conceptual approaches in archaeology and other disciplines.",No,None
28,Trimester 2/5/8/11 & PhD 5/8,HSS,HIST,HIST342|ARTS346|PSYC346,Modernism: The Art and Architecture of Anxiety,CC approval recd,No,Yes,Yes,Yes,No,No,No,Elective,4,Venugopal Maddipati,N/A,N/A,"Modernism: The Art and Architecture of Anxiety, begins by exploring the pivotal artistic and architectural movements of the early 20th century, as attempts to find order and control in an increasingly chaotic world. A growing feeling of alienation and uncertainty about the future owing to the social upheaval of industrialization and the trauma of World War I
 prompted a widespread rejection of traditional artistic, social, and political norms in Euro- America. Modernism, in this “western” sense, was principally an exploration of new forms
 and techniques that shattered existing aesthetic modes, and established a new kind of truth or order that was centered around fragmentation.
 In the initial leg of the course students will therefore explore how the crisis of certainty in turn of twentieth century Europe, eventually led to an artistic embrace of abstraction. A sense of an intellectual and existential vacuum prompted artists to abandon representational art, as they felt that objective reality could no longer be accurately depicted. Instead, they embraced non-figurative art to express inner, subjective “truths” and new, non-Euclidean approaches towards comprehending space and time.
 
 In the second portion of this course we will examine how the anxiety undergirding the advent of Indian modernism was distinct from its Western counterpart. While European modernists grappled with the alienation of the industrial age and the fragmentation of reality, Indian artists faced a different, more complex set of concerns: the trauma of colonialism, the struggle for national identity, and the challenge of synthesizing tradition with modernity. In her influential book, &quot;When Was Modernism,&quot; the art critic Geeta Kapur, for instance, highlights how Indian modernists were not simply rebelling against a bourgeois establishment, but were instead engaged in a &quot;double discourse.&quot; The anxiety in this context was not about societal fragmentation but rather the existential struggle to forge a new national identity amidst the pressures of colonial rule. Indian modernists grappled with the tension between preserving cultural heritage and embracing the future, a creative anxiety that defined their artistic and architectural expressions. Drawing from Kapur’s writing, and from the art of Nasreen Mohamedi, and the architecture of Charles Correa and BV Doshi, the final leg of the course will therefore examine the extent to which abstraction in the context of Indian Modernism may be viewed as a profound effort to impose order on a world that appeared increasingly divided up between the national and the global, between the inner and the outer, and between the mind and the body.",No,None
29,Trimester 2/5/8/11 & PhD 5/8,HSS,HIST,HIST205,Sources of the Self: India in the Second Millennium A.D.,CLEAR,No,Yes,Yes,Yes,No,No,No,Required,4,Deepashree Dutta,Required for History Major,N/A,"This course explores the most significant developments of medieval and early modern India. Second Millennium is also the time period when regional cultures, linguistic and literary traditions as well as popular religions were produced. It is important to note that these constructs inform our social, cultural and religious lives today and in that sense constitute our sources of the self. In that sense, our goal is to examine the medieval in our contemporary world. 
 We will study the following six themes in this course. 
 First, the emergence of regions and regional cultures, which are often based on bhashas or regional languages. While some of these languages had already been in existence for several centuries, it is mostly towards the end of the first millennium AD that Indian bhashas emerge from the shadows of Sanskrit or Prakrit and begin to be used for political, literary, religious and discursive purposes. This moment also marks the emergence of regional political formations and regional cultures, primarily based on bhashas, across India. Our first objective is to explore the emergence of bhashas, their connection to political power and the new expressive possibilities available for their speakers. Note that such linguistic and regional cultures have been the basis for linguistic states in independent India. 
 Second, we will consider the nature of state formation and imperialism across India by considering examples such as the Delhi Sultanate, Vijayanagara and Bahamani kingdoms as well as the Mughal empire. We will also study political and administrative innovations as well as the political culture produced in this period. Note that the political elites produced in this era continue to exercise their influence over South Asia until the present. 
 Third, we will study the increasing complexity and diversity of Indian religious imaginations of this era, in which Islam and Christianity become an important part of Indian religiosity. Our specific focus will be on developments in popular Hinduism, specifically bhakti religiosity in different regional languages and cultures. Additionally, we will examine the presence and spread of Islam, particularly through Sufi traditions and the question of conversion to Islam.
 Fourth, we will examine how the Indian landscape was transformed with new forms of monumental architecture, urbanism and water reservoirs, all of which were intimately connected to medieval political projects. Medieval monuments, be they temples, palaces, mosques, forts, mausoleums or water bodies, were built using enduring material and continue to be a part of the built environment. Medieval cities such as Delhi, Surat and Bangalore, though transformed during colonial and modern era, continue to inform Indian urban culture. 
 Fifth, Our final major theme will be to look at the economic developments of the Second Millennium, specifically the expansion of agriculture, manufacturing, trade and commerce and urbanization. This is the period when Indian economy is integrated into the global economy and trading networks. 
 Finally, we conclude the course by considering India’s engagement with the early modern world. Since modernity is seen as a European achievement, we want to end this course by asking whether other cultures, specifically India in our case, contributed to the making of European modernity or fashioned their own modernity. 
 Note that in our exploration of the above mentioned six themes, we will foreground the movement of people, ideas, cultural practices within India and from places such as Central Asia, Arabia, Turkey, Persia, Africa and Afghanistan, all of which leads to the remaking of Indian landscape, demography and civilization.",No,None
30,Trimester 2/5/8/11 & PhD 5/8,HSS,HIST,HIST355,Indian Historiography,CLEAR,No,Yes,Yes,Yes,No,No,No,Required,4,Deepashree Dutta,Required for History Major,N/A,"This course introduces students to modes of history writing in India with a specific focus on modern and contemporary periods. We will begin with a brief survey of how the past was remembered and documented in ancient and mediaeval India. Then our goal will be to study different schools of modern historiography such as Colonial, Nationalist, Cambridge, Marxist, Subaltern and Hindutva. Students will learn to recognize the underlying conceptions of past and history present in different schools and also the narrative strategies deployed.",No,None
31,Trimester 2/5/8/11 & PhD 5/8,HSS,HIST,HIST655,Indian Historiography,CC approval Awaited,No,No,No,No,Yes,Yes,Yes,Required,4,Deepashree Dutta,Required for History Major,N/A,"This course introduces students to modes of history writing in India with a specific focus on modern and contemporary periods. We will begin with a brief survey of how the past was remembered and documented in ancient and mediaeval India. Then our goal will be to study different schools of modern historiography such as Colonial, Nationalist, Cambridge, Marxist, Subaltern and Hindutva. Students will learn to recognize the underlying conceptions of past and history present in different schools and also the narrative strategies deployed.",No,None
32,Trimester 2/5/8/11 & PhD 5/8,HSS,PHIL,PHIL305,Morality and Its Rationality: Aristotle & Kant,CC approval recd,No,Yes,Yes,Yes,Yes,Yes,Yes,Required,4,Vivek Radhakrishnan,Required for Philosophy Minor,None,"An age-old moral fable places Hercules at the challenging crossroads of choices: the easy life of pleasure and the hard life of virtue. Aristotle and Kant, two distinguished philosophers from distinct time-periods, unanimously claim that the hard life of virtue alone is a worthy life. Both justify virtuous living by tracing its necessary roots back to the central core of human nature – our rationality. Yet, as has been long supposed, the disagreements between their ethical positions are conspicuously loud: Aristotle favors happiness as the highest end of virtue, while Kant considers virtue to involve duty unadulterated by happiness; Kant favors a life of action towards a human world under moral laws, while Aristotle glorifies the life of contemplation as an ideal life of an individual. Whose position is valid and tenable? How do we account for the differences in their rationalist accounts of goodness? This course aims at a critical and comparative exploration of the moral theories proposed by Aristotle and Kant. It will begin with an introduction to the broader themes and trends in the history of moral philosophy to locate Aristotle and Kant in their respective contexts. It will discuss the metaethical underpinnings of their respective moral theories: Aristotle founds his eudaimonian virtue ethics on his commitments to a purpose-driven natural world (in Physics) and to the psychology of human soul (in De Anima). Kant on the other hand derives his deontological ethics from a critique of the faculty of reason, and by grounding our morality in the idea of freedom (in the first Critique and Groundwork III). The central focus of the course will be to address the dialectic of Aristotelian ‘happiness’ and Kantian ‘duty’ through an exploration of their respective ethical theories. Students will be introduced to the central themes of Aristotle’s Nicomachean Ethics and Eudemian Ethics including the notions of virtue (aretē), happiness (eudaimonia) and practical wisdom (phronēsis). They will also be introduced to Kant’s formulations of the moral law and the taxonomy of moral duties through selections from his Groundwork and Metaphysics of Morals. The course will also highlight the significance of Aristotle’s and Kant’s moral theories to enable students to reflect on the relevance of their ideas in today’s world.",No,Course details TBA
33,Trimester 2/5/8/11 & PhD 5/8,HSS,PHIL,PHIL312|POLT312|HIST312,Freedom,CLEAR,No,No,Yes,Yes,No,No,No,Elective,4,Mukund Padmanabhan,Elective for Philosophy Minor,None,"What does freedom mean? How does it go beyond the lay definition that it lies in the ability to act and speak without constraint? What are the implications of parsing this concept at the individual level or examining it in a relational or collective way? Philosophically, the concept of freedom plays out in the domain of metaphysics and ethics, with theories ranging from the libertarian, the compatibilist, and the deterministic. These transcendental ideas have had a subtle but definite impact on our constitutional guarantees for free speech on the one hand, and the restrictions placed on them on others. What implications does the information we have about inner processes have for the issue of agency? What are the grounds, if any, for coercing opinion and behaviour through pressure? What is the space for freedom of religion in a secular state? What is the distinction between positive and negative liberty and how are these related to notions of libertarianism, collectivism, autonomy and free will? Finally, where is freedom situated in discussions on fairness and justice and what are alternative notions of freedom, for example, as a form of self-realisation or as a model for non-domination. This inter-disciplinary course touches on philosophy, constitutional law, political theory, ethics, jurisprudence and media law.",No,None
34,Trimester 2/5/8/11 & PhD 5/8,LAA,PHIL,PHIL337|ARTS337|LITT337,Concepts in Aesthetics II,CLEAR,No,Yes,Yes,Yes,YEs,YEs,Yes,Elective,4,Srajana Kaikini,"Global Arts Minor, Litt- Arts Joint Major, Concentration",None,"In this course, modern and contemporary aesthetic theories will be discussed in the context of the development of artistic discourse. Contemporary philosophers like Jacques Ranciere, Jean Luc Nancy, Geeta Kapur, Griselda Pollock, Boris Groys, Asta and others offer varied pushes and pulls to the landscape of aesthetic discourses in the arts be it through philosophical, feminist and socio-political perspectives as well as through the critique of the very field of aesthetics from the informed by various social categories. These perspectives will be engaged with alongside select works from contemporary practitioners of art. These aesthetic cultures will be discussed both from their theoretical groundwork and practical groundwork within the context of artistic practice.",No,None
35,Trimester 2/5/8/11 & PhD 5/8,HSS,POLT,POLT327|HIST327|SOCL327,Debating India: Key Deliberations in the Constituent Assembly of India,CLEAR,No,Yes,Yes,Yes,Yes,Yes,Yes,Elective,4,S Gundimeda,Required for Politics,No,"The Constitution of India, consisting of 395 Articles divided into 25 Parts and 12 Schedules, was crafted by the Constituent Assembly, which included 389 members from diverse social, economic, and political backgrounds. Adopted on 26 November 1949 and coming into effect on 26 January 1950, the Constitution has been amended 106 times over more than seven decades. Despite these amendments, its fundamental structure and key features, such as Fundamental Rights, have largely remained unchanged. In a nation marked by vast diversity, caste, religious and racial divisions, and significant economic disparities, this endurance of the Constitution is a remarkable achievement—both of the framers and the Indian populace who embraced its vision. What is particularly remarkable is the process through which the Constitution was crafted, encompassing the debates, counter-arguments, and justifications for each Article. At the time of its drafting, social and cultural divisions—centered on caste, religion, region, and language—along with economic inequalities, were as prevalent as they are today. Despite these deep-rooted differences, the members of the Constituent Assembly successfully created a Constitution that not only provided security and stability to a nation emerging from two centuries of colonial rule and the lasting trauma of Partition but also continues to shape the lives of individuals and communities in post-colonial India. Three key questions emerge: What were the arguments and counter-arguments behind the creation of some of the fundamental features of the Indian Constitution? How did the members of the Constituent Assembly reach a consensus on a constitutional framework for such a diverse and divided nation? And what lessons can be drawn from the Assembly&#39;s deliberations to better understand contemporary debates surrounding the same core aspects of the Constitution? A critical exploration of these questions will not only help students understand the key debates that took place in the Constituent Assembly but also encourage critical thinking, a deeper constitutional perspective, and insights into democratic approaches for addressing the challenges that continue to shape India&#39;s public life today.",None,None
36,Trimester 2/5/8/11 & PhD 5/8,HSS,POLT,POLT309,Indian Politics II,CLEAR,No,Yes,Yes,Yes,No,No,No,Required,4,Shilpi Singh,Disciline Required/Required for Politics,Yes,"The process of establishing an identity as a modern democratic sovereign state was not easy for India. Especially because this required the diversity and plurality of identities to be anchored to a common universally accepted idea or imagination of the nation. The history of india is replete with civilisational encounters and invasions. However, India distinctively transformed invasions into accommodation, rupture into continuity and division into diversity as argued by Sunil Khilnani. Thus, the success or failure of the state is deeply contingent on understanding its constraints and compulsions. It is deeply connected to the success of democracy in accommodating and nurturing the diversity of identities. Diverse identities often come in conflict with each other unsettling the democratic fabric of the state which significantly relies on the principles of liberty and equality to defend itself. Thus, the course will engage with the idea and imagination of India though contemporary debates and challenges around the working of Indian politics. Some of the debates that the course identifies are: the paradox between democracy and development, frequently raising the question of equality; caste and the question of social justice that brings under review state performance and affirmative action; religious freedom and the communalisation of politics that demands secularism be understood through democracy, equality and liberty; regionalism and secessionism that challenges territorial state sovereignty while accommodating ethnic diversity; and the universal and uniform language of representation that addresses the women’s question, nonetheless failing to accommodate the inter-sectionalities and diverse lived experiences. The course is divided into five broad units: Imagining India: Democracy and Development; Caste, Social Justice and Reservation; Religion and Communalism; Regionalism and Secessionism; and India and the Women’s Question",None,None
37,Trimester 2/5/8/11 & PhD 5/8,HSS,POLT,POLT204,Comparative Politics I,CLEAR,No,Yes,Yes,Yes,No,No,No,Required,4,Proma Raychaudhury,Required for Politics,No,"This course is designed as an introduction to Comparative Politics, a sub-discipline in the study
 of politics. Comparative Politics is traditionally defined in two ways. First, in contrast to
 International Relations, it used to refer to the domestic politics of countries, usually other than
 one’s own, which Political Science students would devote an entire course to. Second, it is
 defined by the use of the Comparative method, the underlying assumption of which is that all
 knowledge is relative. We learn new things with reference to what we already know, and our
 assessments are usually implicitly or explicitly relative. Comparative Politics as a field trains
 us to do this systematically with regard to matters political.
 In this course, we will step aside from both these traditional definitions. Familiarity with
 everyday ideas, such as the ‘state’ or ‘nation,’ and with the most common arrangements of
 government, will be this course’s priority. Thus, as an introduction, this course will cover
 foundational concepts, the organization of government, political systems and central political
 questions. The idea is that students who are interested in politics and who are interested in
 informed citizenship, will leave the course with clarity about the words, ideas, arrangements
 and processes that make up everyday politics—such as different kinds of legislatures or
 different levels of government or different election procedures. This clarity is the foundation
 of advanced, complex political analysis.",Prerequisite course for taking POLT307,None
38,Trimester 2/5/8/11 & PhD 5/8,HSS,POLT,POLT416,The Strongmanand the Fakir: Understanding the Populist Phenomenon,CLEAR,No,Yes,Yes,Yes,Yes,Yes,Yes,Elective,4,Proma Raychaudhury,"Elective course for Politics Major / Minor, Politics-History Joint Major",No,"How do we understand contemporary events such as Brexit, the surge in radical right political parties, left-wing anti-austerity movements, and the rise of ‘strongman’ leaders such as Donald Trump, Recep Tayyip Erdogan, and Narendra Modi? Connecting these phenomena is the concept of Populism that has emerged as a buzzword in contemporary times and holds a relevance that cuts across geographical boundaries. This course discusses the different theoretical approaches to populism such as the ideational approach, the discursive approach, and the performative approach. The course also offers an empirical and contextualised focus on the varying incarnations of populism and populist leaders in global politics. It pays particular attention to the gendered content of populism as a phenomenon and the field of populism studies. The course also explores different approaches to understanding populism’s relationship with democracy, and traces possible responses to the ‘populist challenge’.",None,None
39,Trimester 2/5/8/11 & PhD 5/8,HSS,POLT,POLT308,Global Politics II,CLEAR,No,Yes,Yes,Yes,No,No,No,Required,4,Geeti Das,Required for Politics majors and minors,Yes POLT 203 Politics in Multiple Frames and POLT 205 Global Politics I (Global Politics in the 21st Century: An Introduction).,"How do we make sense of global politics in an era where the state appears at once both durable and highly permeable and interconnected, when the increasing power of corporations and media transcend national borders, and when the structures that determine our collective political life appear to be both institutionally obdurate and physically unsustainable?
This course builds on POLT 205 Global Politics I (formerly titled Global Politics in the 21st Century: An Introduction), focusing on contemporary challenges and systemic perspectives that have been developed to help us grasp the structures, agents, and mechanisms of global political order. We begin with an engagement with genealogies of how “the global” emerges as a domain and frame of systemic analysis, as distinct from the idea of the “international”. We move to three major conceptual domains in which global politics is theorised: structures and institutions of global democracy, governance, representation, and participation; changes in the temporalities and frameworks of conflict and its resolution – from new modes of warfare to new regimes of global justice; and the ways in which movements and flows – of people, commodities, capital, knowledge, ideas, identities, and solidarities – shape and restructure global politics.
Throughout this course, we will grapple with the question of how to identify and theorise changes, as well as to see the durable dynamics underlying changing systems, on a global scale.",None,None
40,Trimester 2/5/8/11 & PhD 5/8,HSS,POLT,POLT337,Coping with Diversity and Conflict: A Global Survey of Strategies,CC approval recd,No,No,Yes,Yes,Yes,Yes,Yes,Elective,4,Sumantra Bose,None,"The course is intended primarily for 3 rd -year and 4 th -year
 students, regardless of their major discipline. Some background gained in the
 required courses of the Politics major may be useful, but is not necessary.","The human kind is not homogenous. Various forms and
 degrees of ethnic and cultural diversity permeate most societies across our
 world—and often lead to conflict. The regulation of diversity and conflict is therefore
 a foremost task and challenge of governments and governance, and have been so
 throughout the era of late modernity that we live in. It is as salient as ever as the 21 st
 century completes its first quarter and enters the second.
 Coping with Diversity and Conflict: A Global Survey of Strategies is an in-depth
 analytical scrutiny of the repertoire of strategies sovereign states—and sometimes
 other actors—have used and continue to use to eliminate or regulate diversity and
 conflict in their territories and societies. The five strategies we study are: genocide,
 mass expulsion, partition, secession, and
 devolution/autonomy/federalism/consociation. Students are introduced to the terms
 and to the concepts that underlie the terms, which are then fleshed out with
 discussion of recent and current examples (case studies) drawn from across the
 world. The course will be offered in the second trimester of AY 2025-26.",None,None
41,Trimester 2/5/8/11 & PhD 5/8,HSS,POLT,POLT338,"Global Conflicts: Causes, Consequences, Solutions",CC approval recd,No,No,Yes,Yes,Yes,Yes,Yes,Elective,4,Sumantra Bose,None,"The course is intended primarily for 3 rd -year and 4 th -year
 students, regardless of their major discipline. Some background gained in the
 required courses of the Politics major may be useful, but is not necessary.","This course is about the most intractable genre of political
 conflict. This type of conflict arises when two or more contending entities—which
 may be nation-states, and/or communities that self-define as ‘nations’—assert
 ownership (sovereignty) over the same territory. The competing claims to ownership
 of/sovereignty over the same land have often given rise to bitter, protracted conflicts,
 viewed through a zero-sum lens by the antagonists. What is common to the
 polarized antagonists is that all invoke the right to national self-determination (NSD)
 in support of their claim. The conflicts produced by these clashing aspirations to NSD
 are highly resistant to accommodation and compromise. The violent enmities they
 often generate further entrenches polarization and condemn entire world regions to
 prolonged instability. NSD conflicts are a global phenomenon—examples are found all over the world in
 recent and current times. Structured in a comparative case-study format, this course
 looks in depth at five such conflicts in the contemporary Middle East (the case of
 Israel and the Palestinians), South Asia or the Indian subcontinent (the cases of
 Kashmir and Sri Lanka), the Balkans region or southeastern Europe (the post-
 Yugoslav case of Bosnia-Hercegovina), and western Europe (the case of Northern
 Ireland). Students are exposed to the specific histories and contexts of these cases
 but are also encouraged to think and analyze comparatively across countries and
 world regions. The course is particularly focused on the great challenges of buildingpeace processes and crafting peace settlements in NSD conflicts. The course will be
 offered in the second trimester of the 2025-26 academic year.","""The course is intended primarily for 3 rd -year and 4 th -year
 students, regardless of their major discipline. Some background gained in the
 required courses of the Politics major may be useful, but is not necessary.""",None
42,Trimester 2/5/8/11 & PhD 5/8,HSS,SOCL,SOCL201|POLT201,"Communities, Identities and Cultures in India",CLEAR,NO,Yes,Yes,Yes,No,No,No,Required - Elective,4,Sumitra Ranganathan,"Social studies Major, Social Studies Minor.
Elective for Politics
Major and Minor",NA,"What is identity? How do community identities define socio-political practices? Does identity and othering go hand in hand? How do languages shape community identifications? How does popular culture inform identity formation in India? What is majoritarianism and where do we locate the minorities in India? How are diasporic identities constructed and sustained? In the course ‘Communities, Identities and Cultures in India’ we would ask several such questions and seek answers. This course intends to explore social identities and social locations in India from the perspectives of practices, diversities, and hierarchies around those practices. Expanding on the discourse of personal is political, this course aims to analyse how our everyday practices and identifications stem from larger community affiliations, which also imply stereotypes and othering. The course is divided into four parts - in the first part we will contextualise the significance of communities and identities at large, and survey how scholars have located and critiqued community as an analytical concept to investigate what collective identity might mean in India with special reference to ethnic identities, religious identities, colonialism, nationalism, and secularism. The immersive engagement in this section will deep dive into village studies, and engage with different scholarly approaches to the study of culture through festivals, ritual and other forms of community cultural expression. In the second section we will look into social construction of identities, and how community identity becomes a category of experience through the prism of social categories, cultural expression, and language. This section will also capture the pulse of linguistic nationalism as the defining point of identity assertion in India on one hand and English language elitism as an expression of colonial lingering on the other. In the third segment we will examine the role of mediation, media, and identity and community formation in the diaspora. In this section, students will also engage with transnational frameworks and diasporic identities. Having located the politics around community affiliations and collective identities in the conceptual and theoretical contexts, in the fourth and the last segment, students will undertake a small research project.",No,None
43,Trimester 2/5/8/11 & PhD 5/8,HSS,SOCL,SOCL335,Caste and Indigeneity Studies: Critical Perspectives from South Asia,CLEAR,NO,Yes,Yes,Yes,Yes,Yes,Yes,Required,4,Preeti Sampat,Sociology and Social Anthropology Major and Minor,NA,"This course introduces the historical social categories, processes and institutions through which social formations in the Indian sub-continent have been described, and governed. Rulers, elites, empires, governments and other formations of power on the one hand, and the experiences and negotiations of subjection and oppression on the other are discussed. Drawing on original texts, scholarly writings, discursive cultural production and social movements, the course will examine social organization in the Indian context. The course traces the epistemic trajectory of caste and indigeneity from the colonial to the contemporary period, and interrogates the complex socio-economic, political, cultural and religious institutions and processes through which caste and tribe continue to be reinscribed as everyday social experience in South Asia.",No,None
44,Trimester 2/5/8/11 & PhD 5/8,HSS,SOCL,SOCL338|HIST348|POLT348|ECON348,Capitalism: Essential Readings,CC approval recd,No,Yes,Yes,Yes,Yes,Yes,Yes,Elective,4,Preeti Sampat,Sociology and Social Anthropology Major and Minor,NA,This course familiarizes students with diverse classical and critical perspectives to capitalism. We will explore key thinkers and draw connections with contemporary debates around the various manifestations of capitalist relations.,No,None
45,Trimester 2/5/8/11 & PhD 5/8,HSS,SOCL,SOCL306,Introduction to Sociological and Anthropological Thought,CLEAR,NO,Yes,Yes,Yes,Yes,Yes,Yes,Required,4,Shiv Issar,"Social studies Major, Social Studies Minor",NA,"This required course introduces students to key moments in the development of sociological and anthropological thought. Starting with the origins of the two disciplines; the ways in which both disciplines are from inception implicated in the social, historical, political and economic context out of which they emerged; we proceed to examine how ideas have emerged over time, through relentless critical inquiry and engagement with diverse and changing contexts. Each module will introduce students to a particular moment in the discourse and involve engagement with a selection of representative texts drawn from key sociological and anthropological thinkers. This is not an exhaustive course on the history of sociological/anthropological thought, nevertheless the representative selection of texts is aimed at elucidating key theoretical insights of important thinkers. Students are expected to undertake immersive reading and critically reflect on the ideas thus introduced and their relevance (or not) in the contemporary world.",Yes - there will be another similar curse offered in T3 and this course will be required for it.,None
46,Trimester 2/5/8/11 & PhD 5/8,HSS,SOCL,SOCL213|POLT213,Media and the Public,CLEAR,NO,Yes,Yes,Yes,Yes,Yes,Yes,Elective,4,Arani Basu,"Social Studies Major, Social Studies Minor",None,"Why does media ownership matter? Is media freedom genuinely safeguarded in democracies, or is that merely a myth? How does social media contribute to community polarization in India? What constitutes the public sphere, and to what extent is it shaped by gender? How do diasporic communities negotiate cultural identity through food and engage in political discourse via social media? In what ways do diasporic communities engage with social media for political participation, debate and mobilization, and how does this impact political dynamics in both their host and home countries ? This course seeks to critically examine these pressing questions by engaging with key theoretical and empirical scholarship at the intersection of media, politics, society, and diaspora. It will provide participants with conceptual tools to analyze how media practices are shaped by power relations, and how they, in turn, influence public life, and shape up identity. The course concludes with a project, allowing participants to apply core concepts and analytical frameworks to contemporary empirical media related issues or case studies. Emphasis is placed on critical thinking, interdisciplinary engagement, and reflexive analysis.",No,None
47,Trimester 2/5/8/11 & PhD 5/8,HSS,SOCL,SOCL411|POLT411,The Political Sociology of Globalization,CLEAR,NO,NO,Yes,Yes,Yes,Yes,Yes,Elective,4,Arani Basu,"Social Studies Major, Social Studies Minor",None,"This course provides a critical examination of globalization and its multifaceted impacts across nation-states, analysing the expanding networks that continuously reshape the contemporary world, with particular attention to structural asymmetries between the Global North and Global South. It situates globalization within historical, economic, and cultural contexts while engaging with social movements and practices emerging from transnational flows of capital, people, and ideas. The course is structured into three units. Unit 1 introduces foundational debates and conceptual frameworks in the political economy of globalization, tracing its historical evolution through key readings including Saskia Sassen, Amartya Sen, Anthony Giddens, A.G. Frank, Scholte etc. Unit 2 focuses on Indian society, examining the intersections of culture, religion, and class, drawing on the scholarship of Surinder Jodhka, Sanjay Srivastava, and others. Unit 3 explores international migration and digital media as both outcomes and drivers of globalization, engaging with Arjun Appadurai’s concept of “scapes” alongside the work of Koen Leurs, Karim H. Karim etc  to analyse diasporic formations, cultural flows, and the mediascape in shaping transnational identities and publics. The course concludes with a fieldwork-based research project, enabling participants to apply theoretical frameworks to empirical inquiry and gain hands-on experience in analysing the dynamics of globalization in contemporary contexts.",No,None
48,Trimester 2/5/8/11 & PhD 5/8,HSS,SOCL,SOCL328,"Kinship, Family, and Community",CLEAR,NO,Yes,Yes,Yes,Yes,Yes,Yes,Required,4,Annu Jalais,"Social studies Major, Social Studies Minor",NA,"Why are the young women of some communities of Tamil Nadu, for example, expected to marry their maternal uncle i.e. mama? How and why did the Kulin Brahmins of Bengal justify having numerous wives? Traditionally, amongst the Nair, women were financially independent and inherited their mother’s house. Why did British colonialism change certain laws around marriage and inheritance and how did these transform family structures as well as ideas of gender and community in South Asia? Kinship, or how people are related to each other, has been an important way of learning about them and their culture. The categories some of us might have long considered “natural” such as gendered identities, patriarchal norms, social hierarchies, and even political systems, have revealed, especially when considered in light of other cultural systems, as constructed.",No,None
49,Trimester 2/5/8/11 & PhD 5/8,HSS,SOCL,SOCL406|HIST406|POLT406,Religion and Society in South Asia,CLEAR,NO,Yes,Yes,Yes,Yes,Yes,Yes,Required,4,Annu Jalais,"Social studies Major, Social Studies Minor",NA,"This course is about the study of Religion with a particular focus on South Asian religions (Hinduism, Jainism, Buddhism, Zorastrianism, Christianity, Islam, and Sikhism), as they have been studied anthropologically, historically and politically – as daily beliefs and practices, and in relation to wider South Asian culture, history and politics. This course will provide both a grounded study of religious practices and religions in Afghanistan, Bangladesh, Bhutan, India, the Maldives, Nepal, Pakistan, Sikkim, Sri Lanka as well as a postcolonial critique of the study of religions and nationalism in the South Asian realm.",No,None
50,Trimester 2/5/8/11 & PhD 5/8,LAA,ARTS,ARTS202,Pathways in the Arts,CLEAR,No,Yes,Yes,Yes,Yes,Yes,Yes,Required,4,Swarnamalya Ganesh,"Global Arts Monir, Litt- Arts Joint Major, Concentration",None,"This course will introduce the students to the wide array of
 possibilities and opportunities offered by the arts as a discipline
 beyond practice. The field of art writing and criticism is
 undergoing interesting experimentation in recent times with
 several critics and writers taking recourse to new creative forms
 in writing on art. Similarly, the arts are sustained by an interlinked
 scaffolding of supporters and allies, as can be seen in arts
 management, grant making, conservation, curation, advocacy,
 activism, journalism and scholarship. Practitioners in each of
 these fields, often called mediators or translators of the arts, help
 in the dissemination, perception, transaction, and value-creation
 of arts. In other words, they form the ecosystem within which art
 can thrive. In this course, students will learn how such mediators
 have engaged with the arts through a series of seminars, talks,
 and discussions. Through separate writing workshop modules and
 working groups, students will acquire basic skills in some of these
 practices. The course aims to instill students with a curiosity to
 explore future pathways into the arts, encouraging the use of
 their interdisciplinary skills and knowledge and expanding the
 horizon of the arts beyond professional practice into everyday
 life. This course is best augmented with the Performance
 practicum course offered as well as electives focussed in some of
 these practices.
 Learning Outcomes
 1. Introduction to various practices of mediation and
 engagement with the arts.
 2. Acquiring some basic understanding and working
 knowledge of some of these practices,
 eg. writing, curation, activism etc.
 3. Enabling future interdisciplinary pathways into the arts.",No,None
51,Trimester 2/5/8/11 & PhD 5/8,LAA,ARTS,ARTS225|ECON231|BUSI210,The Creative Economy,CLEAR,No,Yes,Yes,Yes,Yes,Yes,Yes,Elective,4,Anil Srinivasan,"Elective for Arts, Econ and Business",None,"Understanding the creative economy, new business models for the 21st century given the digital economy, practical business concepts applicable to a value creator, culminating in a business pitch exercise for creative economy ideas to real-time investors",No,None
52,Trimester 2/5/8/11 & PhD 5/8,LAA,ARTS,ARTS330,Creative Makers Studio,CLEAR,No,No,Yes,Yes,Yes,Yes,Yes,Elective,4,Anil Srinivasan,"Elective for Arts, Business",None,"A practicum designed to help budding entrepreneurs especially in the creative space, and/or mentorship from real world/industry mentors towards creating original products or ideas and bringing them to fruition",No,None
53,Trimester 2/5/8/11 & PhD 5/8,LAA,ARTS,ARTS201|SOCL223,"Exploring Art, Understanding Culture",CLEAR,NO,Yes,Yes,Yes,Yes,Yes,Yes,Required,4,Sumitra Ranganathan,"Required for Global Arts Minor, Literature-Arts Major, Elective for Sociology & Social Anthropology Major and Minor",None,"This course will help students develop conceptual frameworks for exploring the arts as cultural practice and aesthetic experience. Concepts and issues in the study of expressive cultures will be introduced by drawing on periods, movements, genres and traditions from different world art cultures. The course will interweave experiential and analytical learning with socio-historic and critical interpretations, drawing on a variety of examples. Thematic units in the course include a consideration of art as experience; sensing, perceiving and feeling as cultural praxis; meaning making; social organization of cultural practices; power, identity and the politics of representation. Examples could be drawn from ancient, medieval, pre-modern, postcolonial and contemporary periods. Throughout the course, students will be encouraged to apply conceptual learnings to a cultural practice of their choice, giving them an opportunity to deepen their learnings from the course through immersive experience.",No,None
54,Trimester 2/5/8/11 & PhD 5/8,LAA,ARTS&ENVS,ENVS345|ARTS345,Theatre Of The Climate: Performing A Just Future,CC approval recd,No,No,Yes,Yes,Yes,Yes,Yes,Elective,4,Swarnamalya Ganesh & Chirag Dhara,"Global Arts Monir, Litt- Arts Joint Major, Concentration",None,"Theatre of the Climate: Performing a Just Future is an interdisciplinary course that
 bridges environmental sciences and the arts to explore climate change as both a systemic
 crisis and a human story. As climate realities become increasingly urgent, understanding
 them requires not only scientific insight but also emotional resonance, cultural memory, and
 ethical imagination. This course invites students to examine climate change through the
 lenses of social and ecological justice, considering how inequalities of caste, gender and
 geography shape vulnerability and responsibility.
 Blending systems thinking, ecological theory, and participatory art practices in theatre,
 dance, storytelling, and visual arts, students will explore the role of traditional knowledge
 systems, in making the climate crisis personal and public. Drawing on readings from
 science, performance studies, and decolonial thought, alongside engagements with artistic
 practitioners and community archives, students will develop original art-based interventions.
 The course culminates in collaborative performance prototypes that embody just and
 sustainable futures. It is ideal for students pursuing environmental sciences, global arts, or
 any other discipline with an interest in climate action and creative expression.
 Theatre, dance, and visual arts can bring to life the narratives of those affected by
 environmental injustices, offering audiences a visceral understanding of these complex
 issues.
 This course is proposed to be capped at 15 students.
 Learning Outcomes:
 1. Students will be able to analyse climate change as a “super wicked problem”
 using systems thinking and social-ecological frameworks.
 2. Students will critically engage with the intersections of climate injustice and
 social inequality through caste, gender and class lenses.
 3. Students will develop and apply performative, visual, and narrative art
 practices to sense, express, and communicate climate experiences and
 knowledge.
 4. Students will collaboratively design and present creative interventions - such
 as performances or installations - that address climate justice and imagine
 alternative futures.",No,None
55,Trimester 2/5/8/11 & PhD 5/8,LAA,LITT,LITT201,Introduction to Literary Studies,CLEAR,No,Yes,Yes,Yes,No,No,No,Required,4,Joya John,Required for Literature majors and minors,None,"This course is designed to introduce Literature majors to some of the fundamental concepts and practices of literary criticism. We shall begin with a preliminary survey of the history of literary study as a way to propose working definitions of a few key terms: What do we mean by literature? What is a text? Who is an author? And what constitutes literary criticism? This last question will bring us to questions that pertain directly to method: In what ways can a text be read? Does it make sense to speak of a literary method in the same way as we speak, say, of the scientific method? Or, to put it another way, is there anything that all works of literary criticism share in common, or is it futile to look for such a common ground?",No,None
56,Trimester 2/5/8/11 & PhD 5/8,LAA,LITT,LITT241(2),Out on a Quest: Writing a Research Essay,CLEAR,No,Yes,Yes,No,No,No,No,Required,4,"Anannya Dasgupta,Neha Mishra",Required for Literature majors and minors,None,"Researchers are questers asking research questions to better understand the worldly wilderness we inhabit. They track and read sources, reflect on ideas, form alliances, combat misreading - wielding reading skills and writing implements. They return transformed by the quest, to tell their tale with a well written research essay that adds to how we know the world. This upper-level writing course for literature students will advance the skills learned in WOC and LAA. The drafting process will include basic archival research to find sources for a topic of one’s choice; distinguishing between different kinds of sources; asking research questions; making claims supported by evidence; sustaining an argument; getting and giving revision feedback; and, learning citation systems in addition to MLA. Motivated by the guiding principles of asking questions that perhaps stay unanswered in the process of knowledge creation, this writing intensive course aims to introduce students to the work of research as it gets bigger in scale and complexity. To meet the final goal of writing a proofed and polished 2,500 words research essay by the end of the term, students will complete shorter, targeted tasks for the new skills they are learning. For instance, if they have been introduced to an online archive, or have found one on their own, they may submit a description of it. Other exercises may include annotating a text, creating a glossary of conceptual terms, close-reading, writing summaries of sources they will work with, giving peer feedback, interspersed with revising and submitting drafts at incremental word limits.",No,None
57,Trimester 2/5/8/11 & PhD 5/8,LAA,LITT,LITT205,Android Dreams: Technological Imaginaries in Literature and Film,CLEAR,No,Yes,Yes,Yes,No,No,No,Elective,4,Joya John,"Elective for Literature majors, minors, and concentrations",None,"Technology is particularly central to the history of modernity. But how do we think about technology in relation to ourselves? This course will move away from instrumental approaches to technology as simply objects of “innovation” and “use” or instruments measured in terms of their “effects” and “social impacts”. Instead we will analyse how literature and film help us to think about our relationship to technology. How do we live ethically with technologies? How do they make us feel? Why do we fear them? Why is technology the central site where we debate questions pertaining to the human such as creativity, autonomy, emancipation, thought and emotion?",No,To be capped at 20 students
58,Trimester 2/5/8/11 & PhD 5/8,LAA,LITT,LITT301,Make or Break?: The Literary Canon,CLEAR,No,No,Yes,Yes,No,No,No,Required,4,Kai Easton,Required for Literature majors and minors,None,"This course explores how literary canons are formed by a multitude of different forces such as nation, culture, language, and economics. Beginning with a case study on the “western” or “English” canon in the form of one of the most canonical female writers of all time, this course teaches students how, why, and when certain “great” works gain their importance or place in the canon. In doing so, students will learn how certain forces of inclusion and exclusion create so-called literary canons. This course also asks students to consider what it would mean to imagine canons (or their absence) differently: for example, what would a “global” literary canon look like? How would you structure a canon of women’s literature? Do we need canons at all? To begin to answer these questions, our reading will explore the idea of the canon and its relationship to adaptations, translations, intertextuality, and literary prizes through key writers and texts and a trio of literary events in 2025: the global celebrations of the 250th anniversary of Jane Austen; the Nobel in Africa symposium in Stellenbosch, South Africa (November 2025), featuring literary prize-winners J.M. Coetzee and Abdulrazak Gurnah; and, closer to home in south India, the 2025 International Booker Prize for Heart Lamp to Banu Mushtaq and Deepa Bhasthi",No,None
59,Trimester 2/5/8/11 & PhD 5/8,LAA,LITT,LITT316,Introduction to Translation (previously Translation),"Title change, so changed the course code",No,No,Yes,Yes,No,No,No,Required,4,Manasvin Rajagopalan,Required for Literature majors and minors,None,"This course aims to introduce students to Translation Studies (TS), by engaging with specific questions central to the domain. These questions revolve around the concept of equivalence, including issues of equivalence at various levels of language and text; they relate to challenges specific to non-literary and literary translations. At the same time, this course exposes students to various theoretical perspectives on translation in its interactions with culture. Beginning with a broad outline of the scope, history and central issues of TS, this course goes on to discuss various levels of equivalence. It begins with a focus on non-literary translation, and, thereafter, opens up to challenges specific to literary translation. Beginning with a close-up view in order to engage with these ‘building blocks’ of translation, it then goes on to view the process of translation from its place within culture and addresses issues that flow from it. Finally, it brings up some philosophical perspectives on translation. Thus, the course aims to give a comprehensive view of the act of translation and of issues concerning the domain of TS.",No,None
60,Trimester 2/5/8/11 & PhD 5/8,LAA,LITT,LITT431|HIST431,Fictions of History,CC approval recd,No,No,Yes,Yes,No,No,No,Elective,4,Kai Easton,"Elective for Literature majors, minors, and concentrations",None,"This course looks at representations of history in fiction, film and auto/biography. Focussing on texts in English geographically ranging from England to South Africa, India and Australia, and temporally from the eighteenth century to the present day, we will examine the intersections of history and fiction in selected works from around the globe. What are the implications of reading a novel for its historical content or accuracy? How does the memoir or biography negotiate intergenerational histories and ideas of veracity? How do different writers reflect on questions of authorship and audience? How might archival research and films – documentaries, biopics, and adaptations – expand our readings of novels and histories? This is an interdisciplinary seminar which is designed to emphasise a high level of critical thinking and creativity. Students will be encouraged through their worksheets and their ongoing notebook assignment to be fully prepared and to contribute to each session productively, as well as to reflect on connections between each week’s topic. The final assessment is a visual archive essay which will require independent and original research, and which will be workshopped and presented to the seminar group at the end of term.",No,To be capped at 20 students
61,Trimester 2/5/8/11 & PhD 5/8,LAA,LITT,LITT335,Editing and Publishing,CC approval recd,No,Yes,Yes,Yes,No,No,No,Elective,4,Prajwal Parajuly,"Elective for Literature majors, minors, and concentrations",LITT 206: Introduction to Creative Writing,"This is a 12-week course in which students learn the nuances of editing and develop a thorough understanding of the publishing industry. By the end of the term, you will have mastered the intricacies of wielding the red pen by picking out holes in stories, learning to make every word count, and knowing your semi-colons from your commas. You will learn to differentiate between editing a short story and a news story. As expert editors, you will realize that editing is as much a science of exactitude as it’s an art. To write, you will discover, is to edit. The class will be heavy on workshops. You will learn not just to edit but to edit under pressure. You will also learn what it means to be an editor in the age of AI. Editing is a small component of the publishing journey, which is often a long, drawn-out affair. We will become familiar with this somewhat opaque process and understand the complexities of modern-day publishing. We will learn what happens to a book once it is written, the various roles professionals play to get it published, and why a writer needs an agent. We will cover editorial pitches, book design, and marketing and publicity. How does one find work in publishing? What are some new-age responsibilities of writers in an era of literature festivals and shameless self-promotion? How do some books become bestsellers while others fade into irrelevance? We will address all these questions via in-class lectures, seminars and meetings with professionals.",No,To be capped at 20 students
62,Trimester 2/5/8/11 & PhD 5/8,SCI,BIOS,BIOS218,Biochemistry,CLEAR,No,Yes,Yes,Yes,NO,NO,NO,Required,4,Lakshman Varanasi,"Major, Minor",Life at Different Scales or Instructor approval,"The course is intended for second year undergraduate students and is meant to be an introduction to the physical and chemical principles that underlie and underpin the biology of organisms. The course will help students understand the molecular logic of life; it will enable them to find answers to questions pertaining to the various aspects of a biological system; these are some samples. How, in biological systems, is energy created or captured, stored, and transmuted, and how is the need for energy sensed? What are the energetic and kinetic bases of a biochemical reaction, which is in turn a unit of a physiological process? How are the various biomolecules synthesized and degraded, and how is the balance between anabolism and catabolism maintained? What are the guiding principles of this homeostasis? How are the various physiological processes orchestrated and synchronized at the level of the system? How does a bodily fluid such as blood act as a buffer, and how is this physiologically important? What are the various classes of biomolecules that make up molecular superstructures, and how do their structures help them perform their function? Instruction in the above will help the student to begin to learn to interpret experimental data, and to better understand biochemical research.",,None
63,Trimester 2/5/8/11 & PhD 5/8,SCI,BIOS,BIOS207,LAB I,CLEAR,No,Yes,Yes,Yes,NO,NO,NO,Required - Elective for 2022-26 batch,2,Lakshman Varanasi,Major,At the discretion of the instructor,"The course aims to bring together and synthesize the various concepts taught in the Biochemistry and Microbiology courses, to enable a better understanding of these subjects through practical application. The practicals will include instruction in basic laboratory procedures, such as the maintenance and use of a laboratory journal, acquaintance with basic laboratory rules and safety regulations, the preparation of solutions and buffers, the measurement of mass and pH, calculation of solution concentrations as normality, molarity, molality, or as mass/volume, volume/volume etc, the preparation of solutions and buffers, the estimation of error in measurements of mass, volume, pH and other variables*, the use of basic laboratory glassware/plasticware and instruments, the extraction and estimation of protein or DNA in solution, the use of the compound- and stereo-microscopes, the gram staining of bacteria, the preparation of bacterial media (Luria Bertani or another), the sterilization of labware and media, the preparation of culture plates, the inoculation and culture of media by various means, and the extraction and analysis of bacterial deoxyribonucleic acid by chromatography. The course may also include exercises in the laboratory using data drawn from the literature.
*Instruction in the estimation of error will be provided in PHYS lab classes intended for PHYS, CHEM, and BIOS students.",,None
64,Trimester 2/5/8/11 & PhD 5/8,SCI,BIOS,BIOS217,Microbiology,CLEAR,No,No,Yes,Yes,NO,NO,NO,Required,4,TBD,Major,Life at Different Scales,"The course is designed for a college level audience, and is intended as a comprehensive foundation for advanced courses that students may opt for in the future. Course topics will be contemporary, and will focus on conceptual understanding and not encyclopedic detail. The course will involve the study of microbes of the various taxa, viz viruses, protozoans, bacteria, algae, and fungi, their place in the evolutionary order of things, their diversity and distribution, and their relevance in the Anthropocene. The course will use a bacterial-centric approach in its treatment of microbial taxonomy, metabolism, genetics, multiplication, and growth. Industrial, agricultural, environmental, and clinical applications and value will be highlighted wherever relevant using microbial archetypes; this will include certain clinically important pathogens and their control, fermentation as an industrial process, the use of engineered microbes in waste processing and pollution control, and agricultural pests and pest controls. The contribution of microbes to human health (as the microbiome, and as probiotics), and societal and environmental health (as degraders of waste) will be discussed. Students will be taught to isolate bacteria from their surroundings, and to examine, identify, propagate, and preserve them. Emphasis will be placed on bacterial genetics, especially the bacterial extra-chromosomal DNA (the plasmid) and its centricity in recombinant DNA techniques or genetic engineering. The course will enable the student to understand the multitudes of microbes cohabiting with humans, and the nature and degree of interaction between the two. Care will be taken to cross-reference concepts taught in this course with relevant concepts taught in earlier courses.",,None
65,Trimester 2/5/8/11 & PhD 5/8,SCI,BIOS,BIOS241|ENVS231,Ecology and Conservation Biology,CLEAR,No,Yes,Yes,Yes,NO,NO,NO,Required,4,Guha Dharmarajan,Major,Life at Different Scales,"This course covers the fundamental principles of ecology and ecosystem dynamics, relating these with evolutionary processes and introducing concepts of disturbance and resilience. The focus is on the principles of life, how it functions at the population, community and ecosystem levels, relating these with adaptations to unique environmental conditions. This course will be split into four interrelated modules. The first module, population ecology, will deal with the fundamental concepts of habitat and niche, population dynamics (e.g., population growth and regulation) and population structure (e.g., metapopulations). The second module, community ecology, will focus on species interactions (e.g., interspecific competition, predation and mutualism), the nature of communities (e.g., community structure and function). The third module, ecosystem ecology, will take a in depth look at ecosystem structure and function (e.g., energy flow and nutrient cycling), ecosystem dynamics (e.g., ecological succession) and major concepts related to biogeography (e.g., the theory of island biogeography and the major biogeographical zones of India). The final module, conservation biology, will bring together the previous modules and show how the field of conservation biology has harnessed the principles of ecology to manage biodiversity. The course will focus on the principles of conservation (e.g., the design and management of protected areas), ecological restoration and will conclude with some important case studies, frorm India and across the globe, that showcase various conservation/management strategies.","Data Analytics and Scientific Reasoning (Recommended: Life at Different Scales and Evolution) 
",None
66,Trimester 2/5/8/11 & PhD 5/8,SCI,BIOS,BIOS236,Immunology,CLEAR,No,No,Yes,Yes,NO,NO,NO,Elective,4,Vaishali Sharma,Elective,Form and Function (Animal Anatomy and Physiology),"The course comprises a study of the human defense system against pathogens and disease causing agents. It will start with the genesis of the immune system from the lymphoid cells of bone-marrow tissue, and its maturation. It will go on to the molecular basis for determination of self- and non-self, and how an aberration in this process causes the immune system to go rogue and cause auto-immune disease. The course will center around the humoral and cell-mediated immune responses, of their attendant molecular and cellular events, and how the immune system evolves throughout the lifetime of an individual. It will address different aspects of the immune system such as the genetic control of immunoglobulin gene expression, and antibody production, maturation and diversity, and the roles of the thymus, spleen, and lymph nodes. The modulation or suppression of the immune system for tissue and organ graft will be discussed, as will be the reciprocal effects of disease and the immune system, allergies and the inflammatory response, and the use of the immune-system as therapy against cancer and other diseases as drugs or vaccines. The course will also include the mechanisms pathogens have evolved to evade the immune system, and the state of our knowledge of these systems. The reconstitution of the human immune system in mice will be discussed at length to further enable the student’s understanding of the same.",,None
67,Trimester 2/5/8/11 & PhD 5/8,SCI,BIOS,BIOS222|ENVS222,Plant Diversity and Reproduction,CLEAR,No,Yes,Yes,Yes,NO,NO,NO,Elective,4,Yadugiri Tiruvaimozhi,Elective,None,"This course is a primer to plant life, covering what comprises the plant Kingdom, how to identify different plants, and how plants reproduce. The first part of the course will explore the diversity of plants from algae to angiosperms. This will include discussions of plant evolution and phylogeny, how and when the first land plants arrived, how plants are classified, and how to identify broad groups of plants including some common Families of angiosperms. We will also explore morphological, anatomical, physiological and other adaptations of plants that allow them to grow in diverse environmental conditions. The second part of the course will focus on the different reproductive strategies of various groups of plants. Some aspects unique to plant reproduction will be discussed, such as alternation of generations in lower plants, and monoecy, dioecy, pollination strategies, double fertilization and embryogenesis in higher plants.",,None
68,Trimester 2/5/8/11 & PhD 5/8,SCI,BIOS,BIOS223,Advanced Cell Biology,CLEAR,No,No,Yes,Yes,NO,NO,NO,Elective,4,Gautam Banerjee,Elective,At the discretion of the instructor,"The Advanced Cell Biology course builds upon the foundational Cell and Molecular Biology course and is a deeper dive into the working of the cell in the context of a system. The course is a problem and exercise based approach to understanding specific aspects of the cell in the context of its physiological milieu and system (Human/Animal). The course will begin where the Basic cell and molecular biology (BIOS 205) course ended. This is an ideal and probably very important subject for students who want to pursue MSc/PhD and want to build a career in research in an academic or industrial setting. This course will connect with other areas of bioscience (microbiology, physiology, Immunology) to understand the connections between these related areas. It will delve into the cross talk among different cell types across tissue/organs and their role in health and diseases.
The syllabus include,
Visualizing and analyzing molecules, cells, and systems (contd from BIOS 205)
The Cell Cycle: its control and regulation; aberrations in its control and the consequent effect on the cell and system; growth, development, differentiation.
Cell death; apoptosis and programmed cell death, autophagy, senescence; stem cells and cell lineages
The evolution of the rogue cell and its contextual behavior
Cell signaling archetypes in eukaryotic cells and systems; their control and regulation; redundancy; defects in signaling systems and their ramifications, as in NCDs
Drug discovery and delivery : Current trends",,None
69,Trimester 2/5/8/11 & PhD 5/8,SCI,CHEM,CHEM206,Carbon based molecules,CLEAR,No,Yes,Yes,Yes,No,No,No,Required,4,Debajit Maity,"Required for Chemistry major,minor",None,"This course will provide students with a comprehensive understanding of the fundamental principles and concepts of chemical bonding (Hybridization, MO theory) structure-property relationship (dipole moment, acidity, basicity) in organic molecules. This course aims to equip students with the problem-solving skills in Organic Chemistry. By successfully completing the course, students will have a fundamental background in Organic Chemistry and reaction mechanism.","Yes, CHEM306",None
70,Trimester 2/5/8/11 & PhD 5/8,SCI,CHEM,CHEM208,"Atoms, molecules & elements",CLEAR,No,Yes,Yes,Yes,No,No,No,Required,4,K. Vishwanathan,"Required for Chemistry major,minor",None,This course aims to introduce the students to quantum mechanics and demonstrate how the ideas of quantum mechanics help in understanding chemical phenomena and the layout of the periodic table. The role of quantum mechanics in explaining atomic structure and bonding will be established. This is a novel approach and is different from the historical development of the field.,None,None
71,Trimester 2/5/8/11 & PhD 5/8,SCI,CHEM,CHEM306,Making Carbon based Molecules,CLEAR,No,No,YES,YES,No,No,No,Required,4,Surajit Kayal,Required for chemistry major,CHEM206,"This course will introduce students to the methods of organic synthesis, common name reactions, and the mechanisms in organic chemistry. The focus of the course will be the organic mechanisms that will guide the students to perform stereo-specific organic synthesis. The major ingredients of the most common organic syntheses will be discussed.","Yes, CHEM413",None
72,Trimester 2/5/8/11 & PhD 5/8,SCI,CHEM,CHEM220,Symmetry and Group Theory,CLEAR,No,YES,YES,YES,No,No,No,Required,2,Brijesh Mishra,Required for Chemistry Major,None,"This course will introduce students to the symmetry elements in molecules, concept of point group, character table, use of group theory in conceptualizing symmetry properties, application of group theory in understanding spectroscopy, chemical reactions and bonding phenomenon","Yes, CHEM412",None
73,Trimester 2/5/8/11 & PhD 5/8,SCI,CHEM,CHEM222,Physical Chemistry Lab,CLEAR,No,YES,YES,YES,No,No,No,Required,2,Raghu Maligal Ganesh,Required for Chemistry Major,None,"This course will introduce students to the various advanced physicochemical experiments such as conductometry, pH metry, surface tension, viscosity, potentiometry and spectroscopy.",None,None
74,Trimester 2/5/8/11 & PhD 5/8,SCI,CHEM,CHEM225|BIOS225,Systems Biology,Query raised,No,No,Yes,Yes,YES,YES,YES,Elective,4,Kalyan Chakrabarty,Elective,At the discretion of the instructor,"The cell is an integrated device made of several thousand types of proteins molecules, each of which is a molecular machine to carry out very precise tasks. The cell lives in a complex environment and must make decisions about input signals including temperature and osmostic pressure, biological signalling molecules from other cells, beneficial nutrients and harmful chemicals. Information about the internal state of the cell, such as the level of metabolites and cell damage is also important. The information processing functions, that is, responding to these signals, is largely carried out by the transcription factors and networks. In this course we will discuss the engineering principles of biological networks and their implications in cellular functioning and diseases.",,None
75,Trimester 2/5/8/11 & PhD 5/8,SCI,CHEM,CHEM424,Instrumental Methods of Analysis,CLEAR,No,No,No,YES,No,No,No,Required,2,Surajit Kayal,Required for Chemistry Major,None,"This course will introduce students to the various spectroscopic experiments based on absorption, emission and FTIR spectrosocpy",None,None
76,Trimester 2/5/8/11 & PhD 5/8,SCI,CHEM,CHEM320,Electrochemistry,CLEAR,No,YES,YES,YES,No,No,No,Elective,4,Raghu Vamsy,"Eelctive for Chemistry Major,minor",CHEM215,This course aims at introducing concepts of electrochemistry and its application in various basic and industrial processes.,None,None
77,Trimester 2/5/8/11 & PhD 5/8,SCI,CHEM,CHEM423,Stereochemistry,CLEAR,No,No,No,YES,No,No,No,Elective,4,Debajit Maity,"Eelctive for Chemistry Major,minor",None,"Spectroscopic techniques play a very important role in science and technology. It is important to understand these methods to know their advantages, applicability and limitations. Spectroscopy plays a pivotal role in our understanding of matter, energy and their interaction; in addition, it also plays a very important role in materials characterization. A few non spectroscopic methods will also be discussed in this course. This course will cover the principles and application of the various experimental methods and basic instrumentation. Basic high school mathematics and an introductory course on quantum chemistry are prerequisites.",None,None
78,Trimester 2/5/8/11 & PhD 5/8,SCI,CHEM,CHEM411|COMP414,Molecular modelling and Simulations: Biomolecules and rational drug design,CLEAR,No,No,No,YES,No,No,No,Elective,4,Sudip Roy,"Eelctive for Chemistry Major,minor",None,"This course aims to expose students to various computational methods to study many problems of interest in chemical and biological sciences. Students taking this course will learn the principles of computer simulations, and applications proteins . This course will be helpful to students who wish to pursue advanced research in computational chemistry and materials science and those who wish to pursue research careers in the industry.",None,None
79,Trimester 2/5/8/11 & PhD 5/8,SCI,CHEM,CHEM425,Introduction to two dimensional NMR spectrscopy,CC approval recd,No,No,No,YES,No,No,No,Elective,4,N Chandrakumar,"Eelctive for Chemistry Major,minor",None,"This course provides an introduction to the principles and applications of two-dimensional (2D) nuclear magnetic resonance (NMR) spectroscopy. Students will learn the theoretical foundations of 2D NMR, including the concepts of spin interactions, coherence transfer, and pulse sequences. The course will cover key techniques such as COSY, HSQC, HMBC, and NOESY, with a focus on their utility in structural elucidation of organic and biomolecular compounds. Through a combination of lectures and problem-solving sessions, students will develop the ability to interpret 2D NMR spectra and apply these methods to solve complex structural problems in chemistry and biology.",None,None
80,Trimester 2/5/8/11 & PhD 5/8,SCI,CHEM,CHEM326|BIOS326,Food Chemistry,CLEAR,No,YES,YES,YES,No,No,No,Elective,4,Sathvika Talasila,"Eelctive for Chemistry Major,minor",None,"This course introduces the fundamental principles of food chemistry, focusing on the composition, structure, and chemical transformations of food components. Topics include the chemistry of carbohydrates, proteins, lipids, vitamins, minerals, water, and enzymes, along with their roles in food quality, nutrition, and stability. Students will explore the impact of processing, storage, and preparation on food chemistry and the development of flavor, color, and texture. Emphasis will be placed on understanding chemical reactions such as Maillard browning, lipid oxidation, and enzymatic activity, which influence both the safety and sensory properties of foods.",None,None
81,Trimester 2/5/8/11 & PhD 5/8,SCI,CHEM,CHEM422,Advanced Spectroscopy,CLEAR,No,No,No,YES,No,No,No,Elective,4,KS. Vishwanathan,"Eelctive for Chemistry Major,minor",CHEM206,"This course provides a foundational understanding of stereochemistry, the study of the three-dimensional arrangement of atoms in molecules and its impact on chemical behavior. Topics include chirality, enantiomers, diastereomers, conformational analysis, stereoisomerism in organic and inorganic systems, and the influence of symmetry elements. The course emphasizes the role of stereochemistry in physical and chemical properties, reactivity, and biological activity, with examples from natural products, pharmaceuticals, and materials. Students will develop skills in visualizing and representing stereochemical relationships, and in applying stereochemical principles to predict molecular interactions and reaction outcomes.",None,None
82,Trimester 2/5/8/11 & PhD 5/8,SCI,COMP,COMP205,"Programming, Algorithms and Data Structures",CLEAR,NO,YES,YES,YES,No,No,No,Required,4,S M Meesum,Required for CS major,Introduction to Computation through Programming,"The course builds on the first course in programming to serve as a gentle introduction to more
 advanced ideas in programming with more advanced data structures. Further, it ties up the
 practice of programming with reasoning about program performance and correctness. The
 questions that motivate the course include:
 (1) What does it mean for a program or an algorithm to run at a particular time or
 consume a certain amount of space?
 (2) What do data structures have to do with run-time and space? How do we build more
 efficient data structures, which can computationally capture a range of objects?
 (3) How do we make them more efficient? Or handle complex trade-offs that are involved
 in this regard.
 (4) How do we use all that we know about programming to build implementable interactive
 programs of intermediate scale?",Yes. for Design and Analysis of Algorithms,None
83,Trimester 2/5/8/11 & PhD 5/8,SCI,COMP,COMP208|DATA208(2),Introduction to Linear Algebra,CLEAR,No,Yes,Yes,Yes,No,No,No,Required,4,"Naveen Prabhakar, Rishi Vyas",Required for CS & DS major,Mathematical Foundations of Data Science,"Linear Algebra (Vectors, Vector Spaces, Eigenvalues, Eigenvectors, Linear Transformations,
 SVD). This course offers an introduction to a range of essential mathematical topics centred around linear
 algebra of finite dimensional real vector spaces, multivariable calculus, and probability. This course is aimed
 at both computer science and data science major/minor students, who have to/wish to pursue advanced
 courses without the necessary background in mathematics. The focus will be to inculcate familiarity with the
 language of continuous mathematics and develop an understanding of the intuition behind the concepts, and
 an ability to apply these concepts. It will further develop an ability to write basic proofs in these topics.",Yes,None
84,Trimester 2/5/8/11 & PhD 5/8,SCI,COMP,COMP313,Machine Learning,CLEAR,NO,NO,YES,YES,No,No,No,Required,4,S M Meesum,Required for CS Major,"1. Probability and Statistics
 2. Design and Analysis of Algorithms","This course is a hands-on introduction to tools and techniques in machine learning to model complex phenomena and solve problems in a variety of domains including bioinformatics, computer vision, computer science, computational finance, econometrics, operations management, and sports data analytics. This course covers the following topics: (i) Simple Linear Regression, Multiple Linear Regression, Training and Validation, standard error measures and analysis of model predictions, model selection, and regularization; (ii) Classification: Logistic Regression, Linear Discriminant Analysis, and support vector machines; and (iv) Overview of Unsupervised Learning: Principal Component Analysis and Clustering techniques. This course will also introduce Python tools and libraries.",Yes. Deep Learning and other Machine Learning Electives,None
85,Trimester 2/5/8/11 & PhD 5/8,SCI,COMP,COMP312,Principles of Computer Systems,CLEAR,NO,NO,YES,YES,No,No,No,Required,4,Inzememul Haque,Required for CS Major,Introduction to Systems Programming,"This course delves into the intricate workings of computer systems, focusing on the 
  interaction between application programs and the underlying system software. Through theoretical 
  exploration and practical exercises, students will gain a comprehensive understanding of how 
  programs are executed on a system, the role of operating systems in managing resources, and 
  techniques for efficient program communication and concurrency. Topics include the role of the 
  linker in combining program components, the cooperation between modern operating systems and 
  hardware, and the management of program execution and memory. Students will build a strong 
  foundation in the interaction between programs and hardware, setting the stage for advanced 
  exploration. Students will also learn about the basic I/O services provided by Unix operating 
  systems and how to leverage them to build applications for various purposes, such as web clients 
  and servers. Special attention will be given to techniques for writing concurrent programs, enabling 
  efficient utilisation of multi-core processors and enhancing program performance. By the end of 
  this section, students will possess the skills to develop robust, high-performance applications 
  capable of handling diverse communication scenarios.",For High-Perofmrnace Computing and other Systems Courses,None
86,Trimester 2/5/8/11 & PhD 5/8,SCI,COMP,COMP422,Fundamentals of Digital Image Processing,CLEAR,NO,NO,YES,YES,No,No,No,Elective,4,Mullai Thiagu,Elective for for 4th year & 3rd year.,Proabability and Statistics/MFCS III,"The purpose of this course is to introduce the fundamentals of 2-D digital image processing with emphasis in image enhancement techniques, image filtering design and applications such as
 fingerprint recognition, industrial machine vision for manufacturing sectors, medical diagnosis, assessment of crops or weather prediction, object detection or recognition etc. This course introduces
 students to the steps of a typical digital image processing pipeline , geometric image transformations, interpolation and enhancement techniques.",None,None
87,Trimester 2/5/8/11 & PhD 5/8,SCI,COMP,COMP431|ARTS431,Introduction to Computer Music,CLEAR,NO,NO,YES,YES,No,No,No,Elective,4,Srikumar Subramanian,"Elective course for math major, minor & concentration",Basic programming skills with Python. Other tools will be introduced. See wiki page.,"This course presents this fascinating field spanning music composition, sound synthesis, new ways of thinking about music, computer programming, languages invented for music composition, audio signal processing and mathematics of music.",None,None
88,Trimester 2/5/8/11 & PhD 5/8,SCI,COMP,COMP333|CHEM333,Introduction to Applied Computing,CC approval recd,NO,NO,YES,YES,No,No,No,Elective,4,Chiranjib Sur,"Elective course for math major, minor & concentration",Familiarith with Programming and Algorithms,"Computational engineering is an emerging field that focuses on using computer simulations and
modeling to solve complex engineering problems. It bridges the gap between theoretical science
& engineering principles and practical applications by leveraging computational tools and
techniques of computer science.
The “Introduction to Computational Engineering” course is a semi-advanced view of how
computer systems execute programs, store information, and communicate. The intent is two fold
-
a) to give the CS students the exposure to apply their knowledge in few applied areas and
b) the students from other fields of basic sciences (physics, chemistry, biology, economics)
the exposure to understand computing a bit deeper.",None,None
89,Trimester 2/5/8/11 & PhD 5/8,SCI,COMP,COMP340,"Security: Technology, Privacy and Ethics",CLEAR,NO,NO,YES,YES,No,No,No,Elective,4,Abuthahir Abdulrahuman,"Elective course for math major, minor & concentration","Discrete Mathematics/MFCS - I, Familiarity with Computer Systems","Much of the contemporary life in the post internet era relies on information security. This course teaches the basic concepts and principles of information security, and the fundamental
 approaches to secure computers and networks. It mainly focuses on security fundamentals, standard cryptographic functions and protocols, threats and defenses for real-world
 systems, privacy, legal &amp; ethical issues of security, computer forensics, malicious software, denial of service, and firewalls.",None,None
90,Trimester 2/5/8/11 & PhD 5/8,SCI,DATA,DATA204,Applied Statistics,CLEAR,No,Yes,Yes,Yes,No,No,No,Required,4,Brijesh Jha,Major/Minor/Concentration,Mathematical Foundations to Data Science,"This course will begin by providing an overview of statistical thinking: descriptive statistics,
 simulating various standard discrete and continuous distributions in R, sampling distribution and its
 connection with the law of large numbers and central limit theorem. Secondly, this course will introduce
 statistical inference: sampling and its distribution characteristics, point estimation, and hypothesis testing.
 We illustrate this module by solving some inference problems using time series data obtained from different
 contexts.",Yes,None
91,Trimester 2/5/8/11 & PhD 5/8,SCI,DATA,DATA239|COMP239,Geometry for Computer Vision,CC approval recd,No,No,Yes,Yes,No,No,No,Elective,4,Shankar Subramanian,"Elective course for CS & math major, minor & concentration","Applied Linear Algebra and Intro to Calculus in the data science curriculum (or equivalent)
 are required as prerequisites","How do computers &quot;see&quot; the world? The mathematical foundation of computer vision lies in
 understanding how shapes and images transform—and this course will teach you that
 language from the ground up.
 Starting with the familiar geometry of high school (Euclidean), we&#39;ll discover how different
 types of transformations create entirely new geometries. You&#39;ll learn how allowing shapes to
 be scaled gives us Similarity Geometry, how parallel lines behave in Affine Geometry, and
 ultimately how Projective Geometry explains why railroad tracks appear to meet at the
 horizon—the same mathematics that lets computers reconstruct 3D scenes from 2D
 photographs.
 This isn&#39;t your typical geometry course. Following Felix Klein&#39;s revolutionary approach, we&#39;ll
 see geometry not as a collection of theorems about triangles and circles, but as the study of
 what stays the same when shapes transform. This unified view connects ancient Greek
 mathematics to cutting-edge computer vision applications like facial recognition, autonomous
 vehicles, and augmented reality.
 No advanced mathematics required—just high school algebra, basic calculus, and curiosity
 about how mathematical ideas connect. Through concrete examples and visual reasoning,
 you&#39;ll build intuition for concepts that usually appear only in graduate courses.
 
 This course sets the foundation for Computer Vision II, where you&#39;ll apply these geometric
 tools to real-world vision problems. Whether you&#39;re interested in AI, robotics, computer
 graphics, or just want to see mathematics from a fresh perspective,",No,None
92,Trimester 2/5/8/11 & PhD 5/8,SCI,DATA,DATA302,Introduction to Statistical Learning,CC approval recd,No,No,Yes,Yes,No,No,No,Required,4,Ravi Prakash G Iyer,Major/Minor,"Mathematical Foundations of Data Science, Applied Linear Algebra, Data Structures and Algorithms, Applied Statistics","This course is a hands-on introduction to tools and techniques in machine learning to model complex phenomena and solve problems in a variety of domains including health care, medical diagnostics, image recognition, stock prediction, and sports data analytics. This course covers the following topics: (i) Simple Linear Regression, Multiple Linear Regression, Training and Validation, standard error measures and analysis of model predictions, model selection, and regularization; (ii) Classification: Logistic Regression, Linear Discriminant Analysis, and support vector machines; and (iv) Overview of Unsupervised Learning: Principal Component Analysis and Clustering techniques. This course will also introduce Python tools and libraries including scikit-learn, imblearn etc.",Yes,None
93,Trimester 2/5/8/11 & PhD 5/8,SCI,DATA,DATA236,"Generative AI, Agentic AI, and the Importance of Responsible AI",CC approval recd,No,Yes,Yes,Yes,No,No,No,Elective,4,Srinivas Padmanabhuni,N/A,"None. No prior technical or programming knowledge required. A curious and open mindset toward
 technology is encouraged.","This course introduces students to the transformative world of Artificial Intelligence, with a focus on
 Generative AI, Agentic AI, and the critical need for Responsible AI. Through real-world case studies,
 accessible tools, and thoughtful discussions, learners will explore how AI is reshaping creativity,
 decision-making, and ethics in modern society.",No,None
94,Trimester 2/5/8/11 & PhD 5/8,SCI,DATA,DATA237,Applied dynamical systems,CC approval recd,No,Yes,Yes,Yes,No,No,No,Elective,4,Naveen Prabhakar,N/A,Intro to Calculus and Applied Linear Algebra or equivalent,"This is an introductory course on applied dynamical systems for the data science major. The
 main aim of the discipline of dynamical systems is to model the phenomenon of dynamics or
 change that is ubiquitous in the real world. The earliest examples of dynamical systems
 addressed by humankind were the motion of planets and other celestial bodies, changes in
 seasons, and observations of the life cycles of plants and animals.
 Though it is impossible to track the change in each and every aspect of a given system with
 many dynamic parts, overall patterns persist that capture gross features of the system.
 Examples include periodic recurrences of phenomena, irreversibility of certain processes,
 and so on. The theoretical model of a dynamical system aims to capture such overall global
 features of the system in mathematically precise terms.
 An important idea that pervades the study of dynamical systems is chaos: the sensitivity of a
 dynamical system to initial conditions. The phenomenon of chaos is indeed the norm rather
 than the exception in the real world, and it appears in a variety of forms with different
 mechanisms as well. In this course, we will give an introduction to chaos and its importance
 in understanding the time dependence of real-world phenomena.
 A good understanding of the basic concepts in Calculus and Linear algebra is encouraged,
 but the course is designed to be self-contained and will include a review of the important and
 
 relevant concepts. The emphasis will be on visualizing the important ideas rather than on
 rigorous proofs. The course also aims to give a flavour of the interdisciplinary nature of the
 discipline via many case studies in biology, electric circuits, mechanics, finance, and so on.",No,None
95,Trimester 2/5/8/11 & PhD 5/8,SCI,DATA,DATA238|ECON238,Numerical Methods for Data Science,CC approval recd,No,Yes,Yes,Yes,No,No,No,Elective,4,Subha Venkatraman,N/A,Intro to Calculus and Applied Linear Algebra or equivalent,"Numerical methods are practical methods to find appropriate solutions to
 mathematical problems that cannot be solved analytically. This includes both problems
 described by algebraic and differential equations. In addition to solving the equations,
 inevitable data analysis techniques like interpolation and extrapolation are also carried out
 numerically. Understanding these methods are essential for a Data Science student. In this
 course the students will be taught about numerical methods involving non-linear and linear
 equations for finding roots, interpolation, extrapolation, numerical differentiation, integration
 and solution of ordinary differential equation and partial differential equation.",No,None
96,Trimester 2/5/8/11 & PhD 5/8,SCI,ENVS,ENVS204,"Climate Change: Science, Economics, and Policy",CLEAR,No,Yes,Yes,YES,NO,NO,NO,Required,4,Chirag Dhara,"ENVS - single, double, minor",NA,"This course offers an in-depth exploration of global climate change, examining its scientific, economic, and policy dimensions. We will begin by discussing real-world manifestations of climate change and the fundamental science behind Earth's climate system. This includes understanding weather patterns, energy balance, the role of greenhouse gases, and the carbon cycle, along with future scenarios and tipping points.
 
 Students will engage with the latest scientific reports, such as those from the IPCC, to grasp observed and projected changes in climate. We will critically analyse issues of equity and responsibility in climate change. We will deconstruct the concept of “net-zero” emissions, discussing carbon budgets, sequestration techniques, the outcomes of international climate negotiations, and the geopolitics of climate change.
 
 In addition, the course covers practical aspects like carbon footprinting and the evaluation of real-world commitments to achieving carbon neutrality. We will study the impacts of climate change, including compound events, and explore both mitigation and adaptation strategies. Economic aspects such as carbon markets and various economic models will also be discussed to provide a comprehensive understanding of the approaches to addressing climate change.
 
 An overarching theme running through the course will be the issue of climate (in-)justice, which we will examine from multiple perspectives. The course will culminate in end-term projects, in which groups will synthesize and apply the knowledge gained throughout the course.",,None
97,Trimester 2/5/8/11 & PhD 5/8,SCI,ENVS,ENVS306,Introduction to Sustainability,CLEAR,No,Yes,Yes,Yes,NO,NO,NO,Required,,Lidija Stankovikj,ENVS Major and Minors,,"This multidisciplinary course provides a comprehensive and critical exploration of sustainability, focusing on the interconnectedness of its environmental, social, and economic dimensions. It examines the historical and scientific origins of the sustainability movement and its evolving principles, while critically assessing contemporary global challenges such as water scarcity, food insecurity, energy demands, rapid urbanization, pollution, waste management, and the impacts of war and violent conflict. It introduces sustainability frameworks and models and, through global examples and case studies, explores both actionable strategies and limitations for addressing sustainability challenges. The course engages critically with sustainability concepts and trade-offs, drawing from disciplines such as ecology, economics, ethics, and development studies. The course fosters reflection on the complex stakeholder interplay, values and behaviours of individuals and groups, examining concepts of power dynamics, inequality and social justice, and emphasizing their impact on individuals and communities.",,None
98,Trimester 2/5/8/11 & PhD 5/8,SCI,ENVS,ENVS245,Environmental Chemistry,CLEAR,No,Yes,Yes,Yes,NO,NO,NO,Elective,4,Sathvika Talasila,Electives,None. But a basic course in chemistry is desirable.,"Introduction to the Environmental Chemistry 
 The environmental chemistry is an interdisciplinary science that includes chemistry of atmosphere, hydrosphere and soil and the effect of anthropogenic activities on the environment.
 The well-known events in climate change, triggered by greenhouse gases and the stratospheric chemistry of ozone depletion by chlorofluorocarbon molecules will be discussed.
 The wastewater treatment and purification along with the various water quality parameters (including conductivity, pH, alkalinity, hardness) and their measurement will be examined.
 The treatment of solid waste and soil pollution will also be covered.",,None
99,Trimester 2/5/8/11 & PhD 5/8,SCI,ENVS,ENVS238,Introduction to Environmental Law and Policy,CC approval recd,No,Yes,Yes,Yes,NO,NO,NO,Elective,,Abhayraj Naik,Electives,,"This course provides an introduction to environmental law and policy
 with a focus on India. International, regional and global examples are
 included, with a prioritisation of bioregional, South Asian, and global
 South examples. The course emphasis is distributed between
 foundational perspective-building and practical problem-solving and
 skill application. The course curriculum covers conceptual and historical
 terrain, main sources and functional forms, constitutional context, and
 structural dimensions (including main institutions and networks) of
 environmental law and policy, with a deep dive into specific sub-fields
 including biodiversity and wildlife, climate change, energy, forests,
 pollution, urban environments, and water. Special attention is devoted
 
 Page 2 of 2
 
 to environmental and social justice concerns across the different sub-
 fields, laws, and policies. The course will be of interest to anyone
 seeking to develop a rigorous approach towards understanding the law
 and policy context, implications, and possibilities of most current
 environmental issues and problems.",,None
100,Trimester 2/5/8/11 & PhD 5/8,SCI,ENVS&ARTS,ENVS345|ARTS345,Theatre Of The Climate: Performing A Just Future,CC approval recd,No,No,Yes,Yes,Yes,Yes,Yes,Elective,4,Swarnamalya Ganesh & Chirag Dhara,"Global Arts Monir, Litt- Arts Joint Major, Concentration",None,"Theatre of the Climate: Performing a Just Future is an interdisciplinary course that
 bridges environmental sciences and the arts to explore climate change as both a systemic
 crisis and a human story. As climate realities become increasingly urgent, understanding
 them requires not only scientific insight but also emotional resonance, cultural memory, and
 ethical imagination. This course invites students to examine climate change through the
 lenses of social and ecological justice, considering how inequalities of caste, gender and
 geography shape vulnerability and responsibility.
 Blending systems thinking, ecological theory, and participatory art practices in theatre,
 dance, storytelling, and visual arts, students will explore the role of traditional knowledge
 systems, in making the climate crisis personal and public. Drawing on readings from
 science, performance studies, and decolonial thought, alongside engagements with artistic
 practitioners and community archives, students will develop original art-based interventions.
 The course culminates in collaborative performance prototypes that embody just and
 sustainable futures. It is ideal for students pursuing environmental sciences, global arts, or
 any other discipline with an interest in climate action and creative expression.
 Theatre, dance, and visual arts can bring to life the narratives of those affected by
 environmental injustices, offering audiences a visceral understanding of these complex
 issues.
 This course is proposed to be capped at 15 students.
 Learning Outcomes:
 1. Students will be able to analyse climate change as a “super wicked problem”
 using systems thinking and social-ecological frameworks.
 2. Students will critically engage with the intersections of climate injustice and
 social inequality through caste, gender and class lenses.
 3. Students will develop and apply performative, visual, and narrative art
 practices to sense, express, and communicate climate experiences and
 knowledge.
 4. Students will collaboratively design and present creative interventions - such
 as performances or installations - that address climate justice and imagine
 alternative futures.",No,None
101,Trimester 2/5/8/11 & PhD 5/8,SCI,ENVS,ENVS426,Environmental Justice,CLEAR,No,Yes,Yes,Yes,NO,NO,NO,Elective,4,Abhayraj Naik,Electives,None,"This interdisciplinary course prepares prospective academics, activists, ethicists, leaders, researchers and policy-makers for environmental justice challenges and opportunities in India and across the world. The initial course module focuses on the theoretical foundations and conceptual contexts of environmental justice. Next, an experiential education module guides learners in developing familiarity with the practice of environmental justice. The concluding module on institutional and societal changes for environmental justice further develops and synthesises the theoretical and practical insights generated earlier in the course.
 
 Environmental justice - a discourse that straddles research, policy, and activism – focuses on the dynamics of justice/injustice in environment-related thinking and action. A crude definitional attempt would be to say that environmental justice is concerned with who wins and who loses in any given environmental context, why and how this happens, why this matters to those involved and to all of us, and what can be done to change things around. Further, good environmental justice theory is attentive to questions of difference and colonialism and the multiple crises of contemporary global capitalism; some political thinkers, for example, explicitly identify the goals of green politics as striking at the very heart of the polluted, materialist, consumerist, unequal, and industrial capitalist society. Concepts closely linked to justice, for example - equity, equality, fairness, responsibility, difference, recognition, liberty, dignity, violence, goodness, rightness, etc. - necessarily get included in any analysis of environmental justice.
 
 Making the quest for environmental and social justice a central concern requires confronting the fundamental underlying processes (and their associated power structures, social relations, institutional configurations, discourses, and belief systems) that generate environmental and social injustices. A coherent political account of how we could respond to these challenges requires the conceptual arsenal provided by environmental justice theory and practice. Ideas of environmental justice therefore enable “new critical engagements with the relations between economy, environment and society, and illuminate the radical potential of sustainability” (Harvey 1996). Such an approach gives environmental practitioners a suitably nuanced, historical, comparative, and ethical orientation for their specific practice. 
 Another question of relevance for this course is: what would distinctly non-Eurocentric environmental justice agendas for India and the global South look like? The analysis here could focus on questions such as: do vulnerable people in India suffer the most from current models of development? If so, why is this and what can be done to correct the situation? How can we balance the tension between economic development and environmental protection in specific Indian geographies? What might be the tensions and polarities between conservationists and resource-dependent communities? What kinds of movements, campaigns, programs and projects are successful in achieving environmental justice in the distinctively Indian contexts of unstable federalism, rampant poverty, violent state action, low literacy, identity and coalition politics, endemic official corruption, poor enforcement machinery, etc.? What can environmental justice practitioners in India learn from the global environmental justice movement and from movements in other places in the global South? 
 
 Summarizing the above discussion, an environmental justice approach as understood in this course, therefore: 
 critically, contextually and holistically re-examines the foundations of environmental/sustainability thinking and action from the standpoint of justice, and;
 applies the insights gained from such a critical re-examination to ethically devise, implement and evaluate new approaches and solutions to pressing socio-environmental problems. 
 
 The course enables learners to develop an 'environmental justice mindset' and to develop familiarity with some common approaches, methods, tools and resources to augment the practice of environmental justice in varied sectoral/disciplinary/professional contexts. The course will be built around specific exercises and experiential components focused on professional practice that responds to some key problems of environmental injustice. Workshop-style segments will focus on brainstorming, envisioning, strategising, design, research methodology, team-work, prototyping, documentation, fund-raising, and communication for professional practice relating to environmental justice.",,None
102,Trimester 2/5/8/11 & PhD 5/8,SCI,ENVS,ENVS333|DATA333,Remote Sensing,CLEAR,No,Yes,Yes,Yes,NO,NO,NO,Elective,,Lakshmi Narayanan,Electives,"Basic programming skills / Strong commitment to learn programming, Physics at +2 level or above is highly desirable.","Remote sensing forms an essential component of earth system science research. Most of our knowledge on climate change impacts and environmental degradation relies on datasets obtained by remote sensing. Remote sensing methods are applied in a variety of fields and many of them are touched upon in this course. Often, remote sensing and GIS are combined as a course, however, such courses focus primarily on a subset of remote sensing wherein 2 dimensional images over a region of interest are processed as geographic information. This course differs from such an approach in that the focus is on the concepts and techniques adopted in remote sensing measurements. The course has three demonstration classes where students will be exposed to the remote sensing datasets with the guidance of the instructor. In addition, the students need to carry out group projects on their own.",,None
103,Trimester 2/5/8/11 & PhD 5/8,SCI,MATH,MATH381,Problem Solving Strategies/Seminar,CC approval recd,NO,YES,YES,YES,YES,YES,NO,Elective,4,Chudamani Pranesachar Anil Kumar,Elective Course,Requires a certain mathematical maturity and thorough knowledge of basic mathematics is essential.,"Problem solving activity is an important activity which gives deeper understanding of the theory. Learning theory and solving problems go hand in hand. It gradually enhances the ability of a student to gain deeper understanding of mathematical concepts in different areas and leads the student to the frontiers of research fields. It also helps them to develop skills to write in a logical and comprehensive manner. In the course, problems not only from different international mathematical competitions such as Putnam competition, International Mathematical Competition, International Mathematical Olympiads but also from problem journals such as American Mathematical Monthly and others are used. These are undergraduate competitions as well as plus-two level competitions.",NO,None
104,Trimester 2/5/8/11 & PhD 5/8,SCI,MATH,MATH405,Measure theory and integration,CLEAR,NO,NO,NO,YES,YES,YES,NO,Required,4,Shibi Vasudevan,4 Year MATH major,"Analysis 3 (sequences of functions), Linear algebra","The theory of measure and integration is an essential prerequisite for further study in areas such as functional analysis, PDE, numerical analysis, ergodic theory, dynamical systems and probability theory. This course shall explore the basic notions of measure theory (using the Lebesgue measure as a basic example) and Lebesgue integration in Euclidean spaces. An outline of the topics are as follows.",NO,None
105,Trimester 2/5/8/11 & PhD 5/8,SCI,MATH,MATH328|COMP328,Numerical Methods,CLEAR,NO,NO,YES,YES,NO,NO,NO,Required|Elective,4,Vivek Tewary,To be chosen from a basket of courses for a 4 Year MATH Major and 3 Year MATH Major | Required for CS Major,"Familiarity with Multivariable Calculus, Linear Algebra","This is a course in numerical analysis for mathematics students which means that the algorithms are motivated from mathematical theorems and the convergence analysis of these algorithms converts those theorems into quantitative estimates. For example, Taylor’s theorem serves as motivation for many algorithms for solving algebraic as well as differential equations. Broadly, this course will cover floating point arithmetic and errors they produce, numerical linear algebra, root-finding, polynomial interpolation, numerical integration and differentiation, numerical solutions of ordinary differential equations, and optimization. This course will have a computational component which will involve learning a programming language (Julia) to implement the algorithms of this course.
 
 After this course, you will know a variety of standard numerical algorithms in linear algebra, root-finding, interpolation, integration, ODEs, optimization that are relevant in applications. You will also have learnt how to implement these algorithms on a computer and be wary of errors and artifacts.",NO,None
106,Trimester 2/5/8/11 & PhD 5/8,SCI,MATH,MATH256|COMP256|DATA256,Writing in Mathematics and Quantitative Sciences,CLEAR,NO,YES,YES,YES,NO,NO,NO,Elective,4,Sayantan Datta and Vivek Tewary,Elective Course,None,"Writing and communicating mathematical ideas are becoming more and more important to practitioners of Mathematics and mathematically oriented sciences. While Mathematics is concerned with theorems and proofs, disciplines such as Physics, Chemistry, Biology, Computer Science, Economics, and Data Science additionally employ mathematical formalism for modeling and mathematical statistics for data analysis. Writing and communication in these disciplines take the form of research publications as well as writing in public forums in accessible language. This course explores writing and communicating mathematical knowledge in two distinct but related registers: technical and non-technical (specifically, journalistic) writing. The first register discusses how to convey mathematical ideas in the form of proofs, model derivations, and statistical analysis to a technically trained audience, while the second register explores how science journalists disseminate these ideas to a wider readership. In this course, the students will read exemplary pieces of academic and journalistic mathematical writing to derive principles of effective communication and implement the same in their
 own writing.",NO,None
107,Trimester 2/5/8/11 & PhD 5/8,SCI,MATH,CWPC602,Writing in Mathematics and Quantitative Sciences,CLEAR,NO,NO,NO,NO,YES,YES,YES,Required,4,Sayantan Datta and Vivek Tewary,Required for Science PhD Students,None,"Writing and communicating mathematical ideas are becoming more and more important to practitioners of Mathematics and mathematically oriented sciences. While Mathematics is concerned with theorems and proofs, disciplines such as Physics, Chemistry, Biology, Computer Science, Economics, and Data Science additionally employ mathematical formalism for modeling and mathematical statistics for data analysis. Writing and communication in these disciplines take the form of research publications as well as writing in public forums in accessible language. This course explores writing and communicating mathematical knowledge in two distinct but related registers: technical and non-technical (specifically, journalistic) writing. The first register discusses how to convey mathematical ideas in the form of proofs, model derivations, and statistical analysis to a technically trained audience, while the second register explores how science journalists disseminate these ideas to a wider readership. In this course, the students will read exemplary pieces of academic and journalistic mathematical writing to derive principles of effective communication and implement the same in their
 own writing.",NO,None
108,Trimester 2/5/8/11 & PhD 5/8,SCI,MATH,MATH231,Algebra 1,CLEAR,NO,YES,YES,YES,NO,NO,NO,Required,4,Soumya Dey,"3 Year MATH Major, 4 Year MATH Major, Double Major with Mathematics as a Discipline",Proofs and Ideas: An Introduction to Mathematical Thinking,"Groups are the mathematical formalisation of symmetry: in this course, students will study their definition and basic properties. In particular, the important notion of a group action will be introduced. Group theory provides an organizing framework for describing the internal symmetries of mathematical objects across many branches of mathematics, while also serving as a useful language for describing many mathematical invariants.",YES,None
109,Trimester 2/5/8/11 & PhD 5/8,SCI,MATH,MATH341,Topology 1,CLEAR,NO,NO,YES,YES,NO,NO,NO,Required,4,Soumya Dey,"Required for 4 Year MATH Major, To be chosen from a basket of courses for 3 Year MATH Major, and Double Major with Mathematics as a Discipline",Analysis 3,"Topology is the study of spaces and sets and can be thought of as an extension of geometry. It involves the examination of the local as well as the global structure of a space or set. The foundation of General Topology (or Point-Set Topology) is set theory. There are other areas of topology including Geometric Topology, Algebraic Topology, Differential Topology, Low-Dimensional Topology, and various others. 
 
 This course provides a bridge between the basic knowledge of metric spaces and the more abstract knowledge of algebraic topology. In this course, we see how metric spaces can be generalized to objects called ‘topological spaces’ and the properties of metric spaces can be formulated in a more general way for these spaces. We will cover topological spaces, open and closed sets, interiors and boundaries of sets, continuous functions, homeomorphisms, connectedness, and compactness.
 After the completion of this course, a student should be able to:
 Define and illustrate the concept of topological spaces and continuous functions,
 Define and illustrate the concept of product topology and quotient topology,
 Prove a selection of theorems concerning topological spaces, continuous functions, product topologies, and quotient topologies,
 Define and illustrate the concepts of the separation axioms and countability axioms,
 Define connectedness and compactness, and prove a selection of related theorems.",YES,None
110,Trimester 2/5/8/11 & PhD 5/8,SCI,MATH,MATH313,Probability,CLEAR,NO,YES,YES,YES,NO,NO,NO,Required,4,Debangana Mukherjee,"Required for 4 Year MATH Major, To be chosen from a basket of courses for 3 Year MATH Major, and Double Major with Mathematics as a Discipline",Prior exposure to calculus,"Probability is the branch of mathematics that deals with the study of randomness. The study of probability provides a foundation to systematically explore processes in the natural and social worlds around us. In this course students will be introduced to the basics of probability theory including the underlying axioms, conditional probability and independence, random variables, and distributions. The course will also cover proofs of some of the classic results in probability theory, the Weak Law of Large Numbers, and the Markov and Chebyshev inequalities. At the end of this course, students will have an appreciation for using mathematical formalism in exploring randomness, and develop a basic set of tools to rigorously model phenomena with underlying uncertainty.",YES,None
111,Trimester 2/5/8/11 & PhD 5/8,SCI,MATH,MATH202,Analysis 2: Single variable calculus,CLEAR,NO,YES,YES,YES,NO,NO,NO,Required,4,Gangotryi Sorcar,"3 Year MATH Major, 4 Year MATH Major, Double Major and Minor with Mathematics as a Discipline",Analysis 1,"In this course, students will develop an understanding of the foundations of calculus. The course will provide a rigorous introduction to limits, continuity, differentiability, and integration, in the context of real-valued functions of a single real variable. Students will also be exposed to some of the applications of this material in the form of a short introduction to the Gamma function, a function with numerous applications in many branches of mathematics including mathematical physics, number theory, and probability. 
 After completing this course, students will have the ability to prove many of the fundamental theorems of calculus, thus providing a rigorous justification for results they may have seen previously in other circumstances. The material studied here is a fundamental part of any mathematician’s training: it will be used repeatedly throughout the rest of the mathematics major in a variety of courses.",YES,None
112,Trimester 2/5/8/11 & PhD 5/8,SCI,MATH,MATH344,Geometry of Curves and Surfaces,CLEAR,NO,NO,YES,YES,NO,NO,NO,Required,4,Gangotryi Sorcar,To be chosen from a basket of 7 courses for a 4 year MATH major,"Multivariable Calculus, Linear Algebra","Surfaces are all around us, walls and ceilings of our rooms are planes, bottles are cylinders, the football in the playground is a sphere and the rugby ball is an ellipsoid, the vada we eat is a torus and the ice cream cone is, well, a cone. The shape of these objects will be studied using calculus. The course will begin with the study of curves in plane and in three-dimensional space. The concepts of length, orientation, speed, curvature, and torsion will be introduced and studied. Motivated by the study of curves, several notions of curvatures of a surface, like principal curvatures and Gaussian curvature, will be examined. Intuitively, the way a surface is curved seems to be a property of how it is embedded in space. But Gaussian curvature turns out to be intrinsic, that is, an ant confined to moving on the surface will be able to measure this quantity. This hints at the possibility of the study of shapes of higher dimensional analogues of surfaces.",YES,None
113,Trimester 2/5/8/11 & PhD 5/8,SCI,MATH,MATH346|COMP346|DATA346|PHYS346,Introductory Fourier analysis,CC Approval recd,NO,NO,YES,Yes,NO,NO,NO,Elective,4,Shibi Vasudevan,Elective Course,"Prerequisites include the basic notions of linear algebra (matrices, vector spaces and linear independence, linear transformations, eigenvalues and vectors and inner product spaces) and single and multivariable calculus.","This course is an introduction to the basic notions of Fourier analysis. Three classical topics will be explored: Fourier series, Fourier transforms and the discrete Fourier transform. The basic notions, tools and techniques of Fourier analysis are very important in both pure and applied mathematics (in areas such as signal, image and data processing, etc;) and in physics and computer science. This course is designed to be a gentle, concrete introduction to the subject, with a focus on basic examples and with an eye towards applications. 
 Prerequisites include the basic notions of linear algebra (matrices, vector spaces and linear independence, linear transformations, eigenvalues and vectors and inner product spaces) and single and multivariable calculus.
 It is hoped that this course will be accessible to 3rd year and 4th year students in mathematics, physics, computer science, and data science.",NO,None
114,Trimester 2/5/8/11 & PhD 5/8,SCI,PHYS,PHYS202,Mathematical Methods II,CLEAR - Not cl with ECON,NO,YES,YES,YES,NO,NO,NO,Required,4,Nicolas Gheeraert,Required for ALL TYPE OF MAJORS (2nd yr)Elective for Physics Minor,Mathematical Methods I,"Mathematics has been the language to express the laws of physics. Students doing physics must be trained in mathematics. Almost every branch of mathematics has been found useful to physicists. This course builds on the foundations laid in Mathematical Methods I. In these courses, ideas from linear algebra, multivariable calculus, complex numbers, ordinary differential equations, partial differential equations and probability are discussed. It is not the purpose of this course to take the theorem-proof route which is of importance to mathematicians. Rather, it aims to cultivate a sense of thinking that has precision and rigour which are essential to physics, and a bent of mind to understand mathematical texts. Completing the two courses on mathematical methods will further equip students to access mathematical biology, econometrics, econophysics, data science and mathematical modelling.",Mathematical Methods III,Separate tutorial slot needed
115,Trimester 2/5/8/11 & PhD 5/8,SCI,PHYS,PHYS216|COMP216,Computational Methods,CLEAR,NO,YES,YES,YES,NO,NO,NO,Required,2,Aritra Gupta,"Required course for physics major and open for 2nd/3rd/4th all ug years.
","Mathematical Methods I or equivalent course","Analytical methods are often inadequate to deal with real systems, whether in physics or economics or any data-driven field. The alternate route is to carry out numerical computations. In recent times, this has become an important tool to be learned by any budding physicist. Learning this early enables one to go beyond idealised problems. It gives them the freedom to take up more challenging problems. Needless to say, numerical solutions will motivate us to seek analytical solutions, at least in an approximate sense. The course will focus on numerical techniques to handle linear systems, ordinary differential equations, etc.",Mathematical Methods I or equivalent course,None
116,Trimester 2/5/8/11 & PhD 5/8,SCI,PHYS,PHYS222,Classical Physics: Energy and Force II,CLEAR,NO,YES,YES,YES,NO,NO,NO,Required,2,Tanmoy Chakrabarty,Required,Classical Physics: Energy and Force I,"We explore the applications of the laws of classical mechanics to a variety of dynamical systems, such as the motion of fluids (which allows for the flight of airplanes), the orbits of planets and other celestial bodies under the influence of gravity, and the movement of bodies in non-inertial frames (such as winds and ocean currents on the rotating earth). These form the basis for more advanced fields such as astronomy and climate science. Deeper questions about motion in inertial and non-inertial frames lead naturally to Einstein’s general theory of relativity.We explore the applications of the laws of classical mechanics to a variety of dynamical systems, such as the motion of fluids (which allows for the flight of airplanes), the orbits of planets and other celestial bodies under the influence of gravity, and the movement of bodies in non-inertial frames (such as winds and ocean currents on the rotating earth). These form the basis for more advanced fields such as astronomy and climate science. Deeper questions about motion in inertial and non-inertial frames lead naturally to Einstein’s general theory of relativity.",Fundamentals of Classical Field Theory,Separate tutorial slot needed
117,Trimester 2/5/8/11 & PhD 5/8,SCI,PHYS,PHYS341,States of Matter,CLEAR,NO,NO,YES,YES,NO,NO,NO,Required,4,Venkata Bhadram,Required (3rd yr),"Quantum Physics, Energy and Entropy, Statistical Physics (recommended)","Matter is in the realm of our direct experience. Matter exists in different forms. Most common forms are solid, liquid and gas. Other forms of matter could be defined as well. But even among the solids, we encounter variety. Some solids are fragile while others are strong. Many solids expand on heating while some shrink, some liquids flow easily while others are sticky, and so on. Also, matter changes from one state to another on altering external parameters such as the temperature, pressure, electric field, etc. There is an obvious need to go beyond cataloguing these properties. Seeking to understand the basis for this vast variety of properties should be interesting, and could lead to innovations. For instance, the origins for revolution in information technology can be traced back to the availability of semiconductor transistors. This course introduces matter and its forms using the conceptual framework of physics.",No,None
118,Trimester 2/5/8/11 & PhD 5/8,SCI,PHYS,PHYS228,Mechanical Properties of Matter,CLEAR,No,YES,YES,YES,NO,NO,NO,Elective,2,Tanmoy Chakrabarty,Elective (3rd and 4th yr),Classical Physics- Energy and Force I,"This course discusses some inherent properties of matter such as surface tension, viscosity, fluid dynamics, elasticity, and various elastic constants. It also discusses the variation of these properties with temperature, pressure, and shape. The basic understanding of these topics is helpful for our day-to-day life as well. The knowledge about the above-mentioned topics can bring openings for research in nonlinear dynamics, soil research, and many interdisciplinary engineering domains, especially if somebody wishes to move into the career path of engineering physics such as civil engineering, fluid engineering, etc. Apart from this, a general knowledge about fluids, beams is helpful in many day to day events of life as well, such as why milk spills easily in a carrying container but not oil. In a nutshell, the students studying this elective course can benefit from having more career paths in the future.",No,Separate tutorial slot needed
119,Trimester 2/5/8/11 & PhD 5/8,SCI,PHYS,PHYS253|ENVS256|CHEM253,Nuclear Energy,CLEAR,No,Yes,Yes,Yes,NO,NO,NO,Elective,4,T R Govindarajan,Elective,NA,"Basics Nuclear Physics, Structure of Nucleus, Radioactivity, Induced Radioactivity, Chain
 reaction, Reactors, Types, Nuclear Energy program, Nuclear Bomb,",No,None
120,Trimester 2/5/8/11 & PhD 5/8,SCI,PHYS,PHYS360|CHEM360|COMP360,Quantum information,"CLEAR,CC Approval recd for comp",NO,NO,YES,YES,NO,NO,NO,Elective,4,Sivakumar Srinivasan,"Elective course for math major, minor & concentration",None,"There is plenty of room at the bottom” is a succinct expression by Feynman about the richness of the quantum world. How do we harness this abundance? In this course, we attempt to answer this question. Peter Shor designing a quantum search algorithm that is much faster than any known classical algorithm marked the beginning of a new paradigm. The most relevant aspect is the way we process information. Doing it the quantum way speeds up the process, makes it more efficient and surpasses, in many cases, the limits known from a classical perspective. This course begins with a discussion on information theory and introduces ideas about quantum information processing (QIP). Other topics to be covered include quantum algorithms and their experimental implementations. Students will learn to program the IBM quantum computer as well. Major corporates in IT and many leading institutes have strong research programs in QIP. That vouches for the importance of this science.",Introduction to Quantum Computing,offline
121,Trimester 2/5/8/11 & PhD 5/8,SCI,PHYS,PHYS660,Advanced quantum information,CC Approval recd,NO,NO,NO,NO,YES,YES,YES,Required,4,Sivakumar Srinivasan,"Elective course for math major, minor & concentration",None,"There is plenty of room at the bottom” is a succinct expression by Feynman about the richness of the quantum world. How do we harness this abundance? In this course, we attempt to answer this question. Peter Shor designing a quantum search algorithm that is much faster than any known classical algorithm marked the beginning of a new paradigm. The most relevant aspect is the way we process information. Doing it the quantum way speeds up the process, makes it more efficient and surpasses, in many cases, the limits known from a classical perspective. This course begins with a discussion on information theory and introduces ideas about quantum information processing (QIP). Other topics to be covered include quantum algorithms and their experimental implementations. Students will learn to program the IBM quantum computer as well. Major corporates in IT and many leading institutes have strong research programs in QIP. That vouches for the importance of this science.",Introduction to Quantum Computing,offline
122,Trimester 2/5/8/11 & PhD 5/8,SCI,PHYS,PHYS443,Molecular spectroscopy,CLEAR,No,No,Yes,Yes,No,No,No,Elective,4,Venkata Bhadram,Elective (4th yr),No,"This course provides the basic knowledge of interaction of light with matter in terms of the relationship with the molecular structure. An overview of the various types of molecular motion and how they can be recorded using optical spectroscopic techniques will be discussed in some detail. In addition, students will be performing experiments using spectroscopy apparatus available on campus.",No,None
123,Trimester 2/5/8/11 & PhD 5/8,SCI,PHYS,PHYS438,Introduction to Particle physics,CC Approval recd,No,No,Yes,Yes,No,No,No,Elective,4,Sushant Raut,Elective (3rd and 4th year),"Classical field theory (recommended), 
Quantum Physics II","The Standard Model of Particle Physics is the most successful model of physics that describes the Universe at the most fundamental scales. In this model, the electromagnetic, weak, and strong interactions between matter particles are described by their mediation through vector bosons. The predictions of this model have been experimentally verified to high precision. While the Standard Model unifies electromagnetism and the weak force into a single electroweak interaction, research aims to achieve ‘grand unification’ including the strong interaction too. This course introduces the Standard Model through gauge theory and particle phenomenology, and involves calculation of various observed processes using Feynman diagrams.",No,Separate tutorial slot needed
124,Trimester 2/5/8/11 & PhD 5/8,SCI,PHYS,PHYS638,Introduction to Particle Physics,CC Approval recd,No,No,No,No,Yes,Yes,Yes,Required,4,Sushant Raut,Required for PhD,Classical field theory (recommended),"The Standard Model of Particle Physics is the most successful model of physics that describes the Universe at the most fundamental scales. In this model, the electromagnetic, weak, and strong interactions between matter particles are described by their mediation through vector bosons. The predictions of this model have been experimentally verified to high precision. While the Standard Model unifies electromagnetism and the weak force into a single electroweak interaction, research aims to achieve ‘grand unification’ including the strong interaction too. This course introduces the Standard Model through gauge theory and particle phenomenology, and involves calculation of various observed processes using Feynman diagrams.",No,Offline
125,Trimester 2/5/8/11 & PhD 5/8,SCI,PHYS,PHYS617,Advanced Condensed Matter Physics,CC Approval recd,No,No,No,No,Yes,Yes,Yes,Required,4,Venkata Bhadram,Required for PhD,States of matter (PHYS316) or equivalent course,"Over the past century, condensed matter physics has evolved from a nascent discipline into
 one of the most influential pillars of modern science and technology. Today, it is integral to
 countless aspects of contemporary life—shaping innovations in memory devices, electric
 vehicles, advanced battery materials, medical imaging technologies, alternative energy
 solutions, and experimental tools for both astronomers and particle physicists. This
 remarkable growth has been driven by the study of how materials respond to diverse
 external stimuli such as temperature, pressure, and electric or magnetic fields. This course
 offers a strong foundation in the theoretical framework of condensed matter physics,
 complemented by an introduction to key experimental techniques. By integrating these
 perspectives, it equips young researchers with both a broad overview of the field and the
 insight needed to choose impactful research directions aimed at sustainable solutions to
 global challenges.",No,Offline
126,Trimester 2/5/8/11 & PhD 5/8,SCI,PSYC,PSYC205(2),Statistics & Research Methods I,CLEAR,NO,YES,YES,YES,NO,NO,NO,Required,4,Madhavilatha Maganti & Rakesh Sengupta ,"This is a required course for all majors and minors",PSYC201,"What factors determine student grades? What is correlation between student attendance and grades? Does breakfast improve attention? The answer to these questions is not factual but requires evidence which involves gathering data from a sample and then synthesizing the information using a relevant statistic to draw conclusions. We leverage statistical tools and techniques to gather evidence. This course offers an overview of the research process, use of scientific methods, research designs and the role of theory in psychological research. Students will further gain hands-on experience in analyzing real data using statistical analysis like measures of central tendency, t-statistics, ANOVAs & correlations.

Students will learn between-subjects and within-subjects design, the basics of descriptive statistics, including measures of central tendency, dispersion, surveys, such as probability, scales and their uses, ANOVA. The course exercises will rely on hands-on exercises using statistical packages to explore, visualize and analyze these data. Students will delve into hypothesis testing, probability theory, and the concept of statistical significance. Further, they will learn about various sampling methods, considerations of sampling biases, and the complexities of generalizing research findings to broader populations. A student emerging from this course will not only be equipped to use these tools and apply them, but also evaluate any ‘scientific evidence’ critically and judiciously. The students will learn to report and present data in a meaningful way, and learn to transform it into different visualization formats and demonstrate an understanding of experimental design. This course provides the foundation for the more advanced Statistics and Research Methods II (PSYC 209).","PSYC327, PSYC334, PSYC238,",None
127,Trimester 2/5/8/11 & PhD 5/8,SCI,PSYCH,PSYC204(2),Cognitive Psychology,CLEAR,NO,YES,YES,YES,NO,NO,NO,Required,4,Sayantan Mandal ,Major,"PSYC201, PSYC203","This course provides an in-depth exploration of the internal processes involved in perceiving, interpreting, and responding to the environment. Students will examine various cognitive processes, including perception, attention, learning, memory, language, problem-solving, reasoning, and thinking. Through a combination of theoretical discussions, experimental demonstrations, and empirical studies, students will gain a comprehensive understanding of how these processes influence human behavior",no,
128,Trimester 2/5/8/11 & PhD 5/8,SCI,PSYC,PSYC327(2),Social Psychology,CLEAR,NO,NO,YES,YES,NO,NO,NO,Required,4,Rakshi Rath,Required for majors and minors,PSYC205,"This course will build social psychological foundations for the sociality of the self, interpersonal relationships, and group behaviour in Psychology. This will serve three important and interconnected purposes. Firstly, students will learn to think about social psychological research and some of the classic studies in nuanced and complex ways. Secondly, students will learn to critically appraise the work and findings of social psychological concepts reported in public discourse. Finally, students will learn to expand their concepts of the self as social beings with multiple social identities and bring these to bear upon their interpretation of social behaviour. The course will bridge the gap between simplified concepts in standard social psychology textbooks and the rigour, complexity and uncertainty of findings in the primary literature, including, among others, journals and theses.",No,None
129,Trimester 2/5/8/11 & PhD 5/8,SCI,PSYC,PSYC334(2),Introduction to Clinical Psychology,CLEAR,NO,NO,YES,YES,NO,NO,NO,Required,4,Sabah Siddiqui & Soumya Madabhushi,Required only for major,"PSYC205, PSYC208","This course will introduce learners to the ways that clinical psychologists approach the  conceptualization, assessment, diagnosis, and treatment of mental health problems. This course will provide an overview of the scientific study of mental illness (also known as
psychopathology). We will cover basic concepts and definitions, historical perspectives on psychopathology, different theoretical models of psychopathology, the assessment and diagnosis of mental illness, and research methods for studying mental disorders. The rest of the course will concern the leading categories of mental disorders among adults, children and adolescents, including the description and classification of these disorders, the leading theories and evidence explaining their origins, and some of the treatments for these disorders. Legal and ethical issues pertaining to the assessment and treatment of mental illness will be discussed, as well as the role of culture and diversity in assessment and treatment",PSYC437,None
130,Trimester 2/5/8/11 & PhD 5/8,SCI,PSYC,PSYC251,Psychology of Gender and Sexuality,CLEAR,NO,YES,YES,YES,NO,NO,NO,Elective,4,Geeti Das,Elective for Psychology Major/Minor,PSYC201,"This course introduces students to social, economic, and political dimensions of gender and sexuality with the goal of understanding how the diversity of these two aspects of the human experience impacts psychology and its allied disciplines. We will take a multi-disciplinary approach to explore, in particular: (i) differences and interrelationships between sex, gender, and sexuality; (ii) the relevance of cultural contexts to understanding human variation, especially as regards family, subjectivity, the politics of identification, and the impact of the predominance of ‘WEIRD’ research; (iii) theories of the performative aspects of gender and sexuality and the relevance of labour to gender and sexual roles and identifications; (iv) problems of categorisation and classification of normalcy and pathology, contemporary views on variation in biology, and the historical legacies of pathologisation of women and gender and sexual minorities; (v) problems in the public circulation and communication of specialist research (including overgeneralisation and misrepresentation of scientific findings and clinical practice); and (vi) some contemporary approaches in psychology research and practice that build on these social understandings. Students will gain experience in understanding how gender and sexuality are operationalised in psychology and its related fields of psychiatry and social work in both research and practice, as well as the tools to critically evaluate the promises and limitations of individual research studies by considering them in these broader contexts.
",No,None
131,Trimester 2/5/8/11 & PhD 5/8,SCI,PSYC,PSYC238,Fundamentals of Psychophysics,CLEAR,NO,YES,YES,YES,NO,NO,NO,Elective,4,Rakesh Sengupta,Elective for Psychology Major/Minor,"PSYC201, PSYC203, PSYC205","This interdisciplinary course starts from an introduction to psychophysics with its definitions, historical background and its intersection with neuroscience, psychology, physics and other interwoven disciplines. Examples from every day and real-life instances will make it more interesting. Adopting an interactive approach, this course will provide an overview of human sensory systems like vision, hearing, touch, taste, and smell and their neural basis. The students will learn about difference between the sensation and perception, responses and their qualitative and quantitative responses to various stimuli. As this course includes the experimental and data analysis aspects, students will not only learn about the data organization but also about its visualization and analysis. 
",No,None
132,Trimester 2/5/8/11 & PhD 5/8,SCI,PSYC,PSYC437,Introduction to Counselling Theories,CLEAR,NO,NO,YES,YES,NO,NO,NO,Required,4,Akanksha Adya,Required only for major,PSYC201,"This course is designed to introduce students to theories in Counselling. Along with the emergence of Psychology as a discipline that was studying the human mind, Counselling as a practice was also emerging. Through Counselling, Psychology was offering the ways and means to work with human beings in psychological distress. Within Psychology, Counselling is the field that not only offers an application of various understandings of the mind, but also an important purpose to the vast knowledge that it generates. The history of counselling is rich and dynamic. It has been influenced by social, political and intellectual movements at various times. This course aims to familiarize the students with this complex past and present of counselling through some of the major theoretical streams that developed within Psychology. 
",No,None
133,Trimester 2/5/8/11 & PhD 5/8,SCI,PSYC,PSYC434|SOCL434,Critical Disability & Inclusion Studies,CC Approval recd,NO,NO,YES,YES,NO,NO,NO,Elective,4,Sabah Siddiqui,Elective for Psychology Major/Minor,None,"This advanced undergraduate course offers an interdisciplinary introduction to Critical Disability and Inclusion Studies (CDIS), foregrounding disability as a socially constructed and politically mediated category. Moving beyond individual and medicalized understandings, the course approaches disability through frameworks rooted in social justice, political economy, and intersectionality.
We begin by examining the historical and cultural construction of disability and ableism, alongside the emergence of critical theories of access, normalcy, and inclusion. The course then explores how developmental norms shape understandings of childhood disability, and how inclusive education can be reimagined through both psychological and pedagogical models. In the clinical module, we turn to psychiatric disability, community mental health, and cultural critiques of diagnosis and medicalization.
Intersectional concerns—such as gender, caste, sexuality, age, and race—are woven throughout, enabling students to critically engage with how multiple forms of marginalization structure experiences of disability. We also examine institutional practices, with case studies of inclusion efforts in higher education, such as at Krea University. The course concludes with an analysis of legal frameworks and policy debates in India and globally, grounded in the history of the disability rights movement.

Students will engage critically with theory, policy, and practice to design more inclusive and just systems.",No,None
134,Trimester 2/5/8/11 & PhD 5/8,SCI,PSYC,PSYC432,Counselling Skills: putting theories into practice (Formerly known as 'Helping Skills'),Title change. Code also changed,NO,NO,YES,YES,NO,NO,NO,Elective,4,Soumya Madabhushi,Elective for Psychology Major/Minor,PSYC437,This course is designed to provide an introduction to psychotherapy skills. Students will be able to understand elements of ethical and effective counselling practice. They will be able to identify and use various helping Skills at a beginner level with an appreciation of personal and sociocultural factors. The course also aims to enhance students' understanding of self as a tool and increase self-awareness and self-reflective abilities. Students will practice helping skills with each other every week. Attendance is mandatory and contributes to the course grade. Note that the course will involve discussing and working with emotionally charged content. Students should also be prepared to reflect on and talk about (not mandated) some personal/emotional issues in class. ,No,None
135,Trimester 2/5/8/11 & PhD 5/8,SCI,PSYC,PSYC491,Independent Research Study,,NO,NO,NO,YES,NO,NO,NO,Elective,4,TBD,,,,,
136,Trimester 2/5/8/11 & PhD 5/8,SCI,PSYC,PSYC391,Independent Research Study,,NO,NO,YES,NO,NO,NO,NO,Elective,4,TBD,,,,,
137,Trimester 2/5/8/11 & PhD 5/8,HSS,ECON,ECON391,Independent Research Study,,NO,NO,YES,NO,NO,NO,NO,Elective,4,TBD,,,,,
138,Trimester 2/5/8/11 & PhD 5/8,HSS,ECON,ECON491,Independent Research Study,,NO,NO,NO,YES,NO,NO,NO,Elective,4,TBD,,,,,
139,Trimester 2/5/8/11 & PhD 5/8,SCI,ENVS,ENVS391,Independent Research Study,,NO,NO,YES,NO,NO,NO,NO,Elective,4,TBD,,,,,
140,Trimester 2/5/8/11 & PhD 5/8,SCI,ENVS,ENVS491,Independent Research Study,,NO,NO,NO,YES,NO,NO,NO,Elective,4,TBD,,,,,
141,Trimester 2/5/8/11 & PhD 5/8,HSS,HIST,HIST391,Independent Research Study,,NO,NO,YES,NO,NO,NO,NO,Elective,4,TBD,,,,,
142,Trimester 2/5/8/11 & PhD 5/8,HSS,HIST,HIST491,Independent Research Study,,NO,NO,NO,YES,NO,NO,NO,Elective,4,TBD,,,,,
143,Trimester 2/5/8/11 & PhD 5/8,HSS,POLT,POLT391,Independent Research Study,,NO,NO,YES,NO,NO,NO,NO,Elective,4,TBD,,,,,
144,Trimester 2/5/8/11 & PhD 5/8,HSS,POLT,POLT491,Independent Research Study,,NO,NO,NO,YES,NO,NO,NO,Elective,4,TBD,,,,,
145,Trimester 2/5/8/11 & PhD 5/8,HSS,SOCL,SOCL391,Independent Research Study,,NO,NO,YES,NO,NO,NO,NO,Elective,4,TBD,,,,,
146,Trimester 2/5/8/11 & PhD 5/8,HSS,SOCL,SOCL491,Independent Research Study,,NO,NO,NO,YES,NO,NO,NO,Elective,4,TBD,,,,,
147,Trimester 2/5/8/11 & PhD 5/8,SCI,BIOS,BIOS391,Independent Research Study,,NO,NO,YES,NO,NO,NO,NO,Elective,4,TBD,,,,,
148,Trimester 2/5/8/11 & PhD 5/8,SCI,BIOS,BIOS491,Independent Research Study,,NO,NO,NO,YES,NO,NO,NO,Elective,4,TBD,,,,,
149,Trimester 2/5/8/11 & PhD 5/8,SCI,CHEM,CHEM391,Independent Research Study,,NO,NO,YES,NO,NO,NO,NO,Elective,4,TBD,,,,,
150,Trimester 2/5/8/11 & PhD 5/8,SCI,CHEM,CHEM491,Independent Research Study,,NO,NO,NO,YES,NO,NO,NO,Elective,4,TBD,,,,,
151,Trimester 2/5/8/11 & PhD 5/8,SCI,COMP,COMP391,Independent Research Study,,NO,NO,YES,NO,NO,NO,NO,Elective,4,TBD,,,,,
152,Trimester 2/5/8/11 & PhD 5/8,SCI,COMP,COMP491,Independent Research Study,,NO,NO,NO,YES,NO,NO,NO,Elective,4,TBD,,,,,
153,Trimester 2/5/8/11 & PhD 5/8,SCI,DATA,DATA391,Independent Research Study,,NO,NO,YES,NO,NO,NO,NO,Elective,4,TBD,,,,,
154,Trimester 2/5/8/11 & PhD 5/8,SCI,DATA,DATA491,Independent Research Study,,NO,NO,NO,YES,NO,NO,NO,Elective,4,TBD,,,,,
155,Trimester 2/5/8/11 & PhD 5/8,SCI,MATH,MATH391,Independent Research Study,,NO,NO,YES,NO,NO,NO,NO,Elective,4,TBD,,,,,
156,Trimester 2/5/8/11 & PhD 5/8,SCI,MATH,MATH491,Independent Research Study,,NO,NO,NO,YES,NO,NO,NO,Elective,4,TBD,,,,,
157,Trimester 2/5/8/11 & PhD 5/8,SCI,PHYS,PHYS391,Independent Research Study,,NO,NO,YES,NO,NO,NO,NO,Elective,4,TBD,,,,,
158,Trimester 2/5/8/11 & PhD 5/8,SCI,PHYS,PHYS491,Independent Research Study,,NO,NO,NO,YES,NO,NO,NO,Elective,4,TBD,,,,,
159,Trimester 2/5/8/11 & PhD 5/8,LAA,LITT,LITT391,Independent Research Study,,NO,NO,YES,NO,NO,NO,NO,Elective,4,TBD,,,,,
160,Trimester 2/5/8/11 & PhD 5/8,LAA,LITT,LITT491,Independent Research Study,,NO,NO,NO,YES,NO,NO,NO,Elective,4,TBD,,,,,
161,Trimester 2/5/8/11 & PhD 5/8,HSS,ECON,ECON490,Capstone Thesis Project,,NO,NO,NO,YES,NO,NO,NO,Elective,4,TBD,,,,,
162,Trimester 2/5/8/11 & PhD 5/8,HSS,HIST,HIST490,Capstone Thesis Project,,NO,NO,NO,YES,NO,NO,NO,Elective,4,TBD,,,,,
163,Trimester 2/5/8/11 & PhD 5/8,HSS,POLT,POLT490,Capstone Thesis Project,,NO,NO,NO,YES,NO,NO,NO,Elective,4,TBD,,,,,
164,Trimester 2/5/8/11 & PhD 5/8,HSS,SOCL,SOCL490,Capstone Thesis Project,,NO,NO,NO,YES,NO,NO,NO,Elective,4,TBD,,,,,
165,Trimester 2/5/8/11 & PhD 5/8,SCI,BIOS,BIOS490,Capstone Thesis Project,,NO,NO,NO,YES,NO,NO,NO,Elective,4,TBD,,Ways of Knowing,,,
166,Trimester 2/5/8/11 & PhD 5/8,SCI,BIOS,CHEM490,Capstone Thesis Project,,NO,NO,NO,YES,NO,NO,NO,Elective,4,TBD,,,,,
167,Trimester 2/5/8/11 & PhD 5/8,SCI,COMP,COMP490,Capstone Thesis Project,,NO,NO,NO,YES,NO,NO,NO,Elective,4,TBD,,,,,
168,Trimester 2/5/8/11 & PhD 5/8,SCI,DATA,DATA490,Capstone Thesis Project,,NO,NO,NO,YES,NO,NO,NO,Elective,4,TBD,,,,,
169,Trimester 2/5/8/11 & PhD 5/8,SCI,ENVS,ENVS490,Capstone Thesis Project,,NO,NO,NO,YES,NO,NO,NO,Elective,4,TBD,,,,,
170,Trimester 2/5/8/11 & PhD 5/8,SCI,MATH,MATH490,Capstone Thesis Project,,NO,NO,NO,YES,NO,NO,NO,Elective,4,TBD,,,,,
171,Trimester 2/5/8/11 & PhD 5/8,SCI,PHYS,PHYS490,Capstone Thesis Project,,NO,NO,NO,YES,NO,NO,NO,Elective,4,TBD,,,,,
,Trimester 2/5/8/11 & PhD 5/8,LAA,LITT,LITT490,Capstone Thesis Project,,NO,NO,NO,YES,NO,NO,NO,Elective,4,TBD,,,,,
,Trimester 2/5/8/11 & PhD 5/8,SCI,PSYC,PSYC490,Capstone Thesis Project,,NO,NO,NO,YES,NO,NO,NO,Elective,4,TBD,-,,,,
,,,,,,,,,,,,,,,,,,,,,
,,,,,,,,,,,,,,,,,,,,,
,Trimester 3/6/9/12 & PhD 6/9,Div.,Discp,Course code with sections,Course Title,,"Year 1
 2024-28
 T1/2/3","Year 2
 2023-27
 T4/5/6","Year 3
 2022-26
 T7/8/9","Year 4
 2021-25
 T10/11/12",,Phd 6,Phd 9,,Credits,Faculty Name,Required for,Prerequisites to enrol for this course,Description,Is this course prerequisites for any future course?,Remarks
,Trimester 3/6/9/12 & PhD 6/9,KCCS,KCCS,,,,,,,,,,,,,,,,,,
,Trimester 3/6/9/12 & PhD 6/9,KCCS,KCCS,,,,,,,,,,,,,,,,,,
,Trimester 3/6/9/12 & PhD 6/9,KCCS,KCCS,,,,,,,,,,,,,,,,,,
,Trimester 3/6/9/12 & PhD 6/9,KCCS,KCCS,,,,,,,,,,,,,,,,,,
,Trimester 3/6/9/12 & PhD 6/9,PP,PP,,,,,,,,,,,,,,,,,,