SN,Trimester 1/4/7/10 & PhD 4/7,Div.,Discp,Course code with sections,Course Title,OAA Remarks,"Year 1
 2025-29
 T1/2/3","Year 2
 2024-28
 T4/5/6","Year 3
 2023-27
 T7/8/9","Year 4
 2022-26
 T10/11/12",Phd 4,Phd 7,Course Type,Credits,Faculty Name,Required for,Prerequisites to enrol for this course,Description,Is this course prerequisites for any future course?,Remarks
1,Trimester 1/4/7/10 & PhD 4/7,KCCS,KCCS,KCCS101-WOC,Writing and Oral Communication,,YES,YES,NO,NO,NO,NO,Required,3,,Required for all the first years,None,,None,None
2,Trimester 1/4/7/10 & PhD 4/7,KCCS,KCCS,KCCS102-MR,Mathematical Reasoning,,YES,YES,NO,NO,NO,NO,Required,3,,Required for all the first years,None,,None,None
3,Trimester 1/4/7/10 & PhD 4/7,KCCS,KCCS,KCCS103-CE,Creative Expression,,YES,YES,NO,NO,NO,NO,Required,3,,Required for all the first years,None,,None,None
4,Trimester 1/4/7/10 & PhD 4/7,KCCS,KCCS,KCCS133-DTG,Design Thinking,,YES,YES,NO,NO,NO,NO,Required,3,,Required for all the first years,None,,None,None
5,Trimester 1/4/7/10 & PhD 4/7,KCCS,KCCS,KCCS122-ESH,Exploring the Social and the Historical,,YES,YES,NO,NO,NO,NO,Required,3,,Required for all the first years,None,,None,None
6,Trimester 1/4/7/10 & PhD 4/7,KCCS,KCCS,KCCS123-PHP,Philosophical Perspectives Across Cultures,,YES,YES,NO,NO,NO,NO,Required,3,,Required for all the first years,None,,None,None
7,Trimester 1/4/7/10 & PhD 4/7,HSS,BUSI,BUSI203,Supply Chain Management ,ok,NO,YES,YES,YES,NO,NO,Required,2,Kumaravel S,Required course for Business Studies minor,None,"A business firm is a needs-satisfying machine; it is an entity invented and employed by society to better satisfy society’s interests[1]. ‘Value’ is created when the customer is willing to pay (such) a price for a product/ service/ combination thereof that exceeds the costs incurred to deliver the same. Value creation occurs across the ‘Supply Chain.’ For a given ‘Value,’ the supply chain evolves to minimize the sum of the input, conversion, and transaction costs. This course introduces the vocabulary, perspectives, concepts, and models used to study and analyze supply chains.",NA,
8,Trimester 1/4/7/10 & PhD 4/7,HSS,BUSI,BUSI316,Organization Design & Theory,ok,NO,NO,YES,YES,NO,NO,Elective,2,Pallavi Pandey,Elective,None,"Course Rationale :
This course helps students understand Organization, Organizational Theory, Structure, and Design. It
also introduces some of the key concepts like Change Management, Decision-making, Culture,
Conflict, Power, and Politics. The primary purpose is to enhance the student’s knowledge of how the
structure, systems, and selected issues influence organizational processes and performance. Students
will be able to relate how managers and organizations can build organizational culture, implement
planned change, and how conflict, power, and politics are integral aspects of the organizational
system.
Course Objectives :
CO1. To develop critical thinking on important theoretical themes in organizational theory and
evaluate the organization&#39;s dynamic process based on the same.
CO2. To develop abilities to assess and describe organization showing linkages between environment,
strategy, and structure and point out solutions.
CO3. To acquaint the participants with some of the key organizational issues like decision-making,
culture, knowledge management, conflict, power, and politics.
Learning Outcomes :
LO1. Will be able to critically comment on the usefulness and practical implication of the theoretical
underpinnings of organizational theory.
LO2. Will be able to apply fundamental concepts of organization theory and structure to understand and
solve organizational dilemma.
LO3. Will be able to evaluate the role of strategy, structure, and decision making process in organization.",NA,
9,Trimester 1/4/7/10 & PhD 4/7,HSS,BUSI,BUSI320,Security Analysis & Portfolio Management,ok,NO,NO,YES,YES,NO,NO,Elective,4,Sesha Sai Ram Meka,Elective,None,"Course Description:
The course aims to provide students with a comprehensive understanding of portfolio management
principles, including constructing and evaluating investment portfolios.
Topics we cover include the market indices, efficiency frontier, the Markowitz portfolio, capital asset
pricing, model, arbitrage pricing theory, factor models, active and passive investing, smart beta, beta
core, bucket investment, simulation, optimization, Sharpe ratio, Traynor ratio, Mutual funds etc.
Course Objectives:
The course objectives are as follows:
1. Gain knowledge of financial markets
2. Understand risk and return dynamics.
3. Develop an understanding of portfolio management
4. Develop skills in investment strategy
5. Enhance decision-making abilities
Learning Outcomes:
1. Understanding risk, randomness, and market efficiency
2. Understand mutual funds
3. Constructing an optimal portfolio
4. Evaluating the performance of a portfolio",NA,"Approved by CC, Course Code awaited"
10,Trimester 1/4/7/10 & PhD 4/7,HSS,BUSI,BUSI331,Finance & Sustainable Development Goals,New,NO,YES,YES,YES,NO,NO,Elective,4,Govindapuram Suresh,Elective,None,"Course Description:
Today's world is borderless; everyone is accessible to anyone and anywhere in the world. This happened because of the advancements in technology and innovation, which businesses are constantly working on. This is one side of the story, and the other is that there are threats to society, such as inequality, hunger, poverty, climate change, wars, etc.  To overcome the problems, governments, businesses, non-governmental organizations, and other stakeholders are working significantly to improve people's lives and economic growth and development. They need finance to overcome and cope with the emerging challenges essential to achieving the 17 Sustainable Development Goals (SDGs). The SDGs are important and cover almost all life, business, and developmental aspects of the environment and industry.

This course explores the possibilities and issues with the impact of finance on achieving Sustainable Development Goals and the relationship between them. As finance is essential for achieving SDGs, here comes the role of a manager, one who manages businesses. With their actions in the industry, managers will try to accomplish these without delays. Which is benefit the society at large. Hence, managers need to understand the different aspects of SDGs and how they finance them with the available funds.

This course introduces different financial instruments to achieve world-level SDGs and gives a case study of the Indian story. 


Learning Objectives: 

Students will be able to understand the fundamentals of SDGs. 
Students will understand the emergence and development of the SDGs.
To understand the role of finance in achieving SDGs. 
To examine the financial instruments for SDGs.
To learn about different issues and difficulties in achieving the SDGs.


Learning Outcomes: 
Upon successful completion of this course, students will be able to:
Understand the importance of SDGs.
Gain skills and knowledge on the finance and SDGs nexus
Understand the importance of financial instruments in achieving the SDGs.
Develop an SDGs index to compare the different countries/states.
Critically understand the role of Government, NGOs, and other stakeholders in achieving SDGs",NA,"Approved by CC, Course Code awaited"
11,Trimester 1/4/7/10 & PhD 4/7,HSS,BUSI,BUSI332,Personal Finance & Wealth Management,Awaiting CC Approval,NO,NO,YES,YES,NO,NO,Elective,4,Sairam Moturi,Elective,None,"Managing personal finances and wealth is the key for the successful and stress life of an
individual. This course helps the students to make informed financial decisions in their
life by reducing the risk of being ending in financial turmoil. This course aims to provide
a strong foundation for managing personal finance and wealth of students through real-
world applications, case studies, and interactive activities. Students will develop the
knowledge and confidence to achieve financial stability and growth.
Learning Objectives:
Students will develop practical skills in budgeting, saving, and investing, while also
gaining an understanding of credit management, tax planning, and retirement
strategies. By exploring various financial instruments available and equip them to
optimize their wealth-building efforts and achieve financial security. The course also
emphasizes the importance of risk management, financial psychology, and consumer
protection, ensuring that students can navigate financial challenges with confidence.
Ultimately, the course aims to cultivate responsible financial habits and long-term
wealth management strategies for a secure and prosperous future.

Learning Outcomes:

Page 2 of 1

After completing this course, the participants should be able to:
1) Students will be able to learn how to prepare and manage the personal budget viz.,
expenses, savings effectively.
2) Students will get an overview of investment options available to build their wealth.
3) Students will learn how to plan financially for their higher education, home loan,
retirement, health and Insurance.
4) Students learn on assessing financial risks, recognize fraudulent schemes, and build
strategies for secures future.",NA,Awaiting CC approval
12,Trimester 1/4/7/10 & PhD 4/7,HSS,ECON,ECON211(2),Mathematical Methods for Economics – I ,ok,NO,YES,YES,YES,NO,NO,Required,4,"Vidya Bharathi Rajkumar, Sumit Mishra (GSB)","ECON Major (3 and 4 year, Single/Double) ,ECON Minor (3 and 4 year),ECON Concentration","None. 
Exposure to high-school level math is recommended but not mandatory.

Suggested prerequisites: 
- ECON061 (Linear Algebra, 2 cr), 
- ECON066 (Calculus, 2 cr)","Economists primarily use mathematical methods to make and study economic arguments. Mathematics brings in the rigour and precision that are required to ensure that the economists’ statements are true and logically sound. This course is intended to familiarize students with mathematical concepts and methods typically used by economists, and introduce ideas from topics in differential and integral calculus, optimization, linear algebra, and financial economics. A course in these topics will lay the foundation for more rigorous courses in (various branches of) economic theory, statistics and econometrics.

The goal of the course is not to delve into the theorem-proof route, but rather to help the students develop their mathematical reasoning and intuition, and become comfortable talking about economics using mathematical shorthand.","ECON202 (Micro-I), 
ECON203 (Macro-I),
ECON204 (Metrics-I),
ECON334 (Math-II)","Preference given to 2nd year students. 
Open to students in years 2, 3, and 4"
13,Trimester 1/4/7/10 & PhD 4/7,HSS,ECON,ECON212|DATA212(2),Statistics for Economics,ok,NO,YES,YES,YES,NO,NO,Required,4,"Suchika Chopra, Soumya Pal (GSB)","ECON Major (3 and 4 year, Single/Double) ,ECON Minor (3 and 4 year)",None. ,"This course has a dual focus: First, to introduce you to probability theory and the basic statistical concepts that are used to explore and understand economic phenomena. Second, to show you how this statistical knowledge can be applied to real world data using widely available spreadsheet tools like Microsoft Excel. Therefore, this course has been designed very much from a practitioner’s point of view. You will find that the material that you learn in this course will have direct application in your jobs and further studies. Sound grasp of material from this course will also be essential for your further coursework in econometrics and advanced microeconomics.

The topics covered in this course fall into three broad categories: descriptive statistics, probability & distributions, and hypothesis testing. Descriptive statistics deals with the visualization and summarization of statistical data. You will learn simple tools for visualizing data on one and two variables, as well as statistical concepts for summarizing the central location and dispersion of your data. In the probability & distributions section, you will learn about probability and surrounding concepts like sample spaces, random variables, and combinatorics. You will also learn about some common discrete and continuous probability distributions. Hypothesis testing deals with questions of statistical inference: when are our conditions supported by the data and when are they not? You will learn about samples, and populations, point and interval estimates, and the apparatus of hypothesis testing about one or two variables.",ECON204 (Metrics-I),"Preference given to 2nd year students. 
Open to students in years 2, 3, and 4"
14,Trimester 1/4/7/10 & PhD 4/7,HSS,ECON,ECON223|DATA223(2),Introduction to Statistical Programming,ok,NO,YES,YES,YES,NO,NO,Required/Elective,4,"Vidya Bharathi Rajkumar, Brijesh Kumar Jha","Required for ECON Major (3-year and 4-year) - 2023-2026/2027 batches

Elective for ECON Major (3-year and 4-year) - 2022-2026 batch

Elective for DATA SCIENCE Majors",None,"This course is aimed at introducing economics students to statistical programming, using R and Stata. In this course, students will learn the basics of programming – such as downloading and installing the programme(s), managing libraries and packages, and good coding practices. Students will learn to perform simple computations, including basic mathematical operations, creating vectors and variables, and working with frequently used tools such as conditionals and loops. 

Through a combination of lectures, hands-on exercises, and projects, students will be exposed to different data structures, and learn the tools to manipulate and analyse data – importing data from different sources/in various formats, and transforming them into a format suitable for analysis, cleaning data and dealing with missing information, and data visualization/description – creating and formatting charts and tables. Based on students’ comfort level with these foundational skills, the course may also touch upon additional topics related to simple statistical tests and analyses.",ECON204 (Metrics-I),"Preference given to 2nd year students; preference given to ECON students for whom this is a required course for graduation.

Open to students in years 2, 3, and 4"
15,Trimester 1/4/7/10 & PhD 4/7,HSS,ECON,ECON313,Econometrics - II,ok,NO,NO,YES,YES,NO,NO,Required/Elective,4,Rohan Gudibande,"4-year ECON Major (Single) - Required

4-year ECON Major (Double) - Students are required to complete any 2 of 4 required courses from the following list:
- ECON313 (Metrics-II) - in T10
- ECON310 (Micro-III) - in T10
- ECON334 (Math-II) - in T11
- ECON309 (Macro-III) - in T11

Elective for all other ECON Major (3-yr), Minor, and Concentration students who satisfy the prerequisites.",ECON204 (Metrics-I),"This course introduces students to advanced econometric techniques for conducting empirical analysis in economics. It introduces students to several families of distributions and explores commonly used empirical approaches to identify causality. The course also features advanced topics such as instrumental variable estimation, panel data models, and limited dependent variables. At the end of this course, students should be able to have a deeper appreciation for the link between theory and empirical work, and also be able to engage meaningfully with current empirical literature in economics.",None,"Preference given to students graduating in 2026 for whom this is a required course.

Open to students in years 3 and 4."
16,Trimester 1/4/7/10 & PhD 4/7,HSS,ECON,ECON310,Microeconomics - III,ok,NO,NO,YES,YES,NO,NO,Required/Elective,4,Rohan Gudibande,"4-year ECON Major (Single) - Required

4-year ECON Major (Double) - Students are required to complete any 2 of 4 required courses from the following list:
- ECON313 (Metrics-II) - in T10
- ECON310 (Micro-III) - in T10
- ECON334 (Math-II) - in T11
- ECON309 (Macro-III) - in T11

Elective for all other ECON students who satisfy the prerequisites.",ECON210 (Micro-II),"This course is a sequel to Microeconomics II specially designed for the students enrolled in the FYUP. It will focus on the study of market failure under second best settings. It will also dwell deeper into game theory, public goods, factor markets, and time costs. The concept of the market equilibrium will be re-introduced, and we will learn how the characteristics of the market vary in the real word leading to conditions such that market fails to achieve an equilibrium, focusing on externalities, public goods, markets with asymmetric information and imperfect competition. The course would develop a rigorous set of tools to analyze such conditions while unraveling how choices can interact and persist leading to strategic outcomes and payoffs.",None,"Preference given to students graduating in 2026 for whom this is a required course.

Open to students in years 3 and 4."
17,Trimester 1/4/7/10 & PhD 4/7,HSS,ECON,ECON312,Environmental Economics,ok,NO,NO,YES,YES,NO,NO,Elective,4,Debdulal Thakur,Elective for ECON,ECON202 (Micro-I),"This course is an immersive exploration of the complex relationship between our environment and economic systems. We will tackle pressing environmental challenges, diving into diverse perspectives on both environmental issues and economic analysis. You will encounter both established and cutting-edge approaches, equipping you to critically evaluate solutions.
Beyond economic theory and environmental policy frameworks, we will delve into real-world case studies, sharpening your ability to apply learned concepts. Prepare to engage with international environmental issues, global sustainability concerns, and the economic development equation. We will even explore the philosophical underpinnings of environmental thought.
This course emphasizes practical policy tools, empowering you to analyze and potentially shape solutions for a sustainable future.",None,Open to students in years 3 and 4.
18,Trimester 1/4/7/10 & PhD 4/7,HSS,ECON,ECON323,Public Finance,ok,NO,NO,YES,YES,NO,NO,Elective,4,Debdulal Thakur,Elective for ECON,ECON202 (Micro-I),"The course is about public-sector economics from historical, theoretical and policy perspectives. While the theory explains the rationale for the existence of why the state plays a distinct role in market or capitalistic economies, social and fiscal policies
explains how revenue (i.e., taxation) is collected and spending (e.g., social insurance, welfare, etc..,) is made by the union-state-local governments and their impact in the economy in the historical perspectives of developing countries like India and the developed world. This will help to reveal the changing conceptualization and praxis of theories and policies over time. Specifically, the course focuses on three major topics:
●	Historical & economic rationale for the public-sector
●	Social insurance & redistribution 
●	Theory & practice of taxation",None,Open to students in years 3 and 4.
19,Trimester 1/4/7/10 & PhD 4/7,HSS,ECON,ECON321,Labor Economics,ok,NO,NO,YES,YES,NO,NO,Elective,4,Suchika Chopra,Elective for ECON,"ECON202 (Micro-I),
ECON204 (Metrics-I)","Labor economics, in a comprehensive sense, involves examining how individuals, firms, institutions, and the public sector interact to influence employment and wage outcomes. Throughout this course, we will delve into both theoretical and empirical aspects of labor economics, placing a significant emphasis on practical applications. We will focus on discussing research designs aimed at empirically measuring theoretical predictions and assessing the impact of policy interventions.",None,Open to students in years 3 and 4.
20,Trimester 1/4/7/10 & PhD 4/7,HSS,ECON,ECON206,History of Economic Thought,ok,NO,NO,YES,YES,NO,NO,Required,4,Sarabjeet Natesan,"ECON Major (4-year) – Required 

ECON Major (3-year, Single) – Required 
 
ECON Major (3-year, Double) & ECON Minor (4- or 3-year) – Students could choose any 1 of 2 courses from the fol. list of required courses: 
- ECON206 – Hist of Econ Thought (in T6/T9/T12)
- ECON207 – Indian Economy (in T8/T11)","ECON202 (Micro-I),
ECON203 (Macro-I),
ECON210 (Micro-II),
ECON209 (Macro-II)","The economy, which we have come to think of as a distinct sphere of human activity, is a peculiar conceptual construct with an even more peculiar history. This course introduces economics majors to influential intellectual traditions that continue to shape how we think about the economy and the laws that govern it. Along the way, the class will revisit and historicize commonplace categories in the field of economics: commodity, money, capital, prices, wages, rents, etc.",None,"Preference given to students graduating in 2026 for whom this is a required course.

Open to students in years 3 and 4."
21,Trimester 1/4/7/10 & PhD 4/7,HSS,ECON,ECON330,International Trade,ok,NO,NO,YES,YES,NO,NO,Elective,4,Sarabjeet Natesan,Elective for ECON,"ECON202 (Micro-I),
ECON203 (Macro-I)","Since the early days of Adam Smith and David Ricardo, economics as a discipline has been interested in the principles and policies surrounding international trade among nations. As the economic integration of nations has intensified over the past five centuries, culminating in the most recent era of globalization since the 1990s, International Economics has assumed greater significance and relevance for students of the discipline of economics.
 
This course will cover the history and origin of International economics and trade. The course aims to acquaint the students with the theoretical underpinnings of trade and introduce them to trade instruments and the policies adopted by trading nations. It will focus on the constitutes of international trade and the theories that explain why trade takes place in the first place. It will introduce the students to the currency of trade and the rates at which it is exchanged: floating, fixed, spot, forward, expected, pegged, managed, and trade-weighted, to the economics behind factors that drive exchange rates. The course will discuss issues related to imports and exports, current and capital account balances, national savings identity, and the global flow of capital. As trade protection instruments, tariffs, quotas, subsidies, dumping, CVDs, etc., will be learned. 
 
Relevant historicity will be provided; for example, the Smoot Hawley Tariff will be discussed, and its role in the economic depression of 1929 will be investigated. Students will be introduced to Mercantilism, the Gold Standard and the Bretton Woods System, the concept of the Reserve Currency, the 1970s oil shocks, and the factors that led to the transition of the GATT to the WTO. The course will introduce the students to the changing world order of increasing share of services in trade, the Free Trade Agreements, and the QUAD.
 
The course funnels into a deeper study of international economics and finance.
",None,Open to students in years 3 and 4.
22,Trimester 1/4/7/10 & PhD 4/7,HSS,HIST,HIST210,World History from 1750 to the present( Formerly known as: HIST209 : How We Became Modern: World History from 1750 to the Present),ok,NO,YES,YES,YES,NO,NO,Required,4,Aashique Iqbal Ahmed,History Major/Minor,NA,"We take the idea of being modern for granted. Yet historians have long debated what it means tolive in a modern world. Did modernity emerge in Europe and spread around the world over thelast five hundred years? Are all parts of the world equally modern? Has the idea of what it meansto be modern, modernity, been used to justify radical and (often) violent actions by various 20thcentury governments? In this course we will try to answer these and several other questionsusing rich scholarship produced by the field of global history from the discovery of the NewWorld in the 15th century to the globalized world of the present. Among other things we willstudy about the enlightenment, the emergence and fall of European empires, the integration ofthe global economy and the environmental fallout of globalization.",NA,"Previously the course title was How We Became Modern: World History from 1750 to the Present

"
23,Trimester 1/4/7/10 & PhD 4/7,HSS,HIST,HIST206,From Mughaliyah Saltanat to Sovereign Republic: India in Transition ,ok,NO,YES,YES,YES,NO,NO,Required,4,Aashique Iqbal Ahmed,History Major/Minor,NA,"This course will study the processes that transformed India from a Mughal Empire to aSovereign Republic. Until 1857 the Mughal emperor remained the fount of political legitimacyof South Asia even as the actual power of the Mughals waned. Mughal successor states includingAwadh, Hyderabad, Bengal and even the British East India Company at least nominally drewtheir authority from the Mughal crown. By 1950 India had emerged as a republic whose rulersderived legitimacy from democratic elections. India’s evolution from Mughal empire to colonyto independent republic raises many questions. How did social, economic and political forcesradically transform South Asia in under a century? What effect did colonialism have on India?How are the lives of ordinary Indians today different from those of their ancestors living twocenturies ago? Themes covered in this course will include colonialism, nationalism,decolonisation, social reform movements and state formation in the South Asian context",NA,
24,Trimester 1/4/7/10 & PhD 4/7,HSS,HIST,HIST339,"Reading Food, Understanding Identities ",ok,NO,YES,YES,YES,NO,NO,Elective,4,Preeti Gulati,-,NA,"To eat, like breathing, is a biological instinct of our bodies, necessary for daily functioning. Unlike breathing however, the ways in which we eat, the food items we choose or reject, are linked to societal norms and economic capacities, beyond individual agency. This course will read foodways as systems of communications that encode identities in terms of state and household institutions, geographical markers, religious affiliations, labour and class positions, and caste and gender norms.

This course will move chronologically through the turn to agriculture, ancient states and empires, religious sacrifices and asceticism, medieval mercantilism, industrialisation and circulation of food and labour, and end in the present day post-globalisation world. We will learn to read primary sources ranging from the pots and pans of the ancient world, medicinal texts, religious canonical literature, oral and written recipe collections, and modern day popular culture. Together, we will use these contexts and sources to understand how food functions as a marker of identity. ",NA,
25,Trimester 1/4/7/10 & PhD 4/7,HSS,HIST,HIST211|ECON205,Themes in Economic history: Humans as Planetary Pilots,ok,NO,YES,YES,YES,NO,NO,Required/Elective/Elective,4,Surbhi Vatsa,History Major/Minor,NA,"This course intends to explain economic events and phenomena in their historical contexts,
recognizing such thinking to be central to the discipline of economics itself, from Adam Smith
to Thomas Piketty. Economic history seeks to explain fundamental questions about wealth and
inequality in relation to both individuals and nations. Such historicizing will help us understand
(a) how technologies, institutions, and innovations will spur economic growth and (b) how the
wealth generated thus is redistributed. This course has two core objectives: first, to present a
general introduction to economic history by examining how labour, technology, and commerce
have remade human cultures since the Neolithic Revolution; second, to explore specific topics
in relation to modern economies since the Industrial Revolution. Taught by economists and
historians, the specific topics chosen may change.",NA,
26,Trimester 1/4/7/10 & PhD 4/7,HSS,HIST,HIST314|SOCL351|POLT351,"Power and Powerlessness: Caste, Class and Gender in Indian History",ok,NO,YES,YES,YES,NO,NO,Elective,4,Surbhi Vatsa,History Major/Minor,NA,"This interdisciplinary course explores the dynamics of power and powerlessness in society with a specific focus on class, caste, and gender. Through critical analysis, discussions, and case studies, students will examine the interplay of social structures, inequalities, and systems of privilege and oppression. The course aims to empower students to become informed and active advocates for social justice.
",NA,
27,Trimester 1/4/7/10 & PhD 4/7,HSS,PHIL,PHIL339,Pre-Socratics and the Socratics - History of Philosophy,ok,NO,YES,YES,YES,NO,NO,Elective,4,Vivek Radhakrishnan,Elective for Philosophy Minors,NONE,"This course will introduce students to thinkers who collectively formed the philosophical tradition of the ancient Greece. It will first familiarize students to the philosophical thoughts of the pre-Socratic thinkers like Thales, Pythagoras, Parmenides, Heraclitus and Democritus. Then, the focus of the course will shift to Socrates, and the two major Socratic philosophers – Plato and Aristotle. Students will be introduced to the ethical and metaphysical concerns of these three thinkers through the selected works of Plato and Aristotle. Philosophical themes including moral virtues (like justice, wisdom, piety etc.), good, beauty, happiness, death, God and soul will be explored in theses classes. Taking a historical approach, the course will enable students to systematically and critically reflect on specific philosophical issues that were relevant to the ancient Greeks. ",NO,
28,Trimester 1/4/7/10 & PhD 4/7,HSS,PHIL,PHIL343|SOCL343,Theorising Technology (Formerly: PHIL335 - Introduction to Philosophy of Technology),ok (pl see remarks column),NO,NO,YES,YES,NO,NO,Elective,4,Shriddha Shah,Elective for Philosophy Minors,NONE,"Human evolution is tied to the question of technological evolution, or perhaps vice versa. In either scenario, questions of – what is technology? How does technological design structure the world around us? What are the requirements of adapting to the demands of technological change? What are the larger socio-political and ethical implications of technological change? All these questions need to be situated as part of a discussion in the philosophy of technology. The course seeks to introduce the students to some of the seminal thinkers and their positions in this respect and engage them in fundamental ontological queries regarding technology.",NO,Cross-listing process pending.
29,Trimester 1/4/7/10 & PhD 4/7,HSS,PHIL,PHIL232,The Word and the World,New,NO,YES,YES,YES,NO,NO,Elective,4,Shikha Rajpurohit,Elective for Philosophy Minors,NONE,"This is an introductory course to the classical Indian philosophy of language. The title has been taken from Bimal Krishna Matilal’s monograph from which we will be reading some portions. In this course, we will be walking through four schools of Indian philosophy – Nyāya, Mīmāṃsā, Buddhism and Grammar – to understand various theories of word (śabda), meaning (artha), sentence (vākya), powers of the word (śabda-śakti) and how to derive meaning from them. Along the way, we will be discussing questions such as, how many meanings can a word denote? Does language simply denote the world that we live in,
represents it or creates and shapes it? Who decides the meaning – the speaker, the listener or the language in which it is communicated?
We will also touch upon some deeper philosophical questions like, does language reveal the truth or veils it? Can there be a soteriological function related to language? Through the
classical texts incorporated in the course, the students will gain beginning competence in reading primary texts through translations. The aim is to encourage the students not only to
learn the Indian theories and philosophy of language but to think with them – critically, comparatively and creatively.",NO,Waiting for the CC approval
30,Trimester 1/4/7/10 & PhD 4/7,HSS,PHIL,PHIL201,Philosophical Concepts: Objects and Subjects I : Intro to Metaphysics,ok,NO,YES,YES,YES,NO,NO,Required,4,Srajana Kaikini,Required for Philosophy Minors,NONE,"In this introductory course, we will engage with basic questions in metaphysics - one of the foundational pillars of philosophy. Questions such as what is reality? What is the nature of truth? How do we experience and know about things around us? Have been central to philosophical enquiry. We will explore these questions by foregrounding the concepts of objecthood and subjecthood. We will examine whether these two seemingly different concepts are related and what this understanding implies for philosophy. The question of objects is a central to understanding ontology and its role in experience. What defines objects? Are objects created or discovered?  What kinds of objects are there? We will study the various conceptions of objectivity including explorations of realist, idealist, modal theories on objects and so on. Similarly, the question of subjects is central to the epistemological enterprise. There are many ways of thinking about the subject. How has the subject been understood via materiality, reason, substance, language, society, interests? What is intersubjectivity? This course primarily explores metaphysical questions concerning objectivity, subjectivity, experience and the knower and their implications across disciplines, be it science, mathematics, arts or the social sciences.",NO,
31,Trimester 1/4/7/10 & PhD 4/7,HSS,POLT,POLT202,Understanding Indian Politics,ok,NO,YES,YES,YES,NO,NO,Required,4,Sam Gundimeda,All the politics majors and minors,NONE,This course explores the evolution of Indian politics from Independence to the present-day BJP-led government.,"Yes, Politics II",None
32,Trimester 1/4/7/10 & PhD 4/7,HSS,POLT,POLT203,"Politics in Multiple Frames: Approaches, concepts and theoretical perspectives",ok,NO,YES,YES,YES,YES,NO,Required,4,Dyotana Banerjee,"Required Course for Politics Major / Minor, Politics-History Joint Major",NONE,"This course seeks to outline various perspectives of understanding politics at multiple levels from the local to the national to the global. Is politics essentially about power, government and elections, or is it about friends and foes? Could it be about a deep yet contested conversation about public goods or an art of bringing political differences into an integral but tension-ridden whole? Students will develop a foundational understanding of historical, empirical and normative dimensions of politics at each of these scales. What are the pressing questions that we encounter at different levels of politics, and how did the systems that organise them come to be, and what are the epistemologies and power dynamics that underpin them? How does the academic discipline of politics constitute its objects of study and protocols of enquiry? Can the focus of politics be exclusively on human action, and such a focus be sustained in times of deep ecological crises?",None,None
33,Trimester 1/4/7/10 & PhD 4/7,HSS,POLT,POLT317,Political Theory II,ok,NO,YES,YES,YES,NO,NO,Required,4,Shilpi Singh,"The study of politics is much more than the study of the state. It involves the examination and engagement with the social and political structures, concepts, ideas and values. Thus, concepts like equality, liberty, rights, justice, sovereignty, power, democracy, modernity, nationalism, identity, state, legitimacy and dissent become central to the discipline of politics. Political Theory I exposes the students to some of these concepts. However, the course on Political Theory II will engage with the remaining concepts through the ongoing debates around some of the concepts like sovereignty, power, nationalism, democracy, identity and modernity. The engagement with these debates bring to the surface how certain concepts complicate or simplify the understanding and applicability of other concepts in a polity. The engagement with these concepts manifests in political action. Political action aims at either preservation or change guided by the thought of better or worse. This is deeply embedded in finding the good or the right driven by what starts as a question and ends with knowledge. Thus, political theory is driven towards the pursuit of knowledge for the good of society, polity, people and collectives exhibited in the establishment of order and resolution of contestation or conflict. The engagements with ongoing debates enhances this pursuit of knowledge which is deeply embedded in explanatory wisdom for the truth. Thus, the course will engage with such a quest for knowledge while resolving ongoing contestations, conflicts and debates that aim at generating consent and acceptance for an ordered polity. The course will be anchored to the challenges to state and sovereignty, contestations over power and legitimacy, debate around dissent safeguarding democracy or democracy being dissent, paradox of modernity and identity and the elusiveness of nationalism. It is through a critical engagement and coherent analysis of the concepts and the ongoing debates and challenges around them that the course will enrich political theory and the discipline of politics as it will create the knowledge of the whole by putting the parts together.",Political Theory I,"The study of politics is much more than the study of the state. It involves the examination and engagement with the social and political structures, concepts, ideas and values. Thus, concepts like equality, liberty, rights, justice, sovereignty, power, democracy, modernity, nationalism, identity, state, legitimacy and dissent become central to the discipline of politics. Political Theory I exposes the students to some of these concepts. However, the course on Political Theory II will engage with the remaining concepts through the ongoing debates around some of the concepts like sovereignty, power, nationalism, democracy, identity and modernity. The engagement with these debates bring to the surface how certain concepts complicate or simplify the understanding and applicability of other concepts in a polity. The engagement with these concepts manifests in political action. Political action aims at either preservation or change guided by the thought of better or worse. This is deeply embedded in finding the good or the right driven by what starts as a question and ends with knowledge. Thus, political theory is driven towards the pursuit of knowledge for the good of society, polity, people and collectives exhibited in the establishment of order and resolution of contestation or conflict. The engagements with ongoing debates enhances this pursuit of knowledge which is deeply embedded in explanatory wisdom for the truth. Thus, the course will engage with such a quest for knowledge while resolving ongoing contestations, conflicts and debates that aim at generating consent and acceptance for an ordered polity. The course will be anchored to the challenges to state and sovereignty, contestations over power and legitimacy, debate around dissent safeguarding democracy or democracy being dissent, paradox of modernity and identity and the elusiveness of nationalism. It is through a critical engagement and coherent analysis of the concepts and the ongoing debates and challenges around them that the course will enrich political theory and the discipline of politics as it will create the knowledge of the whole by putting the parts together.",,
34,Trimester 1/4/7/10 & PhD 4/7,HSS,POLT,POLT334|SOCL334|PSYC337,Politics of the Body,ok,NO,YES,YES,YES,YES,NO,Elective,4,Shilpi Singh,"The socio-cultural construction of the body is intrinsic to the constitution of the self. The body does not just define the ‘self’ but also the ‘other’ or ‘non-self’. The body is a source of knowledge while understanding social positioning and is understood through everyday living. Beauty is closely connected to the body. It is defined in terms of the perfect body and bodily appearances. In fact societies have been obsessed with a beautiful body for long. The body is a strong communicator and has a specific political anatomy of its own. It can see and is also constantly seen by the others. The course will look at the body from a political perspective and navigate through questions like what constitutes the body and how we see them. It will help in understanding the process of othering that constantly takes place in the socio-economic-political-cultural milieu we inhabit. By taking the body as the source of intervention, the course will engage with questions of self, identity, subjectivity and objectification. Thus, engaging with the sociological construction of the body, politics of visibility or that of seeing and be seen, heightened presence of technology, bodies as embodiment of caste, religion, space and disability becomes unavoidable and pivotal. It opens up the domain of alternative narratives that make us look at the body as made up of a plurality and multiplicity of bodies. The course will draw from articulations and conversations that have already been initiated by scholars like Judith Butler, Michel Foucault, Erving Goffman, Bryan Turner etc to enrich the discourse on body politics.",,"The socio-cultural construction of the body is intrinsic to the constitution of the self. The body does not just define the ‘self’ but also the ‘other’ or ‘non-self’. The body is a source of knowledge while understanding social positioning and is understood through everyday living. Beauty is closely connected to the body. It is defined in terms of the perfect body and bodily appearances. In fact societies have been obsessed with a beautiful body for long. The body is a strong communicator and has a specific political anatomy of its own. It can see and is also constantly seen by the others. The course will look at the body from a political perspective and navigate through questions like what constitutes the body and how we see them. It will help in understanding the process of othering that constantly takes place in the socio-economic-political-cultural milieu we inhabit. By taking the body as the source of intervention, the course will engage with questions of self, identity, subjectivity and objectification. Thus, engaging with the sociological construction of the body, politics of visibility or that of seeing and be seen, heightened presence of technology, bodies as embodiment of caste, religion, space and disability becomes unavoidable and pivotal. It opens up the domain of alternative narratives that make us look at the body as made up of a plurality and multiplicity of bodies. The course will draw from articulations and conversations that have already been initiated by scholars like Judith Butler, Michel Foucault, Erving Goffman, Bryan Turner etc to enrich the discourse on body politics.",,
35,Trimester 1/4/7/10 & PhD 4/7,HSS,POLT,POLT316|HIST316,Indian Foreign Policy,ok,NO,YES,YES,YES,YES,NO,Elective,4,Swarna Rajagopalan,"Elective for Politics Major / Minor, Politics-History Joint Major, History Major / Minor",POLT 205 GP1,"This course is designed as an analytical, contextualised introduction to Indian foreign policy and
 strategic thinking. The course is designed to enable students to follow contemporary debates in
 an informed and critical way, and from multiple points of view. Traditionally, this topic is taught
 through a historical approach and an overview of bilateral relationships. This course will merge
 that with elements from foreign policy analysis courses, that is, by including themes such as the
 influence of domestic politics and non-political issues. It will begin with a contextualising
 historical overview and then briefly examine contributing factors that shape thinking and policy
 on India’s external relations before looking specifically at key relationships and important policy
 areas.",None,Previously the code was POLT312|HIST312
36,Trimester 1/4/7/10 & PhD 4/9,HSS,POLT,POLT307,Comparative Politics II,ok,NO,NO,YES,YES,NO,NO,Required,4,Proma Raychaudhury,,POLT204 (Comparative Politics I),"In broad continuity with the course Introduction to Comparative Politics, this course involves a deeper engagement with the key themes and methodological approaches that constitute the dynamic field of Comparative Politics. This course offers an advanced exploration of conceptual variables such as state formation and state capacity, social movements, and civil society as well as ideologically conditioned political processes such as democratisation, and development across supra-national, national, and local levels. The thematic composition of this course is informed by gender and intersectional lenses. Beginning with the evolution of the field beyond its Euro-American moorings, the course will delve into the diverse methods that characterise comparative research. This is followed by a historically contextualised study of dominant political ideologies. Other key themes covered in the course include political parties, representative democracy, and contemporary phenomena such as populism.",,
37,Trimester 1/4/7/10 & PhD 4/12,HSS,POLT,POLT301|SOCL302|PHIL302,Social and Political Thought: Intimations of Modernity,ok,NO,YES,YES,YES,NO,NO,Required/Elective/Elective,4,Bishnu Mohapatra,"Required course for the Politics & Elective for Social Studies, Philosophy Major/Minor",None,"This course deals with ideas articulated by individual thinkers such as Machiavelli, Hobbes, Locke, Mill, Weber and Marx on society, politics, and power. In addition, it covers different ways of thinking of ‘past’, their attendant imaginaries, and the politics of identity and recognition in the modern world. Both these parts are connected by and anchored in the stories of ‘modernity’. ‘Modernity’ is a large and complex theme that encompasses transformations in the sphere of economy, politics, society and morals. It does not offer a unitary story. We also know that it has become a global currency for justifying as well as critiquing power. Separated by a long stretch of time, how do we make sense of these ideas? How these thinkers, spanning a period of four centuries, were not only shaped by significant sociopolitical changes but also created new ways of comprehending them? The course brings interpretive and methodological resources from sociological theories, political philosophy, and historical imagination to examine ideas and experiences that define ‘modern’ life and their embattled presence in our time.",None,None
38,Trimester 1/4/7/10 & PhD 4/7,HSS,SOCL,SOCL344|HIST344|POLT344,"Citizenship, Exclusion and Belonging in South Asia ( CC Approval awaited)",New,NO,YES,YES,YES,NO,NO,Elective,4,Panchali Ray,,None,"This course explores historical and contemporary perspectives on citizenship in South Asia, examining how colonial legacies, postcolonial state-building, and competing nationalisms have shaped mobility, rights, and exclusion. It analyzes the role of religion, caste, gender, and ethnicity in defining belonging, with particular attention to the experiences of marginalized communities such as Dalits, Adivasis, religious minorities, and refugees. The course also addresses how citizenship intersects with social and economic inequality, and engages with contemporary issues including partition legacies, documentary citizenship, climate displacement, and rising ethno-nationalism.",,CC Approval awaited
39,Trimester 1/4/7/10 & PhD 4/7,HSS,SOCL,SOCL228|PSYC228|POLT228,"Ethnography of Political Violence (Formerly: SOCL215|PSYC222 - Anthropology of Violence: State, Power, and Politics)",New,NO,YES,YES,YES,NO,NO,Elective,4,Gowhar Fazili,Elective course for Social Studies Major / Minor,None,"This course explores violence in both its everyday, normalized forms and its spectacular, visible eruptions. We will examine how violence is unequally distributed, disproportionately impacting women, Dalits, Adivasis, Muslims, and queer communities—whether through lynching, sexual violence, riots, or incarceration. Often premeditated rather than spontaneous, violence gains legitimacy through imagined injuries to caste, gender, or national order, and is frequently sanctioned by society, with perpetrators enjoying impunity.
 
 We will also study “extraordinary” forms of violence—war, militarization, genocide—and critically reflect on how anthropologists study violence, including the ethical and methodological challenges this entails. Through ethnographic case studies, with a focus on India and neighboring regions, we will explore how violence is intertwined with democracy, how political and social orders define what counts as violence, and how certain lives and actions are rendered punishable—or invisible.
 At its best, work in this field exemplifies the power of rigorous, reflective scholarship under conditions of strain, disrupting what is taken as normal or natural in the social order. At its worst, however, it risks devolving into voyeuristic representation—amplifying trauma without adequate critique or care, and at times, inadvertently perpetuating the very dynamics it seeks to examine. This course offers a critical engagement with the phenomenology of political violence, with a particular focus on recent anthropological literature that explores these tensions and possibilities.",None,"Approved  (Previously the course title was Anthropology of Violence: State, Power, and Politics and previous course code was SOCL215|POLT222)"
40,Trimester 1/4/7/10 & PhD 4/7,HSS,SOCL,SOCL205|POLT235|ECON235,Political Economy of Development,Ok,NO,YES,YES,YES,NO,NO,Elective,4,Karthik Cavale,,None,"In the 20th century, the entire world came to be divided into ""underdeveloped"", ""developing"" and ""developed"" countries. Underlying this division was a hegemonic project of ""development"", an extended process of structural transformation associated with industrialization and modernization of economies and societies. Since the 1960s, this consensus has unravelled in several ways. First, there have been many normative critiques of development understood as industrialization and modernization, as well as many alternative normative agendas for development (e.g. human development, inclusive development, sustainable development). Second, both in popular and academic discourse, there has been a reconsideration of the respective roles played by governments, firms, non-governmental actors, social movements, etc. in the development process. As a result, the political economy of development has emerged as a field of enquiry rife with debates between scholars and practitioners of markedly different theoretical persuasions and political beliefs.
 
 This course will encourage students to simultaneously engage with development debates at three levels: a) theoretical antecedents; b) policy paradigms; and c) specific policy interventions in the Indian context. Each theoretical tradition has been matched with an important policy paradigm and a policy controversy emanating therefrom. The list of debates includes: balanced vs. unbalanced growth, import substitution vs. export promotion, liberalization vs. industrial policy, growth vs. basic needs, energy transitions vs. degrowth, and alternatives to capitalist development.",,
41,Trimester 1/4/7/10 & PhD 4/7,HSS,SOCL,SOCL341|POLT341|LITT341,"Law, Society, Abolitionism (previously: SOCL336 - Sociology of Law)",New,NO,YES,YES,YES,NO,NO,Elective,4,Sara Abraham,,None,"This course offers a theoretical understanding of law, and prisons in society, as well as the concept of abolitionism. Students will read recent first-person accounts of surviving prisons in India.",,
42,Trimester 1/4/7/10 & PhD 4/7,HSS,SOCL,SOCL342|ENVS342,Ecofeminist movements in India (Formerly: SOCL325|ENVS325 - Eco feminism),ok,NO,YES,YES,YES,NO,NO,Elective,4,Sharin Naomi,,None,"The course views environmental movements in India as a grassroots social and political initiative that adheres to Gandhian tradition of nonviolence and aimed at ensuring the survival and livelihood of working-class individuals, as well as indigenous and tribal communities. These movements, shaped by indigenous socialist, spiritual, and ecological principles, seek to empower marginalized communities in their decision-making regarding natural resources while reinforcing the essence of inclusive democracy. The course particularly observes the role of women in these movements who remain at the center of resistance or participated in the collective actions in a noticeable way. In addition to uncovering lesser-known instances of women's social resistance against environmental injustices (e.g. resistance against monoculture), the course will emphasize prominent ecofeminist movements in India, such as the Chipko movement, Narmada movement, and the Western Ghats movement. Taking an interdisciplinary approach, the course encompasses feminist theories, literature, including theater, art, dance, poetry, and fiction that altogether represents a local ecofeminist discourse of knowledge and power regarding women, environment, and society.",,
43,Trimester 1/4/7/10 & PhD 4/7,LAA,ARTS,ARTS224,Baithak Bhav (Practicum/Immersive),ok,YES,YES,YES,YES,NO,NO,Elective,4,Swarnamalya Ganesh,"Elective in Global Arts (3 and 4 year Minor-can count as Practicum requirement (Arts immersion) Concentration in Global Arts, Litt-Arts Major","The course is built for practitioners of music, dance, theatre and any other form of performative art practice. Learners will be expected to learn the gestures and abhinaya and perform them in a seated position. This practicum course is meant to immerse up and coming artiste practitioners in the specialized art of Baithak Bhav and enhance skills for narrative performances in any form.","Abhinaya or the art of emoting using gestures and facial expressions including subtle shifts in body language, glances, gaits etc, to evoke a response/ reaction in the spectator by invoking the theme’s (poem’s) innate disposition. This is a practice-based course for dancers and musicians of all genres, theatre practitioners, movement artistes and those with a flair to learn performance, to unpack in great detail and nuance the poetic intent using interpretive methods, predominantly through the art of Abhinaya (Bhav). Using the torso, upper body, the limbs and gestures for abhinaya in a seated position, Baithak Bhav is one of the most ancient and challenging improvisational skills taught as part of various performative traditions. In learning this form of narrative building and story- telling, students will work with chosen poems across multiple languages including Telugu, Sanskrit, Tamil and Urdu, while reflecting on ideas of subtexts, stable and transitory emotions and psychophysical responses. The central questions this practicum focuses on are, how can the performer/actor intensify the innate nature of a theme’s substratum to create high magnification of response in the viewer? How can they use their own core nature of personality and ability to sustain the paradigmatic emotion of śrngārā- passion? Course Objectives/ Learning Outcomes
 
 To gain foundational knowledge on performing Baithak Bhav using expressions and gestures including to sing the poetry that is being performed.
 Learning to read multi-lingual poetry through text and translation.
 Learning to place the poem in context, using historical, social and psychophysical analysis of characters and nature.
 To engage in thought provoking discussions on thematic substratum and ways of representations in narration as well as to intuitively respond to poetry through abhinaya.",NO,NA
44,Trimester 1/4/7/10 & PhD 4/7,LAA,ARTS,ARTS234|PHIL234|PSYC235,"The heard, seen and felt- Indian Canons and Intellectual traditions on theories of Aesthetics and Processes of Production",ok,NO,YES,YES,YES,NO,NO,Elective,4,Swarnamalya Ganesh,"Elective course for Global Arts minor (3 and 4 years), Litt- Arts Major, concentration in Global Arts, Psychology Elective, Philosophy Elective",NO,"Understanding the complex codes of performative production involves studying the connection between word and meaning, movement and play, the processes involved in the manifestation of Rasa (aesthetic pleasure), thinking about its ontology- whether it comes from the writer, character, actor or the audience? How can emotions be conveyed without being told, and how the expression of quotidian life obscures spatio-temporal constraints of the mind to experience the joy of consciousness. Concepts like these become central to this course. In close-reading texts on Indian aesthetics and drama and following the arguments by logicians over centuries, we investigate how passion (Rasa) is foregrounded as a particular aspect of the ego which, when intensified through performance is “tasted” by a responsive audience. Read in texts and translation from Sanskritic, Tamil and vernacular works, the class will engage in debates over foundational theories from Indian intellectual traditions and also draw comparative ideas from European aestheticians such as Kant, Barthes and others. Between writing, seminar and debate sessions, the course will help the student investigate and include themselves within the discourse on aesthetic judgement and its impact on social and moral judgements in new medias and the real world.
 
 
 
 Course Objectives / Learning Outcome
 
 The student will learn critical concepts from Indian intellectual traditions on performance
 Will learn to engage in healthy debating, an age old intellectual tradition called Tarka, as a pedagogical method in this course
 Will enhance the thinking and processes of production for writers, actors, dancers, musicians and all other forms of performance and creative practitioners, including new media creators like photographers/ mixed media creators, technological, scientific, psychological and social thinkers.",NO,"1. Reading knowledge of Sanskrit or Tamil is not mandatory for this course. Alhough the course will work with extant texts, concepts will be dealt with in translation. 2. Students are encouraged to take the course Baithak Bhav-Techniques of Improvisation and Composition which is being offered in this trimester, as an added advantage to practically better understand some of the modes of production discussed in this class. But, this is not mandatory."
45,Trimester 1/4/7/10 & PhD 4/7,LAA,ARTS,ARTS315|HIST335|ENVS316,Modern-day Storytelling - an introduction to documentary filmmaking and its use in peoples’ and environmental movements,ok,YES,YES,YES,YES,NO,NO,Elective,4,Anurag Singh,"Elective for Global Arts (3 and 4 years Minor), Litt-Arts Major, Concentration in Global Arts, Environmental Science Elective, History Elective",NO,"Documentary films are modern, technology driven storytelling. A
 medium that can turn anyone’s life and its stories into interesting visual
 narrations. This course follows the journey of the camera from being a
 tool that exudes aesthetics, creativity, and capturing of memories, to
 becoming the strongest instrument of resistance in the struggles of
 ordinary people. Through a series of interactive lectures the students
 will explore how the medium of documentary filmmaking can bring
 stories that are invisibilized, to light. 
 The course will bring parallel experience of learning the history,
 evolution and basic use of camera, the most critical tool in
 documentary filmmaking, along with understanding its use in capturing,
 propelling and archiving peoples’ movements in India. In the 12 weeks,
 students will practically explore the camera and use it to capture life
 around them and create a short documentary. The course will also
 cover basics of all other skills such as sound recording, scripting,
 storyboard development, logging, transcription and editing involved in
 producing a documentary film. This course will take them through
 important steps such as learning of method, ideation of concept,
 shooting and post-production of a documentaryfilm.
 At the core of documentary filmmaking lies the critical concept of
 integrity, the ability to visually capture stories of people and the world
 just as we see it. Hence, this course will allow students to not only
 immerse themselves in historicity, but also develop ethics in practice.",NO,Capping at 20 students
46,Trimester 1/4/7/10 & PhD 4/7,LAA,ARTS,ARTS233,Firing Methods (Practicum),ok,NO,YES,YES,YES,NO,NO,Elective,4,Kaveri Bharath,"Elective in Global Arts (3 and 4 year Minor-can count as Practicum requirement (Arts immersion) Concentration in Global Arts, Litt-Arts Major","Students with prior experience with clay and ceramic processes, or those who have taken a pottery/ceramics course, would be given preference.","Firing is an integral and very important step in ceramics, as it is what makes the clay durable because it puts the clay through an irreversible chemical change, so it no longer slakes in water. After this, the fired clay can be broken into smaller and smaller pieces, but they will not disintegrate nor degrade. 
 This step of firing, although ancient, is not just a simple act of putting the clay in flames. The way that clay is fired has developed and evolved across time and geography, and continues to change, depending on the function of the ware being fired, the resources available, limitations, and the desired aesthetic and utilitarian outcome. 
 This course studies this process, the aids to firing, as well as the variety of ways to use the process as part of the creativity. It’s the science of the art.",NO,Capping at 15 Students
47,Trimester 1/4/7/10 & PhD 4/7,LAA,ARTS,ARTS231,Clay - Materials and Methods (Practicum),ok,NO,YES,YES,YES,NO,NO,Elective,4,Kaveri Bharath,"Elective in Global Arts (3 and 4 year Minor-can count as Practicum requirement (Arts immersion) Concentration in Global Arts, Litt-Arts Major",None,"Students get a glimpse of the variety and chemical composition of clays, as well as insights into the continuous historical context of using it as a material in craft, art, and science through the ages. The creation of small to large functional as well as sculptural ceramics, (working as individuals as well as collaborative work in pairs, or groups), will be the bulk of the hands-on studio work. 
 Students will also learn ways of decorating the clay surface at different stages; when wet, when leather hard, and when bone dry. They will learn how to use techniques of altering, adding/subtracting of clay, (including making pieces with the kuruniki techniques), then using coloured slips and engobes, (coloured using metal oxide additions), they will learn inlaying, (mishima), engraving, sgraffito, brush work, slip trailing, pouring, dipping, etc. 
 They will simultaneously study techniques and ware produced by traditional communities around the world as well as contemporary artists and studio potters who specialize in particular techniques. Time and budget permitting, there may be short field trips. Some selected pieces made by them will be fired, and there will be an opportunity to showcase and display the pieces produced by them, to the larger Krea Community. 
 The course is a combination of lectures, talks, demonstrations, slide shows, films, a lot of hands-on work, regular practice sessions for skill development, readings, discussions, and the possibility of a field visit, time, logistics, and budget permitting.",No,Capping at 15 Students
48,Trimester 1/4/7/10 & PhD 4/7,LAA,LITT,LITT206,Creative Writing,ok,NO,YES,YES,YES,NO,NO,Required,4,Prajwal Parajuly,"Required for Litt majors, minors, concentrations",None,"The Introduction to Creative Writing is an intensive writing workshop designed to give students the opportunity to develop their craft via in-class workshops, readings, discussions, and one-on-one tutorials. The discussions will also focus on publishing and the publishing industry. The course will include Zoom sessions with authors and literary agents. The class will mimic the frenzied pace of real-life publishing. There will be deadlines, drafts, and redrafts. We will learn to read like writers and write like writers under pressure. Students will turn in one fully realized piece of fiction (a short story or the first chapter of a novel in progress) and a book review for the course. For the book review, students will choose a work of fiction by an author who comes from a background different from theirs (we will discuss in class what this means) on which to write a paper and give a presentation. The paper will be divided into two sections – the first will be a 1,000-word review of the book, and the second will be an analysis of the reviews the book has garnered in the media. The analysis should include students’ thoughts on the audience the book was written for, the type of marketing that might have gone into the book, the cover, the hooks used to gain publicity, author interviews, etc. You will need to search The New York Times, New Yorker, Guardian, Washington Post, Hindustan Times, Hindu, Financial Times, and other publications for reviews and features on the book. You will give a 10-minute presentation on your review.",No,To be capped at 15: preference to be given to declared Litt majors and minors
49,Trimester 1/4/7/10 & PhD 4/7,LAA,LITT,LITT224,Brief Encounters: The Short Story Through Histories and Cultures,ok,NO,YES,YES,YES,NO,NO,Elective,4,Sayandeb Chowdhury,"Elective for Litt majors, minors, concentrations",None,"If brevity is indeed the soul of wit, then the short story is the fictional equivalent of modernity: it captures the burst of a moment, a shifting mood, a passing shadow. In fact, in some ways the short story is the arch-genre of modernity. In the early to mid-19th century, the modern metropolis was being forged by capital, migration and anonymity; here rapid industrialisation made demands on uninterrupted time; the telegraph and the railways atomised distance; photography made possible the visualising of an instant. It is in that kind of a city where print modernity took sharp turns and the short story became one of the founding genres to mirror the harried, hurried, fleeting life in the new metropolis. It came to belong to a space in between a sketch and a tale, a fable and a saga, an anecdote and a long narrative. This course would look at the cultural and social origins of the short story; enquire into the ways in which it has transformed over the last century and a half; look at some of the critical approaches to it; and study its astonishing fecundity and flourish in the Indian subcontinent, much of which embraced the genre rather early. In short, this course will be both a survey of the genre as well as one which would look closely at some of its most representative specimens, and in languages (translated) as varied as Russian, English, Spanish, French, Urdu and Bengali.",No,-
50,Trimester 1/4/7/10 & PhD 4/7,LAA,LITT,LITT331,Humour in the Twentieth Century,New,NO,NO,YES,YES,NO,NO,Elective,4,Sayandeb Chowdhury,"Elective for Litt majors, minors, concentrations",None,"The course revisits the idea of humour as an artistic, cultural and humane practice and powerful, potential and often radical form of critique across nations, genres, tongues and political climate. The course intentionally mixes up canonical and comparatively unknown texts so that students are able to respond to them both in terms of their own power, as well as their location in cultures from which they emerged.",No,-
51,Trimester 1/4/7/10 & PhD 4/7,LAA,LITT,LITT318,Ancient Greek Drama and its Modern Adaptation,ok,NO,YES,YES,YES,NO,NO,Elective,4,Abhishek Shukla,"Elective for Litt majors, minors, concentrations",None,"Written to be staged in the annual festivals of fifth-century Athens, the plays of classical Greece rank among the finest and most enduring works of western literature. The tragedies of Aeschylus or Sophocles, and the comedies of Aristophanes, have inspired artists, writers, and philosophers over twenty-plus centuries. What is it about the plays that has caused them to be so widely studied and adapted through the ages?—all the love, lust, murder, and revenge? their mythology? or their inquiry into psychology and morality? More fundamentally, what is it about their form and structure—their innovations in the media and modes of poetry and performance—that makes them so effective in expressing concerns of such vital and perennial interest, and so amenable to adaptation and translation? We shall consider these and other questions by examining, closely and carefully, both the plays themselves as well as their adaptations in art, literature, and film.",No,-
52,Trimester 1/4/7/10 & PhD 4/7,LAA,LITT,LITT239,"The Uses of Orthodoxy - the Poetry, Criticism, & Cultural Theory of T. S. Eliot",New,NO,YES,YES,YES,NO,NO,Elective,4,Abhishek Shukla,"Elective for Litt majors, minors, concentrations",None,"Of all the poets and critics of high modernism, it is perhaps T. S. Eliot who stands least in need of an introduction: his poems form the mainstay of literature curricula from high school through university; his essays and criticism continue to inform our understanding of art, literature, and culture; and the scholarship surrounding his work, enough to fill a library, is not for the faint of heart. And yet, there is one aspect to Eliot that is usually glossed over, namely, his thoroughgoing commitment to orthodoxy. Introducing a collection of his own essays in 1928, he described their “general point of view” in words that apply to his works as a whole: they are, he said, “classicist in literature, royalist in politics, and Anglo-Catholic in religion.” Clearly, then, Eliot saw no real contradiction between his commitment to orthodoxy on the one hand and his radical socio-cultural critique and literary innovation on the other. He saw them, rather, as being in concert, the former a condition for the latter, and the latter as a means of building and broadening the former. This relationship between conservatism, critique, and creativity will be the vantage point from which we shall take a comprehensive survey of Eliot’s works. The course will be divided into three modules. In the first, we shall outline Eliot’s definition of tradition, as something, not fixed or ossified, but ever growing and ever evolving, not as a hindrance to creativity, but a necessary condition for it. We shall begin with some intellectual history, by tracing similar conceptions of tradition in Matthew Arnold, G. K. Chesterton, and W. B. Yeats before coming to some of Eliot’s more celebrated essays: “Tradition and Individual Talent,” “What is a Classic?,” “The Function of Criticism,” along with shorter pieces on individual writers. In the second module, we shall see this conception play out in Eliot’s own major poems. We shall read poems that reflect his deep dissatisfaction with the broad tendencies of modern life, from spiritual and philosophical to sociological and cultural. And from these poems we shall draw out Eliot’s defence of tradition, negatively at first, but also more and more positively. We shall read them intertextually: we shall attend closely to how Eliot positions them in literary history; how he sets them in conversation with great poems of the past; and how doing so allows for the sort of originality, in both form and meaning, that helps remedy the anxieties of modernity. Finally, in the last module, we shall dwell upon the one aspect of Eliot’s thought that is most often overlooked, namely, his religious convictions. We shall consider the ways in which Eliot’s understanding of religion, as the fundamental category of life and thought, informs his poetry as well as his understanding of culture and society. To this end, we shall conclude with two of his most important works on religion and culture, Murder in the Cathedral and Notes towards the Definition of Culture.",No,New course: CC approval pending: Capped at 20
53,Trimester 1/4/7/10 & PhD 4/7,LAA,LITT,LITT326,Advanced Creative Writing,New,NO,NO,YES,YES,NO,NO,Elective,4,Prajwal Parajuly,"Elective for Litt majors, minors, concentrations","LITT206, Introduction to Creative Writing","Advanced Creative Writing is a twelve-week course in which students expand on the skills they acquired in Introduction to Creative Writing. You will master the elements of fiction via workshops, one-on-one tutorials and multiple rewrites. You will wax eloquent about plot and dialogue (did someone groan at “action beats”?). You will talk craft and lyricism and resolution. You will finesse your voice and form. You will birth compelling characters in well-thought-out settings. You will continue learning the rules of writing and break them with aplomb. This is a painfully intensive course. Be prepared for double the reading and writing you did in Introduction to Creative Writing. At the end of the term you will produce two fully realized short stories, which, the professor realizes, is difficult to accomplish in three months. You, the student, need to realize this, too, and embrace the chaos of real-life publishing. There will be innumerable drafts, redrafts and deadlines. Each draft you produce will be up for your peers’ consumption. You will all work as editors to help make a story the best it can be. Zoom meetings with practitioners of fiction, editors and agents will further your understanding of the publishing world.",No,New course: CC approval pending; to be capped at 15
54,Trimester 1/4/7/10 & PhD 4/7,SCI,BIOS,BIOS201,Life at Different Scales,ok,NO,YES,YES,YES,NO,NO,Required,4,TBD / Vaishali Sharma (Practicals),Required for Biological Sciences Major and Minor,"Scientific Reasoning (SCR), Data Analytics (DAN), Mathematical Reasoning (MR)","Based upon selected case studies, this course covers notions of scale from building blocks of life to biomes, organisational levels and integration of biological units, and the primacy of description. We start with Aristotelian classification and proceed through Early Modern natural philosophy and natural history to the discipline of biology itself in the present day. We consider the development of particular philosophies and forms of technology from the 17th to 19th centuries and corresponding development of elements of biology at different points in time, including such concepts as biogeography, ecology, evolution, cell biology, genetics, anatomy, and physiology, even as theological holds over the subject begin to waver.","BIOS224 (Evolution), BIOS218 (Biochemistry), BIOS221 (Genetics), BIOS222 (Plant Diversity and Reproduction), BIOS241 (Ecology and Conservation Biology), BIOS232 (Methods and Communication), BIOS235 (Animal Behaviour), BIOS401 (Plant Anatomy and Physiology), BIOS307 (Comparative Genomics of Bacteria)",None
55,Trimester 1/4/7/10 & PhD 4/7,SCI,BIOS,BIOS224,Evolution,ok,NO,NO,YES,YES,NO,NO,Required,4,Shivani Jadeja,Required for the Biological Sciences Major and Minor,"Life at Different Scales (BIOS201), Scientific Reasoning (SCR), Data Analytics (DAN)","How did life first arise on Planet Earth 4 billion years ago? In this course, which comprises both organismal and molecular evolution, we will begin with early theories of evolution that lead up to Darwin and Wallace's theory of natural selection. We thus gain insight into the process of scientific inquiry that resulted in one of the most important theories in the biological sciences, before concluding by integrating it with Mendel's theory of genetics referred to as the Evolutionary Synthesis. The course will look at the evidence of macro and micro evolutionary processes, and the evolution of plants and animals to understand the basis of the diversity of living organisms on Earth. Through numerous examples, students will learn about adaptive strategies at the level of individual organisms that may underlie evolutionary changes at the level of a population. At a molecular level, we trace the evolution of life, starting from self-replicating molecules, to the RNA world, to the evolution of cellular components. Along the way we will discuss the role played by the constituent molecules of life. We will discuss the origin of the field of molecular genetics from the Evolutionary Synthesis, bringing the disparate fields of evolutionary biology and genetics together. We will discuss the development and employment of the molecular clock and the salience of neutral mutations in establishing relatedness among organisms, using such markers as mitochondrial, chloroplast, ribosomal and nuclear genetic material, aided considerably by such technological advancements as protein electrophoresis, leading to the amplification of DNA using the polymerase chain reaction (PCR) for whole genome sequencing. This course will briefly discuss how the sequence information comes together with the current computational power to draw the phylogenetic tree of life.","BIOS235 (Animal Behaviour), BIOS409 (Global Change Biology)",None
56,Trimester 1/4/7/10 & PhD 4/7,SCI,BIOS,BIOS205,Molecular and Cellular Biology,ok,NO,NO,YES,YES,NO,NO,Required,4,Gautam Banerjee,Required for the Biological Sciences Major and Minor (starting with the 2022-26 FYUP batch),Biochemistry (BIOS218),"CMB is an introduction to the principles that guide the multifarious processes in the cell at the molecular and cellular levels and is intended for a college level audience. The content is an answer to the question: What is the molecular basis of cellular structure and function? Concepts covered include the storage, transfer, and regulation of genetic information, the interactions between molecules, and their assembly and disassembly in cellular functions, the cytoskeleton and its role in cell and tissue shape, molecular traffic between the various cellular locations and across the membrane boundary, signaling within the cell and between cells, cellular metabolism, the cell-cycle, division, growth, development, differentiation and death, and the energy conversions that power all these processes. The course will focus more on principles than on encyclopedic detail, and will be linked to modules taught in earlier trimesters to enable comprehension.",None,None
57,Trimester 1/4/7/10 & PhD 4/7,SCI,BIOS,BIOS235|ENVS236,Animal Behaviour,ok,NO,NO,YES,YES,NO,NO,Elective,4,Shivani Jadeja,Elective for Biological Sciences Major and Minor,Life at Different Scales (BIOS201); Evolution (BIOS224 can be taken as a co-requisite),"This course will begin with an overview of animal behaviour and how it has integrated concepts from many disciplines to advance the field. Next, animal behaviour will be studied from an evolutionary perspective before understanding the bases for the variation in behaviours within and among individuals, populations, and species. With these concepts in mind, a range of behaviours will be examined using case studies. Finally, more complex behaviours related to social interactions among animals will be considered.",None,"Enrollment will be capped at 24 students, with preference given to graduating BIOS majors"
58,Trimester 1/4/7/10 & PhD 4/7,SCI,BIOS,BIOS401,Plant Anatomy and Physiology,ok,NO,NO,NO,YES,NO,NO,Elective,4,Vaishali Sharma,Elective for Biological Sciences Major and Minor,Life at Different Scales (BIOS201),"The course begins with introducing the plant’s meristem and its histological organization to the students, followed by the anatomy of the leaf and other simple & complex tissue structures and their organization. Water is important to plant life, and other mechanical phenomena happening inside plants, such as diffusion, osmosis, plasmolysis, imbibition, guttation, transpiration, etc., are considered. It introduces the stomata & the mechanism of opening & closing that enable gas exchange between plants and the atmosphere. Identifying the essentiality of nutrients is foregrounded, along with their roles, the mechanism of uptake of nutrients, and the mechanism of food transport within plants. What role does gravity play, and how will plants grow in space?  We learn about concepts of photosynthesis and pigment systems/photosystems. Other important phenomena are discussed, such as photophosphorylation, the Calvin cycle and photorespiration in plants. Carbon fixation, indoor and otherwise. How pollution affects them etc. We consider how and why plants go under nitrogen metabolism, how molecular nitrogen fixation happens, and its significance to the world. Plants also need/use hormones for their growth and development. We discuss how growth hormones such as auxins, gibberellins, cytokinins, abscisic acid, and ethylene work. We complete the circle by looking at the seed. We introduce students to seed dormancy, its germination, and the concept of photoperiodism and vernalization. We talk about genetically modified plants and seeds (GMOs) and the hazards and ethical issues around them. The genetic basis of the adaptations in plants and how they vary with the types of climates, for example, how do they become resilient to drought? A brief introduction to modern plant biotechnology and gardening is also discussed. Concept integration and awareness about ecosystems, global warming, forests and the plantation of trees",None,None
59,Trimester 1/4/7/10 & PhD 4/7,SCI,BIOS,BIOS231|CHEM231,Ways of Knowing: Instrumentation in Biology,ok,NO,NO,YES,YES,NO,NO,Elective,4,Kalyan Chakrabarti/ Sivakumar Srinivasan,"Required for Biological Sciences Major for the 2022-25 batch, Elective for Biological Sciences in the FYUP; Elective for Chemistry Major",At the discretion of the instructor,"In this offering, one of a two-part course, we will discuss the tools available to biologists to investigate the biological systems. We will cover the principles of optics behind the ubiquitous microscopes from 1620 to the recently developed super-resolution microscopes, which culminated in 3 Nobel prizes in 2014. We will explore other types of microscopes, such as the fluorescence microscope, electron microscope (transmission electron and scanning electron), scanning probe microscope, and atomic force microscope. We will also discuss the development of molecular probes, for example quantum dots and fluorescent proteins, and their application in biology. This course will elaborate the use of X-ray and neutron crystallography to determine the molecular structures of the DNA double helix and protein molecules extending to large molecular machines such as ribosomes. The principles of spectroscopy and single-molecule spectroscopy will be explained. We will cover the principle of mass spectrometry and its application in high-throughput biology. We will conclude the course with Nuclear Magnetic Resonance and its application to investigate the structure and function of biomolecules, tissues, organs and cognition.",None,None
60,Trimester 1/4/7/10 & PhD 4/7,SCI,BIOS,BIOS331,Microbial Genomics,New course,NO,NO,YES,YES,NO,NO,Elective,4,Aswin Seshasayee,Elective for Biological Sciences Major and Minor,"Life at Different Scales, Genetics or at the instructor’s discretion.","Bacteria are the most dominant forms of cellular life on earth. Their ability to adapt to the entire gamut of environments on our planet is coded somehow in their DNA. We will discuss how this fascinating kingdom of life adapts to its circumstances by studying the structure, organisation and evolution of their genomes. We will take a conceptual and computational approach towards these aims. A particular goal of this course will be to help students conceptualise, design and implement (at least in part) a mini-project analysing bacterial genomes.",None,None
61,Trimester 1/4/7/10 & PhD 4/7,SCI,CHEM,CHEM213|BIOS213,General Chemistry,ok,NO,YES,YES,YES,NO,NO,Required/Required,4,Raghu Vamsey,Required for Biological Sciences Major,None,"This course will enable prospective chemistry majors to acquire the necessary foundation in chemistry to help them to prepare for the later courses in the chemistry curriculum. Electronic structure and periodic properties (3 hrs) Bohr Model, Electronic structure of atoms, periodic table and periodic variations of properties such as ionization potential, electron affinity, electronegativity across periods and groups. Chemical Bonding and Molecular Geometry (3 hrs). Ionic and covalent bonding, Lewis structures, Molecular structure-VSEPR, Molecular orbital theory, hybridization. Gases (2 hrs). Ideal Gas law, non-ideality and van der Waals equation. Kinetic theory of gases, Concepts of pressure, mean free path, collision frequency, Maxwell distribution of velocity and speeds. Basics of Chemical Thermodynamics: (3 hrs) Laws of thermodynamics, Exothermic and endothermic reactions, concepts of entropy, spontaneity, free energy. Fundamentals of Chemical Equilibrium: (3 hrs). Chemical Equilibria, Equilibrium constants, Le Chatlier Brown principle. Acid Base Equilibria: (2 hrs) Bronsted-Lowry theory, Lewis theory, pH and pOH, weak and strong acids, buffers. Organic Chemistry: (3 hrs). Isomerism, stereochemistry, nomenclature, organic molecules of industrial and biological importance, polymers. Reactions: (3 hrs) Oxidation, reduction, substitution and elimination reactions, rates and catalysis. Light matter interaction: (2 hrs) Absorption, emission, scattering, photochemistry.",None,None
62,Trimester 1/4/7/10 & PhD 4/7,SCI,CHEM,CHEM210|BIOS210,Physics for Chemists and Biologists,ok,NO,YES,YES,YES,NO,NO,Required/Required,4,Aritra Gupta,ALL chemistry Major,None,This introduces physics concepts that will be required for a deeper understanding of chemical and biological systems from a microscopic perspective.,None,None
63,Trimester 1/4/7/10 & PhD 4/7,SCI,CHEM,CHEM215,Energetics and Kinetics I,ok,NO,YES,YES,YES,NO,NO,Required,4,Brijesh  Mishra,ALL chemistry Major/Minor/Concentration,None,Provide students with a comprehensive understanding of the fundamental principles and concepts governing the behavior of chemical systems concerning energy transformation.,YES: CHEM218,None
64,Trimester 1/4/7/10 & PhD 4/7,SCI,CHEM,CHEM218,"Advanced Energetics, Kinetics and Materials",ok,NO,NO,YES,YES,NO,NO,Required,4,KS Viswanathan,ALL chemistry major,CHEM215,"This course builds on CHEM215 and offers more advanced topics in thermodynamics and kinetics. Topics include  chemical kinetics, enzyme catalysis, ionic and phase equilibria, solid state and surface chemistry",None,None
65,Trimester 1/4/7/10 & PhD 4/7,SCI,CHEM,CHEM217,Chemistry Across Periodic Table,ok,NO,YES,YES,YES,NO,NO,Required,4,Surajit Kayal,ALL chemistry Major/Minor/Concentration,None,"This course will introduce the concept of inorganic chemistry. Students will learn the evolution of the periodic table into a systematic arrangement of elements. The focus will be on the understanding of chemical properties of various inorganic molecules. Following the discussion on periodic table students will learn the chemistry of s-block, p-block, d-block elements",YES: CHEM219,None
66,Trimester 1/4/7/10 & PhD 4/7,SCI,CHEM,CHEM212,Inorganic Chemistry Lab,ok,NO,NO,YES,YES,NO,NO,Required,2,Randhir Rai,ALL chemistry Major/Minor/Concentration,None,"Demonstrate an understanding of safety protocols and best practices in a laboratory setting, including proper handling, and disposal of chemicals, as well as emergency procedures. Develop proficiency in fundamentals of qualitative analysis. Students will learn about various methods of detecting acid and basic radicals, techniques of group separation ",None,None
67,Trimester 1/4/7/10 & PhD 4/7,SCI,CHEM,CHEM413,Organic Synthesis and Estimation,ok,NO,NO,NO,YES,NO,NO,Required,2,Randhir Rai,Chemistry Major,CHEM319,"Demonstrate an understanding of safety protocols and best practices in a laboratory setting, including proper handling, and disposal of chemicals, as well as emergency procedures. Develop proficiency in fundamentals of organic synthesis, various chromatographic techniques",None,None
68,Trimester 1/4/7/10 & PhD 4/7,SCI,CHEM,CHEM412,Application of Group Theory,ok,NO,NO,YES,YES,NO,NO,Elective,4,KS Viswanathan (RV),Elective for chemistry major/minot,CHEM220,"This course will introduce students to the symmetry elements in molecules, concept of point group, character table, use of group theory in conceptualizing symmetry properties, application of group theory in understanding spectroscopy, chemical reactions and bonding phenomenon",None,None
69,Trimester 1/4/7/10 & PhD 4/7,SCI,CHEM,CHEM421|COMP421,Molecular Modelling and Simulations - A Quantum Chemistry Approach,ok,NO,NO,NO,YES,NO,NO,Elective,4,Brijesh  Mishra,Elective for chemistry major/minot,None,This advanced course provides an in-depth exploration of molecular modelling and simulations with a strong emphasis on quantum chemistry techniques. Students will gain theoretical knowledge and practical skills in using computational methods to investigate the properties and behavior of molecules. The course covers the principles of quantum mechanics as they apply to molecular systems and introduces various computational tools used in modern quantum chemistry.,None,None
70,Trimester 1/4/7/10 & PhD 4/7,SCI,CHEM,CHEM322|BIOS322,Magnetic Resonance Imaging,ok,NO,NO,NO,YES,NO,NO,Elective,4,N. Chandrakumar,Elective for chemistry major/minot,None,This course gives an introduction to the principles and applications of Magnetic Resonance Imaging of soft matter,None,None
71,Trimester 1/4/7/10 & PhD 4/7,SCI,CHEM,CHEM490,Advanced Chemical Research I (Capstone),Capstone,NO,NO,NO,YES,NO,NO,Elective,4,TBD,NONE,NONE,Capstone topics,,None
72,Trimester 1/4/7/10 & PhD 4/7,SCI,COMP,COMP201,Mathematical Foundations of Computer Science I: Discrete Mathematics,ok,NO,YES,YES - Double Majors  and CS minors,YES- Cs Minors,NO,NO,Required,4,Mithilesh,"Required for CS Major, Math Major, Joint major in Math-CS",None,"Discrete Mathematics course will provide students with their first glimpse of how to think rigorously about discrete and finite phenomena. The course will begin by introducing students to the language and grammar of mathematics. It will then proceed to an axiomatic construction of the natural numbers, and introduce the fundamental mathematical notions of sets, relations, and functions. The remainder of the course will be organized around three distinct modules: number theory, permutations and counting, and graph theory.","COMP208, COMP330",No
73,Trimester 1/4/7/10 & PhD 4/7,SCI,COMP,COMP204,Introduction to Programming Through Computation,ok,NO,YES,Yes – Double majors and CS minors,NO,NO,NO,Required,4,Prathamesh Turaga,Required for CS Major/M/C,None,"This course offers a foundational understanding of essential programming methods, with a focus on their practical applications. The objective is to facilitate fluency in programming and the ability to switch between various programming languages. The course introduces fundamental algorithms and data structures, and how they can be used to solve computational problems or extract information about given data.","COMP235, COMP350",No
74,Trimester 1/4/7/10 & PhD 4/7,SCI,COMP,COMP305,Applied Probability and Statistics,New,NO,NO,YES,YES,NO,NO,Required,4,Mithilesh,Required for CS Major and Elective for minor & concentration,Multivariate Calculus or Calculus for Computing,"This course offers a foundational understanding of probability and statistics essential for study of randomized algorithms, modeling and data science.",COMP313,Please get course code from academic office. This course has been approved as a part of FYUP curriculum
75,Trimester 1/4/7/10 & PhD 4/7,SCI,COMP,COMP350,Software Design Practical (Formerly know as Group Design Practical),ok,NO,NO,YES,YES,NO,NO,Required,4,Srikumar Subramanian,"Rrequired course, 3rd year CS majors",COMP204 and COMP215,"This is a project based course that works towards students having built a complete application of their choosing from ground up, with guidance from instructors. Students will be introduced to programming methodologies and tools and processes (iterative approaches) that will help them with the task. They will also be introduced to the required architectural components and how they interface with each other. The human side of building such applications includes requirements gathering, basic user study, ethics issues and broadly “responsible engineering”.",No,No
76,Trimester 1/4/7/10 & PhD 4/7,SCI,COMP,COMP235,Operating Systems,ok,NO,NO,YES,YES,NO,NO,Elective,4,Inzemam,Elective for CS Majors,COMP204 and COMP215,"The course focuses on exploring different operating system design and its functional aspects. The
role of the operating system as a resource manager is detailed with respect to Process
management, Memory management, File management, and Device management. The course also
highlights the operating system and underlying machine communication. Additionally, the course
states the importance of various topics taught in the course in relation to the real-world systems.
Some topics are implemented in program form to have related practical insights.",No,No
77,Trimester 1/4/7/10 & PhD 4/7,SCI,COMP,COMP330|MATH330,Logic,ok,NO,NO,YES,YES,NO,NO,Elective,4,Prathamesh,Elective for CS Majors,COMP201,"Formal logic has played a key role in development of modern computer science, with
applications ranging from architecture, databases, verification to AI and theory of computation.
This course will introduce students to proofs and techniques of soundness, completeness and
provability in the formal systems. Formal systems introduced in the course include (but are not
restricted to) propositional and predicate calculus. It will additionally include some of the
resolution theorems from proof theory, which are essential to understand automated theorem
provers",No,No
78,Trimester 1/4/7/10 & PhD 4/7,SCI,COMP,COMP345,Principles of Machine Learning,ok,NO,NO,NO,YES,NO,NO,Elective,4,Ravi Prakash,Elective for CS Majors,COMP313,"This course will provide an introduction to the foundations of machine learning along with a slew of popular machine learning techniques, which will provide a broad overview of different machine learning tools",No,No
79,Trimester 1/4/7/10 & PhD 4/7,SCI,COMP,COMP334,Type Systems and Alternative Semantics,ok,NO,NO,NO,YES,NO,NO,Elective,2,Srikumar Subramanian,Elective for CS Majors,COMP308,follow up course to COMP308,No,No
80,Trimester 1/4/7/10 & PhD 4/7,SCI,DATA,DATA202,Introduction to Data Science,ok,NO,YES,YES,YES,NO,NO,Required,4,Shyam Sudhakar,Major,Python for Data Science (Required) and Intro to data science (recommended),"This course introduces the students to the field of data science and the kind of problems that can be solved by data science. Students will learn key data science skills, techniques, and concepts, including data analysis, statistical modelling, and some insight into some standard AI/ML algorithms. The course would also bring the perspectives of data from multiple branches of social sciences and provide a fundamental understanding of how data is conceptualized through the prism of humanities and social sciences. Further, the course will cover how data science skills can be used to address some of the vital problems in the field of social sciences. This would be done by a series of guest lectures by faculty members from social sciences. This is a hands-on course where after a quick primer on Python, the student will start with sourcing, processing, and cleaning a dataset. Then, use Python to mine data from its source and analyse available data by using NumPy and Pandas. Subsequently, the student will be introduced to modelling data to perform predictions using the SciPy, scikit-learn, and stats models libraries. In addition, the student will be introduced to visualization methods using the matplotlib and seaborn library to visually understand the patterns in the data. By the end of this course, students will be able to work on data science tasks practically with different Python libraries and achieve their goals.",No,None
81,Trimester 1/4/7/10 & PhD 4/7,SCI,DATA,DATA203(2),Mathematical Foundations of Data Science,ok,NO,YES,YES,YES,NO,NO,Required,4,Yogananda Sastry & Brijesh Jha,Major/Minor/Concentration,None,"This course will cover the following topics that are fundamental to the field of data science: Discrete Mathematics: logic, sets, functions, relations, mathematical induction, counting, recursion, trees, and graphs.Probability: axioms of probability; conditional probability and independence; random variables; continuous random variables and limit theorems.",Yes,"Applied Linear Algebra, Applied Statistics, Intro to Statistical Learning, Machine Learning"
82,Trimester 1/4/7/10 & PhD 4/7,SCI,DATA,DATA206,Data Management,New,NO,NO,YES,YES,NO,NO,Required,4,Mullai Thiagu,Major,Data Structures and Algorithms and Python for Data Science,"This course focuses on database system concepts and architectures, various data models, Database Design using ER models, UML, Relational Algebra etc. Database as well as web-based programming using SQL, PHP etc., will be covered. It also introduces theoretical concepts on database design and normalization, data storage with the corresponding file structures based on indexing using B-Trees, B+-Trees etc. Further, transaction processing and concurrency control principles will be introduced. Some applications on Information Retrieval and Data Warehousing will be covered.",No,None
83,Trimester 1/4/7/10 & PhD 4/7,SCI,DATA,DATA301,Responsible Artificial Intelligence (Data),New,NO,NO,YES,YES,NO,NO,Required,4,Shyam Sudhakar,Major,Python for Data Science (Required) and Intro to data science (recommended),"Recent advances in computing and information technologies, including hardware, software, databases, networks and communications have enabled the commercialization of many applications of Artificial Intelligence. Specifically, in the case of Supervised Learning, Deep Neural Networks and related algorithms have been able to achieve or even surpass human-like accuracy in applications like face recognition, voice recognition, automated driving, language translation, etc. This has given rise to multiple deployments of AI-based applications not only in the private sector but also in the Government. These deployments in areas such as recidivism prediction, algorithmic online ad targeting, drug addiction risk prediction, criminal intentionality detection in early stage shoplifting, etc. promise the effectiveness and efficiency of evidence-based decision-making. This early success has spurred rapid and frantic development of solutions using AI/ML and associated technologies without adequate safeguards and regulations. However, of late, multiple cases of bias and unfairness have been reported in the decisions made by AI/ML based algorithms, thus, raising ethical questions. In addition, AI/ML-based decisions cannot be explained easily due to their “black-box” nature. Impenetrability of AI/ML algorithmic decisions has reduced “trust” in the very algorithms that promised so much. This has spurred a call for Explainable AI (XAI) – AI-based decision-making that incorporates the notions of fairness, accountability and transparency.",No,None
84,Trimester 1/4/7/10 & PhD 4/7,SCI,DATA,DATA230|BUSI230,Business Applications of Artificial Intelligence,New,NO,NO,YES,YES,NO,NO,Elective,4,V N Rajesh,Elective course for DS,No (DATA201) is recommended,"Artificial intelligence (AI) is all around us. It‘s how Google answers our searches, Amazon recommends products, ChatGPT helps answer questions, and Spotify plays another song. Artificial Intelligence is changing the way decisions are being made in the world today. This course is intended to enable students to understand a critical aspect of AI, i.e., industry applications, scenarios, and use cases. The course covers this very critical aspect of AI, i.e., use cases of AI in a variety of industries such as Sales and Marketing, Retail Manufacturing, Healthcare, Education, to name a few.",No,None
85,Trimester 1/4/7/10 & PhD 4/7,SCI,ENVS,ENVS206,Tools and Methods,ok,NO,YES,YES,YES,NO,NO,Required,4,Bharath Sundaram,ENVS Major/Minor,None,"This course will provide the basic vocabulary that students require to navigate the environmental sciences, humanities, and social sciences. Through systematic close readings of influential texts, we hope to enable students to use the tools and methods employed by these disciplines in the context of the environmental studies. We begin the course by charting out primary motivators and drivers of work in each discipline. We will then home in on cutting-edge research within each discipline. For example, in the environmental sciences, we will focus on the concept of thresholds and safe operating spaces for humanity. During our engagement with the environmental humanities, we will focus on how progress in the digital humanities has enabled visualisation and textual analysis of environmental history, philosophy, ethics, literary theory, art, and education. Lastly, in the environmental social sciences, we will pinpoint how ethnography and narratives are now becoming invaluable tools for understanding how society interacts with the environment.",,
86,Trimester 1/4/7/10 & PhD 4/7,SCI,ENVS,ENVS221|LITT242,Environmental Communication,ok,NO,YES,YES,YES,NO,NO,Required/Elective,4,Jaideep Hardikar,ENVS Major/Minor,None,"Environmental studies encompass not only the science of climate change or environmental harm but also communicating these for various kinds of publics. This course moves away from objective and expert accounts of environmental risk and policy to focus on popular and public-facing forms of environmental communication. 
 
Students will read and analyse genres of Environmental Communication like science and nature writing and the photo essay. This course is writing-intensive and the focus will be producing various kinds of
short written and visual pieces and forms of public outreach around case studies drawn from neighbouring ecosystems. As far as possible we will arrange student interaction with some practitioners of these forms.",,
87,Trimester 1/4/7/10 & PhD 4/7,SCI,ENVS,ENVS235,Introduction to Environmental Science,ok,NO,YES,YES,YES,NO,NO,Required,4,Lakshmi Narayanan,ENVS Major/Minor,None,"Environmental science is the study of patterns and processes in the natural world and their modification by human activity. To understand current environmental problems, we need to consider physical, chemical and biological processes that are often the basis of those problems. This course will give you the skills necessary to address the environmental issues we are facing today by examining scientific principles and the application of those principles to natural systems. This course will survey some of the many environmental science topics at an introductory level, ultimately considering the sustainability of human activities on the planet.",,
88,Trimester 1/4/7/10 & PhD 4/7,SCI,ENVS,ENVS336,Environment versus Development: the policy dilemma,ok,NO,YES,YES,YES,NO,NO,Elective,4,Jaideep Hardikar,Elective for ENVS Major/Minor,None,"The growth versus environment debate has been one of India’s nay the global community’s major policy dilemmas for over a century now, exacerbated in the era of global warming and climate change. Further deepening the dilemma are the processes set off by globalization, privatization and liberalization combined with the role of technology in people’s lives.
Yet, this debate has also spurred a new line of thinking and public policies in recent times.
Growth is an imperative for material needs or poverty alleviation. But ecology, too, needs to be healthy, in the absence of which there’s a heavy price to be paid by the humanity, as witnessed in the unprecedented disasters: landslides, recurring floods and droughts, water scarcity or the devastation caused by extreme weather events and the society’s unpreparedness in such cases.
It’s a quintessential “wicked problem” – to borrow from the term coined first in a 1973 paper by Horst W J Rittel and Melvin M Webber, professors of design and urban planning at the University of California at Berkeley (Dilemmas in a general theory of planning) – that does not allow for the best solution but rather only the acceptable compromises.
Questions abound: Is there such thing called sustainable economic growth, as advocated by the different stakeholders? What’s the history and philosophy of environmentalism and the many different tensions centred around these two ideas? How does public policy factor in both?
This course, drawing from field work and theoretical foundations, would offer students of social and environmental sciences with a keen interest in public policy a thorough review of this classical dilemma and the choices a society has and makes. 
From the earliest debates over the construction of large dams, to industrial development, to the ideas of green economy or degrowth, and the history of India’s environmental legislation, the week-by-week sessions would build on the different thematic aspects of this debate and pose before students the confounding questions integral to understanding a public policy dilemma.
For instance, the social and economic fallout of the land acquisition for development projects by the State using the whip of Eminent Domain: What happens to the people who are displaced by development projects? This itself posits several questions for consideration: Is development possible without any environmental, ecological or social harm? Or is there a need for a paradigm shift to strike a balance between the two processes, as the world runs out of time to deal with and eventually fix the global poly-crisis, a term coined by historian Adam Toonze.
With class-rooms discussions intermittent with lectures, presentations and anecdotal stories from the field, this course will dwell upon the theoretical foundations as well as the real-life situations to explore tensions between the cause of environmental conservation and preservation and an inevitability of development for economic growth. ",,
89,Trimester 1/4/7/10 & PhD 4/7,SCI,ENVS,ENVS310,Agrarian crisis and Indian society,ok,NO,YES,YES,YES,NO,NO,Elective,4,Jaideep Hardikar,Elective for ENVS Major/Minor,None,"Between 1997 and 2020, close to 400,000 farmers have committed suicide in India; nearly 2000 farmers are quitting agriculture every day since 1991, going by the census data 1991-2011, and hundreds of thousands of peasants moving to cities in search of elusive work and livelihoods.
This course will examine the prevailing agrarian crisis in India, its social, economic, cultural and political impacts on the society, particularly the rural. Government responses and media’s role.
Agrarian crisis, typified by a continuing trend of farmers’ suicides, migrations, displacement, high indebtedness, falling incomes, and a general sense of despondency in the countryside, is akin to a Civilizational Crisis (P Sainath, 2019). 
Government and non-government studies have reflected upon the economic, ecological, social, political and other dimensions of this ongoing crisis. 
Engaging students in a seminar-pattern on empirical roots of agrarian problem in India, course will dwell on the continuing crisis of income and sustainability in farming; environmental and ecological dimensions in climate change era; fragmentation of land; problems of equity and access; gender issues; labour; mechanisation; livestock and food systems; credit and finance; post-liberalisation trends in the sector; the fallout of crisis in different states, particularly in the dry land regions; different aspects and faces of this crisis; the responses of the state and central governments and civil society organisations to the problem; the political economy of agriculture; and some models of collectives that are successfully demonstrating a way out.
The course will introduce the aspects of crisis and its fallouts in a way that would help students understand the problems and challenges, and opportunities it throws up in its wake.
",,
90,Trimester 1/4/7/10 & PhD 4/7,SCI,ENVS,ENVS337,Natural Hazards and Mitigation,ok,NO,YES,YES,YES,NO,NO,Elective,4,Lakshmi Narayanan,Elective for ENVS Major/Minor,None,"Natural disasters are among the greatest threats for human lives and quality of life. This course introduces students to almost all the natural hazards that can cause disasters, from well-known frequently occurring ones to extremely rare ones. The course discusses the causes and consequences of natural hazards, efforts undertaken to predict them in advance and the complications of such efforts, in a fundamental level. The causes of natural disasters are understood based on the underlying scientific investigations. To predict them, routine measurement networks and scientific modelling are required. Finally, mitigating their effect depends on the support and efforts provided by the policy makers.",,
91,Trimester 1/4/7/10 & PhD 4/7,SCI,ENVS,ENVS232|SOCL232|HIST232|POLT232,Environmental Materialisms,New,NO,YES,YES,YES,NO,NO,Elective,4,Bharath Sundaram,Elective for ENVS Major/Minor,None,"Materials have shaped history and our everyday lives. The social, political, and economic
structures determining access to materials create varying environmental outcomes.
Environment outcomes in turn shape societies and its practices over time via the
provisioning of materials. Our current thinking about sustainability, conservation, and
environmental crises are all largely shaped by the ramifications of our material relationships.
While philosophers have expounded on the dialectic tensions between the material and the
ideal as an intrinsic feature of the human condition for a long time now, only relatively
recently have the implications of this dialectic tension been explored by scholars of the
environmental studies to better understand environmental and social concerns, both of the
present-day (overproduction, consumer culture, social-ecological fallout), and leading into
the future (New Materialism).
This course is designed to be a whirlwind tour of the various ways to think about
environmental and social contexts underpinning various kinds of materialisms. Past and
present cautionary tales of humanity’s precarious relationship with the material world the
bedrock upon which the dialectic of the material and the ideal hinges on have culminated
in ecological collapse and social strife. However, political, historical, and economic contexts
complicate these simplistic cautionary tales to a large extent with regards to causality. Lastly,
materials are what nourishes our body and our mind, and brings joy to our lives; we delight
in the textures, noises, colours, and tastes of things. Discussions on future materialisms
could be much less likely about how we value material things too much, but rather about
how we don’t value them enough (Thorpe 2014).",,Cross-listing process pending.
92,Trimester 1/4/7/10 & PhD 4/7,SCI,MATH,MATH201,Analysis I,ok,NO,YES,YES,YES,NO,NO,Required,4,Rishi Vyas,Required for Math Major/Math Minor/Math Concentration,Required Prereqisite: MATH 191: Proofs and Ideas,"The course begins with a rigorous discussion of the real numbers and an investigation of their basic properties. Certain special subsets of real numbers (open, closed, bounded) are introduced and studied. The course culminates in a formal study of the idea of a limit in the context of sequences and infinite series.",Required Prerequisite for MATH 202 Analysis II. Recommended prerequisite for MATH 213 Probability.,
93,Trimester 1/4/7/10 & PhD 4/7,SCI,MATH,MATH230,Linear Algebra,ok,NO,YES,YES,YES,NO,NO,Required,4,Vivek Tewary,Required for Math Major/Math Minor/Math Concentration,Required Prereqisite: MATH 191: Proofs and Ideas,"Linear algebra provides a systematic unified framework to consider the theory of vectors, matrices, determinants, and systems of linear equations. This course will provide a concrete introduction to these ideas.","Required Prerequisite for MATH 226 ODE, MATH 328 Numerical Methods, Recommended Prerequisite for MATH 231 Algebra 1",
94,Trimester 1/4/7/10 & PhD 4/7,SCI,MATH,MATH303,Analysis III (Formerly: MATH301),ok,NO,NO,YES,YES,NO,NO,Required,4,Gangotryi Sorcar,"Required for Math Major, Elective for Math Minor/Math Concentration",Required Prerequisite: MATH 202: Analysis II,"This course builds upon Analysis 1 and Analysis 2 by helping us generalise our understanding of notions like limits and continuity from sequences of real numbers and functions of a single real variable to more sophisticated contexts. The course begins by developing the theory of sequences of functions, and introduces the important notion of uniform convergence: continuity, differentiability, and integrability are studied in this context. This material is then used to better understand the role that polynomials play in spaces of functions and introduce the important idea of a power series.","Required Prerequisite for MATH 404 Analysis 4, MATH 427 PDE",
95,Trimester 1/4/7/10 & PhD 4/7,SCI,MATH,MATH332,Algebra II,ok,NO,NO,YES,YES,NO,NO,Required,4,K N Raghavan,"Required for Math Major, Elective for Math Minor/Math Concentration","Required Prerequisites: MATH 230: Linear Algebra, MATH 231: Algebra 1","In this course, students will be introduced to the theory of rings and fields. The language of ring theory and field theory helps describe fundamental relationships between algebra, number theory and geometry and geometry, and provides a unifying framework for describing certain types of number systems and operator spaces.The course will begin with a study of important families of rings such as Euclidean domains, Principal Ideal Domains, and Unique Factorisation Domains. After a brief discussion of polynomial rings over Unique Factorisation Domains, the course will then develop the theory of fields. We will describe how to adjoin roots of polynomials to fields, and introduce the idea of an algebraic field extension. The course will conclude with a discussion on splitting fields. ","Required Prerequisite for MATH 333 Algebra III, MATH 352 Number Theory",
96,Trimester 1/4/7/10 & PhD 4/7,SCI,MATH,MATH351,Combinatorics,ok,NO,NO,YES,YES,YES,Yes,Elective,4,Chudamani Pranesachar Anil Kumar,Elective for Math Major/Math Minor/Math Concentration,"Required Prereqisites: MATH 230: Linear Algebra, Recommended Prerequisites: MATH 231: Algebra 1, MATH 332 Algebra 2","The basic problem of combinatorics is counting the number of elements in a finite set. This course will explore techniques for enumerating f inite sets in a number of contexts through problem solving. It will follow the text Enumerative Combinatorics, Volume 1 by R P Stanley, and study selected topics from the first four chapters of the same.",Required Prerequisite for Second Level Combinatorics Course,
97,Trimester 1/4/7/10 & PhD 4/7,SCI,PHYS,PHYS201|CHEM211,Mathematical Methods I,ok,NO,YES,YES,YES,NO,NO,Required/Required,4,Rama Koteswara Rao Kamineni,"ALL chemistry Major, All Physics major, minor and concentration",None,"This course will equip students with the essential mathematical tools and techniques required for advanced studies and research in chemistry and physics. Students will learn topics like linear algebra, differential equations, calculus, and complex numbers",No,No
98,Trimester 1/4/7/10 & PhD 4/7,SCI,PHYS,PHYS221,Classical Physics: Energy and Force I,ok,NO,YES,YES,YES,NO,NO,Required,2,Tanmoy Chakrabarty," All Physics major, minor and concentration",None,"Dynamics is the study of the response of objects to applied forces.  Motion has been a subject of philosophical investigations since the time of Aristotle.  It took a very long time before its foundations were laid during the 18th century.  In the process, the subject of calculus was formulated as the then existing mathematical framework was inadequate to succinctly express the empirical observations.   Newton, who finally formalized the required notions to describe dynamics, encoded the known observations in three laws that bear his name.   Two major themes that underlie the conceptual framework of dynamics are force and energy.   Later developments proved Newton’s laws to be inaccurate at high speeds and small distances.   How approximate are they?   Landing on Mars at any specified location still relies on the predictions made using these laws.   For many of our endeavours in science and engineering, these laws are fantastically accurate.   An understanding of dynamics is essential to pursue any of the specialized topics in physics.   Classical dynamics is possibly the beginning of both physics and mathematical analysis. Nevertheless, it continues to inspire new ideas in both subjects.    ",No,No
99,Trimester 1/4/7/10 & PhD 4/7,SCI,PHYS,PHYS211|COMP211,Electronics I,ok,NO,YES,YES,YES,NO,NO,Required/Elective,2,Tanmoy Chakrabarty,Required (2nd yr),None,"One cannot imagine the modern world without the impact of electrical and electronic devices. This course will start with a discussion of the basics of electrical circuits, both static and transient. The main course content is centered around the theory of electronic devices based on semiconductors, such as P-N junction diodes and transistors. A study of these basic devices and their applications gives us the necessary background to design advanced circuits. Finally, the course will introduce the basics of digital electronics, covering Boolean algebra and logic gates.
",No,No
100,Trimester 1/4/7/10 & PhD 4/7,SCI,PHYS,PHYS226,Oscillations and Waves,ok,NO,With permission,YES,YES,NO,NO,Required,2,Tanmoy Chakrabarty,Required (3rd yr),"Mathematical Methods I, Classical Physics: Energy & Force I (recommended)","Physics describes nature using particles and waves as basic entities. Newton&#39;s laws
of motion govern the dynamics of particles. Sound, ripples on water, etc. are
undulations of the medium in which they propagate. These waves arise due to
interactions among the particles of the medium. Equations governing them are
derivable from the laws of dynamics of particles. But electromagnetic waves do not
require a medium for their propagation. Despite such fundamental differences,
these waves are describable by the same mathematical structure. Physics students
need a good grasp of these ideas since the concept of waves appears in many
contexts such as the wavefunctions in quantum theory, the phonon modes in
condensed matter, etc. This course presents the relevant physics and the
mathematical details required to understand the subject.",No,No
101,Trimester 1/4/7/10 & PhD 4/7,SCI,PHYS,PHYS225,Classical Physics: Fields II,ok,NO,NO,YES,YES,NO,NO,Required,2,Nicolas Gheeraert,Required (3rd yr),Classical Physics: Fields I,"The properties of electric and magnetic fields in material media allow us to understand polarization and magnetization of materials. These have tremendous applications in the form of microwaves and electromagnets, and are useful in explaining various chemical phenomena. On the theoretical side, the work of Faraday, Maxwell and others laid the foundation for the first major ‘unification’ of forces in the history of physics – the modern theory of electromagnetism. The behaviour of electromagnetic radiation (light) emerges naturally from this theory, giving us the laws of classical optics. The fundamental incompatibility of electromagnetic theory with Newton’s mechanics was what led Einstein to his special theory of relativity.",Fundamentals of Classical Field Theory,No
102,Trimester 1/4/7/10 & PhD 4/7,SCI,PHYS,PHYS227,Optics I,ok,NO,With permission,YES,YES,NO,NO,Required,2,Venkata Badram,Required (3rd yr),Mathematical Methods I (recommended),"Light, being the medium of most observations and measurements, is our window to the physical universe. In this course, we study geometrical optics, where light is described by rays. This deals with basic components like lenses, mirrors and prisms, from which instruments like telescopes and microscopes are built.  In addition, we study the wave properties of light at an introductory level. It includes phenomena such as light interference that accounts for the colours on soap bubbles and has applications ranging from quantum studies to gravitational wave detection. We will also study polarization, which is of importance in photography. In addition, we will discuss diffraction, which is used extensively to study the crystal structure of solids.",No,No
103,Trimester 1/4/7/10 & PhD 4/7,SCI,PHYS,PHYS302,Statistical mechanics,New,NO,NO,YES,NO,NO,NO,Required,4,Sivakumar Srinivasan,Required (3rd yr),"Energy &amp; Entropy, Statistical Physis","Newtonian mechanics is deterministic and applies to a system
with many degrees of freedom. However, propagating a typical initial condition of the
many-body system as per the Newtonian dynamical laws is fraught with difficulties,
both conceptual and analytical. Luckily, if we are interested in a class of macroscopic
properties which correspond to a myriad of microscopic states of the system, one can
profitably employ the language of probabilities. Statistical physics of systems
thermodynamic equilibrium is such a description. A major success of statistical physics
is it provides a dynamical origin to the laws of thermodynamics, though for a restricted
class of systems called ergodic systems. The theory, nevertheless, is applicable to all
systems, microscopic and macroscopic systems included. This course is an introduction
to some of the research questions in statistical physics. Specifically, the course deals
with order theorems, critical phenomena and scaling theory.",No,No
104,Trimester 1/4/7/10 & PhD 4/7,SCI,PHYS,PHYS602,Advanced statistical mechanics,Ok,NO,NO,NO,NO,YES,YES,Required,4,Sivakumar Srinivasan,Required (3rd yr),"Energy &amp; Entropy, Statistical Physis","Newtonian mechanics is deterministic and applies to a system
with many degrees of freedom. However, propagating a typical initial condition of the
many-body system as per the Newtonian dynamical laws is fraught with difficulties,
both conceptual and analytical. Luckily, if we are interested in a class of macroscopic
properties which correspond to a myriad of microscopic states of the system, one can
profitably employ the language of probabilities. Statistical physics of systems
thermodynamic equilibrium is such a description. A major success of statistical physics
is it provides a dynamical origin to the laws of thermodynamics, though for a restricted
class of systems called ergodic systems. The theory, nevertheless, is applicable to all
systems, microscopic and macroscopic systems included. This course is an introduction
to some of the research questions in statistical physics. Specifically, the course deals
with order theorems, critical phenomena and scaling theory.",No,No
105,Trimester 1/4/7/10 & PhD 4/7,SCI,PHYS,PHYS401&PHYS601,Fundamentals of Classical Field Theory,ok,NO,NO,NO,YES,YES,YES,Required,4,Sushant Kumar Raut,Required (4th yr),"Classical Physics – Energy & Force II, Classical Physics – Fields II, Classical Physics – Spacetime, Quantum Physics I, Energy & Entropy","Every student of physics, irrespective of whether they wish to pursue theoretical physics or experimental physics, needs a thorough training in the core principles and conceptual structure of physics. The exposure should bring out the coherence and structure in the theories that shape our understanding of nature at all length and time scales. This course is an advanced overview of the discipline that teaches the language of physics as it is practised at advanced levels. This course will enrich and enable students so that they see experiments not as data generating endeavour but as the only way to uncover the deeper principles that seem to be at work in nature.",No,No
106,Trimester 1/4/7/10 & PhD 4/7,SCI,PHYS,PHYS331,Quantum Physics II,ok,NO,NO,YES,YES,NO,NO,Required,4,Sushant Kumar Raut,Required (4th yr),"Quantum physics I, mathematical physics I","Physics is an empirical science. Its conceptual framework is revised to accommodate new empirical evidence from experiments. One of the earliest indications for the need to relook at classical physics was the blackbody emission spectrum. The experimental results were at variance with the prediction of classical physics. Max Planck proposed quantized exchanges of energy between the walls of the blackbody and the radiation within. This resolved the discrepancy between the theoretical predictions and the experimental observations. Einstein proposed quantized energy for the radiation field to explain the photoelectric effect. Bohr proposed non-radiating orbits for electrons to account for the stability of atoms and quantized angular momentum to explain their emissions spectra. All these ad hoc procedures found natural explanations in the quantum theory formulated by Heisenberg and Schrodinger. Their ideas were refined and put on firm scientific footing by Dirac, Pauli, Born, von Neumann, Jordan and others. ",No,No
107,Trimester 1/4/7/10 & PhD 4/7,SCI,PHYS,PHYS360|CHEM360,Quantum information,ok,NO,NO,YES,YES,NO,NO,Required,4,Sivakumar Srinivasan,"elective for 4th year, phD ",Quantum Physics I,"There is plenty of room at the bottom” is a succinct expression by Feynman about the richness of the quantum world. How do we harness this abundance? In this course, we attempt to answer this question. Peter Shor designing a quantum search algorithm that is much faster than any known classical algorithm marked the beginning of a new paradigm. The most relevant aspect is the way we process information. Doing it the quantum way speeds up the process, makes it more efficient and surpasses, in many cases, the limits known from a classical perspective. This course begins with a discussion on information theory and introduces ideas about quantum information processing (QIP). Other topics to be covered include quantum algorithms and their experimental implementations. Students will learn to program the IBM quantum computer as well. Major corporates in IT and many leading institutes have strong research programs in QIP. That vouches for the importance of this science.",No,No
108,Trimester 1/4/7/10 & PhD 4/7,SCI,PHYS,PHYS660,Advanced quantum information,ok,NO,NO,NO,NO,YES,YES,Required,4,Sivakumar Srinivasan,"elective for 4th year, phD ",Quantum Physics I,"There is plenty of room at the bottom” is a succinct expression by Feynman about the richness of the quantum world. How do we harness this abundance? In this course, we attempt to answer this question. Peter Shor designing a quantum search algorithm that is much faster than any known classical algorithm marked the beginning of a new paradigm. The most relevant aspect is the way we process information. Doing it the quantum way speeds up the process, makes it more efficient and surpasses, in many cases, the limits known from a classical perspective. This course begins with a discussion on information theory and introduces ideas about quantum information processing (QIP). Other topics to be covered include quantum algorithms and their experimental implementations. Students will learn to program the IBM quantum computer as well. Major corporates in IT and many leading institutes have strong research programs in QIP. That vouches for the importance of this science.",No,No
109,Trimester 1/4/7/10 & PhD 4/7,SCI,PSYC,PSYC201(2),Introduction to Psychology,OK,NO,YES,YES,YES,NO,NO,Required,4,Suryodhaya Sharma,"Required course for PSYC Major, PSYC Minor",None,"The Introduction of Psychology course (PSYC201) introduces students to basic concepts of General Psychology, including topics on perception, learning, memory, intelligence, motivation, emotion, and personality. In this way, it levels the field for students from varied educational settings in school who may have a differentiated exposure to psychology as an academic discipline, and prepares them for an undergraduate training in the field. Going further, the course facilitates and demands a critical examination of the psychological knowledge for real-life problems. PSYC201 is designed to introduce students to some of the classic psychological studies and thereby demonstrate the principles of some of the key areas of modern psychology as a diverse and interdisciplinary science. This course seeks to familiarise the students with the broader questions within the field of psychology and the wide range of theoretical and methodological responses that emerge from psychological knowledge.",,
110,Trimester 1/4/7/10 & PhD 4/7,SCI,PSYC,PSYC226,History & Systems of Psychology,ok,NO,YES,YES,YES,NO,NO,Elective,4,Sabah Siddiqui,Elective for Psych,PSYC201,"This course will introduce the concepts of objectivity and subjectivity, as the mirror conundrums of the discipline of psychology. Psychology is a science that explores and interrogates the psychological basis of being human, from behaviour to neurocognition, from consciousness to the unconscious, from the normal to the pathological, and from the individual to the social. This course will follow the history of ideas in the development of the field, especially at the paradigmatic moments that helped define contemporary psychology. It will introduce students to the scientific method in psychology with its emphasis on objectivity and knowledge generation through empirical research in domains such as behavioural psychology and cognitive psychology. It will then track the different routes to knowledge in psychology in domains such as social psychology and qualitative psychology. The course will explore work emerging from the Global South, drawing on domains of cultural psychology and decolonising psychological science. The final module in this course will take up a contemporary issue besetting psychology today.
",,
111,Trimester 1/4/7/10 & PhD 4/7,SCI,PSYC,PSYC239,Programming for Psychologist ,New,NO,YES,YES,YES,NO,NO,Elective,4,Rakesh SenGupta,Elective for Psych,None,"Programming for Psychologists is an undergraduate course designed to equip psychology students with computational problem-solving skills. Through hands-on exercises in Python and Octave, students will learn to think like programmers, developing scripts to analyze behavioral data, run simulations, and automate research workflows. Emphasis on real-world applications includes data visualization, statistical modeling, and research practices. The course also introduces LaTeX for creating professional reports and slides for effective presentations. By integrating coding fundamentals with psychological research methods, students will gain practical expertise in computational tools essential for advanced research, enhancing their ability to design experiments, manage datasets, and communicate findings efficiently.
",NO,Capped at 35
112,Trimester 1/4/7/10 & PhD 4/7,SCI,PSYC,PSYC203|BIOS203(2),Brain & Behaviour,ok,NO,YES,YES,YES,NO,NO,Required/Elective,4,Varun viswanath,"Required course for PSYC Major, PSYC Minor",None,"This course examines the biological basis of behaviour, and develops an understanding of the complexities of the brain and the mechanisms underlying various behavioural phenomena. How is our brain organised? How do neurons function? What is the brain basis of psychological phenomena? How do our genes and hormones influence behaviour? We will be exploring answers to these questions through interactive lectures. This course introduces various brain disorders as a clinical method to better comprehend the complexity of mind-brain connection. Lastly, we will discuss various brain recording techniques and how they are important to unravel the mystery of the brain. By integrating knowledge from biology and psychology, students gain a holistic understanding of how biological processes shape human behaviour and cognition. This course is designed to provide an introduction to the major concepts, theories, and methods in the field of behavioural neuroscience.",,
113,Trimester 1/4/7/10 & PhD 4/7,SCI,PSYC,PSYC339,Embodied Cognition ,New,NO,NO,YES,YES,NO,NO,Elective,4,Rakesh SenGupta,Elective for Psych,PSYC204,"Are you interested to understand the mind and its operations? Do you want to know
more about why intelligence is embodied and know more about the brain, body, and the mind? How are intelligence and cognition; experience and knowledge, thought and consciousness related? These questions can lead us to the most fertile approach to understand the nature of brain, body & the mind. By embracing the fields of Philosophy, Cognitive Psychology, Artificial Intelligence, Neuroscience, Linguistics, Anthropology and Social Cognition the concept embodiment will be conceptualized. In addition, theoretical insights and experimental convergence using multiple methods especially psychological and neurological experiments and computational models will be deliberated to understand the central concepts of embodiment.",,Capped at 40
114,Trimester 1/4/7/10 & PhD 4/7,SCI,PSYC,PSYC342,Evolutionary Psychology,New,NO,NO,YES,YES,NO,NO,Elective,4,Sayantan Mandal,Elective for Psych,"Cognitive  Psychology, SRM-1 ","This course provides an in-depth exploration of Evolutionary Psychology, an approach that seeks to understand the human mind and behavior through the lens of evolution and natural selection. Rooted in Darwinian theory, evolutionary psychology posits that psychological traits—like physical traits—are adaptations shaped by ancestral environments. This course will examine how evolutionary theory informs our understanding of cognition, emotion, and social behavior, and it will critically assess the evidence and arguments for these claims.
 
Students will trace the historical development of evolutionary psychology, beginning with foundational work in ethology and sociobiology, and leading to contemporary applications in cognitive and social psychology. Topics covered will include mating strategies, kin selection, parental investment, cooperation and conflict, status hierarchies, and moral emotions. Special emphasis will be placed on the interplay between evolved predispositions and cultural variability, highlighting the complex interdependence between biology and environment.
 
Students will engage with both theoretical models and empirical studies, learning to critically evaluate the methodological challenges of testing evolutionary hypotheses. They will also reflect on the ethical and philosophical implications of evolutionary explanations for human behavior. By the end of the course, students will be equipped with a framework for understanding psychological mechanisms as adaptive solutions to recurrent problems in human ancestral environments, while also remaining sensitive to the scientific and societal debates surrounding this approach.",,
115,Trimester 1/4/7/10 & PhD 4/7,SCI,PSYC,PSYC304(2),Developmental Psychology,New,NO,NO,YES,YES,NO,NO,Required,4,Madhavi Maganti,"Required course for PSYC Major, PSYC Minor","SRM 1, INTRODUCTION TO Psychology","The course examines developmental changes across different domains of development from conception to old age by addressing four fundamental questions related to human development: continuity, plasticity, sources of development, individual differences across cultures. From empirical evidence and theoretical perspectives, students will gain a deeper understanding of how biological predispositions and environmental contexts interact to mold individuals' developmental trajectories across time periods. The essence is  to explore the course of development by understanding the  intricate interplay of biological, cognitive, emotional, and social factors that shape individuals from infancy through old age.
",,
116,Trimester 1/4/7/10 & PhD 4/7,SCI,PSYC,PSYC204,Cognitive Psychology,Ok,NO,NO,YES,YES,NO,NO,Required,4,Suhail Ahmad & Sayantan Mandal,"Required course for PSYC Major, PSYC Minor",SRM-1; INTRODUCTION TO PSYCHOLOGY,"This course provides an in-depth exploration of the internal processes involved in perceiving, interpreting, and responding to the environment. Students will examine various cognitive processes, including perception, attention, learning, memory, language, problem-solving, reasoning, and thinking. Through a combination of theoretical discussions, experimental demonstrations, and empirical studies, students will gain a comprehensive understanding of how these processes influence human behavior.

",,
117,Trimester 1/4/7/10 & PhD 4/7,SCI,PSYC,PSYC433,"Early Childhood Development: interventions, policies and programs",New,NO,NO,YES,YES,NO,NO,Elective,4,Madhavi Maganti,Elective for Psych,"Developmental Psychology, SRM-1 ","This course explores the foundational principles of early childhood development (ECD) and the role of interventions and policies in shaping developmental outcomes. Drawing from psychology, public health, education, and social policy, students will examine how early experiences—from birth through age eight—impact cognitive, social-emotional, and physical development.
Through a multidisciplinary lens, the course will critically analyze evidence-based interventions and policy frameworks designed to support children and families, especially in contexts of adversity. Topics include responsive caregiving, early learning, nutrition, health, and child protection, with a focus on global and local examples. Students will engage with case studies, research articles, and policy documents to understand how science translates into practice and how cultural, economic, and institutional factors influence the effectiveness of early childhood programs.
By the end of the course, students will be equipped to evaluate and discuss the design, implementation, and impact of early childhood interventions and policies, and to consider their implications for equity, social justice, and long-term societal well-being.",,
118,Trimester 1/4/7/10 & PhD 4/7,SCI,PSYC,PSYC490,Capstone Thesis Project,Capstone,NO,NO,NO,YES,NO,NO,Elective,4,TBD,-,,,,
119,Trimester 1/4/7/10 & PhD 4/7,SCI,PSYC,PSYC491,Independent Research Study,,,,,,,,Elective,,,,,,,
120,Trimester 1/4/7/10 & PhD 4/7,SCI,PSYC,PSYC391,Independent Research Study,,,,,,,,Elective,,,,,,,
121,Trimester 1/4/7/10 & PhD 4/7,HSS,ECON,ECON391,Independent Research Study,,,,,,,,Elective,,,,,,,
122,Trimester 1/4/7/10 & PhD 4/7,HSS,ECON,ECON491,Independent Research Study,,,,,,,,Elective,,,,,,,
123,Trimester 1/4/7/10 & PhD 4/7,SCI,ENVS,ENVS391,Independent Research Study,,,,,,,,Elective,,,,,,,
124,Trimester 1/4/7/10 & PhD 4/7,SCI,ENVS,ENVS491,Independent Research Study,,,,,,,,Elective,,,,,,,
125,Trimester 1/4/7/10 & PhD 4/7,HSS,HIST,HIST391,Independent Research Study,,,,,,,,Elective,,,,,,,
126,Trimester 1/4/7/10 & PhD 4/7,HSS,HIST,HIST491,Independent Research Study,,,,,,,,Elective,,,,,,,
127,Trimester 1/4/7/10 & PhD 4/7,HSS,POLT,POLT391,Independent Research Study,,,,,,,,Elective,,,,,,,
128,Trimester 1/4/7/10 & PhD 4/7,HSS,POLT,POLT491,Independent Research Study,,,,,,,,Elective,,,,,,,
129,Trimester 1/4/7/10 & PhD 4/7,HSS,SOCL,SOCL391,Independent Research Study,,,,,,,,Elective,,,,,,,
130,Trimester 1/4/7/10 & PhD 4/7,HSS,SOCL,SOCL491,Independent Research Study,,,,,,,,Elective,,,,,,,
131,Trimester 1/4/7/10 & PhD 4/7,SCI,BIOS,BIOS391,Independent Research Study,,,,,,,,Elective,,,,,,,
132,Trimester 1/4/7/10 & PhD 4/7,SCI,BIOS,BIOS491,Independent Research Study,,,,,,,,Elective,,,,Ways of Knowing 2: Methods and Communication,,,
133,Trimester 1/4/7/10 & PhD 4/7,SCI,CHEM,CHEM391,Independent Research Study,,,,,,,,Elective,,,,,,,
134,Trimester 1/4/7/10 & PhD 4/7,SCI,CHEM,CHEM491,Independent Research Study,,,,,,,,Elective,,,,,,,
135,Trimester 1/4/7/10 & PhD 4/7,SCI,COMP,COMP391,Independent Research Study,,,,,,,,Elective,,,,,,,
136,Trimester 1/4/7/10 & PhD 4/7,SCI,COMP,COMP491,Independent Research Study,,,,,,,,Elective,,,,,,,
137,Trimester 1/4/7/10 & PhD 4/7,SCI,DATA,DATA391,Independent Research Study,,,,,,,,Elective,,,,,,,
138,Trimester 1/4/7/10 & PhD 4/7,SCI,DATA,DATA491,Independent Research Study,,,,,,,,Elective,,,,,,,
139,Trimester 1/4/7/10 & PhD 4/7,SCI,MATH,MATH391,Independent Research Study,,,,,,,,Elective,,,,,,,
140,Trimester 1/4/7/10 & PhD 4/7,SCI,MATH,MATH491,Independent Research Study,,,,,,,,Elective,,,,,,,
141,Trimester 1/4/7/10 & PhD 4/7,SCI,PHYS,PHYS391,Independent Research Study,,,,,,,,Elective,,,,,,,
142,Trimester 1/4/7/10 & PhD 4/7,SCI,PHYS,PHYS491,Independent Research Study,,,,,,,,Elective,,,,,,,
143,Trimester 1/4/7/10 & PhD 4/7,LAA,LITT,LITT391,Independent Research Study,,,,,,,,Elective,,,,,,,
144,Trimester 1/4/7/10 & PhD 4/7,LAA,LITT,LITT491,Independent Research Study,,,,,,,,Elective,,,,,,,
145,Trimester 1/4/7/10 & PhD 4/7,HSS,ECON,ECON490,Capstone Thesis Project,,,,,,,,,,,,,,,
146,Trimester 1/4/7/10 & PhD 4/7,HSS,HIST,HIST490,Capstone Thesis Project,,,,,,,,,,,,,,,
147,Trimester 1/4/7/10 & PhD 4/7,HSS,POLT,POLT490,Capstone Thesis Project,,,,,,,,,,,,,,,
148,Trimester 1/4/7/10 & PhD 4/7,HSS,SOCL,SOCL490,Capstone Thesis Project,,,,,,,,,,,,,,,
,Trimester 1/4/7/10 & PhD 4/7,SCI,BIOS,BIOS490,Capstone Thesis Project,,,,,,,,,,,,,,,
,Trimester 1/4/7/10 & PhD 4/7,SCI,COMP,COMP490,Capstone Thesis Project,,,,,,,,,,,,,,,
,Trimester 1/4/7/10 & PhD 4/7,SCI,DATA,DATA490,Capstone Thesis Project,,,,,,,,,,,,,,,
,Trimester 1/4/7/10 & PhD 4/7,SCI,ENVS,ENVS490,Capstone Thesis Project,,,,,,,,,,,,,,,
,Trimester 1/4/7/10 & PhD 4/7,SCI,MATH,MATH490,Capstone Thesis Project,,,,,,,,,,,,,,,
,Trimester 1/4/7/10 & PhD 4/7,SCI,PHYS,PHYS490,Capstone Thesis Project,,,,,,,,,,,,,,,
,Trimester 1/4/7/10 & PhD 4/7,LAA,LITT,LITT490,Capstone Thesis Project,,,,,,,,,,,,,,,
,,,,,,,,,,,,,,,,,,,,
,,,,,,,,,,,,,,,,,,,,
,,,,,,,,,,,,,,,,,,,,
,Trimester 2/5/8/11 & PhD 5/8,Div.,Discp,Course code with sections,Course Title,,"Year 1
 2024-28
 T1/2/3","Year 2
 2023-27
 T4/5/6","Year 3
 2022-26
 T7/8/9","Year 4
 2021-25
 T10/11/12",Phd 5,Phd 8,Course Type,Credits,Faculty Name,Required for,Prerequisites to enrol for this course,Description,Is this course prerequisites for any future course?,Remarks
,Trimester 2/5/8/11 & PhD 5/8,KCCS,KCCS,,,,,,,,,,,,,,,,,
,Trimester 2/5/8/11 & PhD 5/8,KCCS,KCCS,,,,,,,,,,,,,,,,,
,Trimester 2/5/8/11 & PhD 5/8,KCCS,KCCS,,,,,,,,,,,,,,,,,
,Trimester 2/5/8/11 & PhD 5/8,KCCS,KCCS,,,,,,,,,,,,,,,,,
,Trimester 2/5/8/11 & PhD 5/8,PP,PP,,,,,,,,,,,,,,,,,
,Trimester 2/5/8/11 & PhD 5/8,HSS,BUSI,,,,,,,,,,,,,,,,,
,Trimester 2/5/8/11 & PhD 5/8,HSS,BUSI,,,,,,,,,,,,,,,,,
,Trimester 2/5/8/11 & PhD 5/8,HSS,BUSI,,,,,,,,,,,,,,,,,
,Trimester 2/5/8/11 & PhD 5/8,HSS,BUSI,,,,,,,,,,,,,,,,,
,Trimester 2/5/8/11 & PhD 5/8,HSS,BUSI,,,,,,,,,,,,,,,,,
,Trimester 2/5/8/11 & PhD 5/8,HSS,BUSI,,,,,,,,,,,,,,,,,
,Trimester 2/5/8/11 & PhD 5/8,HSS,BUSI,,,,,,,,,,,,,,,,,
,Trimester 2/5/8/11 & PhD 5/8,HSS,BUSI,,,,,,,,,,,,,,,,,
,Trimester 2/5/8/11 & PhD 5/8,HSS,BUSI,,,,,,,,,,,,,,,,,
,Trimester 2/5/8/11 & PhD 5/8,HSS,ECON,,,,,,,,,,,,,,,,,
,Trimester 2/5/8/11 & PhD 5/8,HSS,ECON,,,,,,,,,,,,,,,,,
,Trimester 2/5/8/11 & PhD 5/8,HSS,ECON,,,,,,,,,,,,,,,,,
,Trimester 2/5/8/11 & PhD 5/8,HSS,ECON,,,,,,,,,,,,,,,,,
,Trimester 2/5/8/11 & PhD 5/8,HSS,ECON,,,,,,,,,,,,,,,,,
,Trimester 2/5/8/11 & PhD 5/8,HSS,ECON,,,,,,,,,,,,,,,,,
,Trimester 2/5/8/11 & PhD 5/8,HSS,ECON,,,,,,,,,,,,,,,,,
,Trimester 2/5/8/11 & PhD 5/8,HSS,ECON,,,,,,,,,,,,,,,,,
,Trimester 2/5/8/11 & PhD 5/8,HSS,ECON,,,,,,,,,,,,,,,,,
,Trimester 2/5/8/11 & PhD 5/8,HSS,ECON,,,,,,,,,,,,,,,,,
,Trimester 2/5/8/11 & PhD 5/8,HSS,ECON,,,,,,,,,,,,,,,,,
,Trimester 2/5/8/11 & PhD 5/8,HSS,ECON,,,,,,,,,,,,,,,,,
,Trimester 2/5/8/11 & PhD 5/8,HSS,ECON,,,,,,,,,,,,,,,,,
,Trimester 2/5/8/11 & PhD 5/8,HSS,ECON,,,,,,,,,,,,,,,,,
,Trimester 2/5/8/11 & PhD 5/8,HSS,ECON,,,,,,,,,,,,,,,,,
,Trimester 2/5/8/11 & PhD 5/8,HSS,HIST,,,,,,,,,,,,,,,,,
,Trimester 2/5/8/11 & PhD 5/8,HSS,HIST,,,,,,,,,,,,,,,,,
,Trimester 2/5/8/11 & PhD 5/8,HSS,HIST,,,,,,,,,,,,,,,,,
,Trimester 2/5/8/11 & PhD 5/8,HSS,HIST,,,,,,,,,,,,,,,,,
,Trimester 2/5/8/11 & PhD 5/8,HSS,HIST,,,,,,,,,,,,,,,,,
,Trimester 2/5/8/11 & PhD 5/8,HSS,HIST,,,,,,,,,,,,,,,,,
,Trimester 2/5/8/11 & PhD 5/8,HSS,PHIL,PHILXXX,New Course,,No,Yes,Yes,Yes,Yes,Yes,Required (under practice),4,Vivek Radhakrishnan,Required for Philosophy Minor,No,TBA,no,Course details TBA
,Trimester 2/5/8/11 & PhD 5/8,HSS,PHIL,PHIL312|POLT312|HIST312,Freedom,,No,No,Yes,Yes,No,No,Elective,4,Mukund Padmanabhan,Elective for Philosophy Minor,No,"What does freedom mean? How does it go beyond the lay definition that it lies in the ability to act and speak without constraint? What are the implications of parsing this concept at the individual level or examining it in a relational or collective way? Philosophically, the concept of freedom plays out in the domain of metaphysics and ethics, with theories ranging from the libertarian, the compatibilist, and the deterministic. These transcendental ideas have had a subtle but definite impact on our constitutional guarantees for free speech on the one hand, and the restrictions placed on them on others. What implications does the information we have about inner processes have for the issue of agency? What are the grounds, if any, for coercing opinion and behaviour through pressure? What is the space for freedom of religion in a secular state? What is the distinction between positive and negative liberty and how are these related to notions of libertarianism, collectivism, autonomy and free will? Finally, where is freedom situated in discussions on fairness and justice and what are alternative notions of freedom, for example, as a form of self-realisation or as a model for non-domination. This inter-disciplinary course touches on philosophy, constitutional law, political theory, ethics, jurisprudence and media law. ",No,
,Trimester 2/5/8/11 & PhD 5/8,HSS,PHIL,,,,,,,,,,,,,,,,,
,Trimester 2/5/8/11 & PhD 5/8,HSS,PHIL,,,,,,,,,,,,,,,,,
,Trimester 2/5/8/11 & PhD 5/8,HSS,PHIL,,,,,,,,,,,,,,,,,
,Trimester 2/5/8/11 & PhD 5/8,HSS,PHIL,,,,,,,,,,,,,,,,,
,Trimester 2/5/8/11 & PhD 5/8,HSS,PHIL,,,,,,,,,,,,,,,,,
,Trimester 2/5/8/11 & PhD 5/8,HSS,POLT,POLT327/HIST327/SOCL327,Debating India: Key Deliberations in the Constituent Assembly of India,,No,Yes,Yes,Yes,,,Elective,3,S Gundimeda,,No,,,
,Trimester 2/5/8/11 & PhD 5/8,HSS,POLT,POLT309,Indian Politics II,,No,Yes,Yes,Yes,,,Required for Poltics,4,Shilpi Singh,,Yes,,,
,Trimester 2/5/8/11 & PhD 5/8,HSS,POLT,POLT204,Comparative Politics I,,No,Yes,Yes,Yes,,,Required,4,Proma Raychaudhury,,No,,,
,Trimester 2/5/8/11 & PhD 5/8,HSS,POLT,POLT416,The ‘Strongman’ and the ‘Fakir’: Understanding the Contemporary Global Populist Phenomenon,,No,Yes,Yes,Yes,,,Elective,4,Proma Raychaudhury,,No,,,
,Trimester 2/5/8/11 & PhD 5/8,HSS,POLT,POLT308,Global Politics II,,No,Yes,Yes,Yes,,,Required,4,Geeti Das,,Yes,,,
,Trimester 2/5/8/11 & PhD 5/8,HSS,POLT,,,,,,,,,,,,,,,,,
,Trimester 2/5/8/11 & PhD 5/8,HSS,POLT,,,,,,,,,,,,,,,,,
,Trimester 2/5/8/11 & PhD 5/8,HSS,POLT,,,,,,,,,,,,,,,,,
,Trimester 2/5/8/11 & PhD 5/8,HSS,POLT,,,,,,,,,,,,,,,,,
,Trimester 2/5/8/11 & PhD 5/8,HSS,POLT,,,,,,,,,,,,,,,,,
,Trimester 2/5/8/11 & PhD 5/8,HSS,POLT,,,,,,,,,,,,,,,,,
,Trimester 2/5/8/11 & PhD 5/8,HSS,POLT,,,,,,,,,,,,,,,,,
,Trimester 2/5/8/11 & PhD 5/8,HSS,POLT,,,,,,,,,,,,,,,,,
,Trimester 2/5/8/11 & PhD 5/8,HSS,SOCL,,,,,,,,,,,,,,,,,
,Trimester 2/5/8/11 & PhD 5/8,HSS,SOCL,,,,,,,,,,,,,,,,,
,Trimester 2/5/8/11 & PhD 5/8,HSS,SOCL,,,,,,,,,,,,,,,,,
,Trimester 2/5/8/11 & PhD 5/8,HSS,SOCL,,,,,,,,,,,,,,,,,
,Trimester 2/5/8/11 & PhD 5/8,HSS,SOCL,,,,,,,,,,,,,,,,,
,Trimester 2/5/8/11 & PhD 5/8,HSS,SOCL,,,,,,,,,,,,,,,,,
,Trimester 2/5/8/11 & PhD 5/8,HSS,SOCL,,,,,,,,,,,,,,,,,
,Trimester 2/5/8/11 & PhD 5/8,HSS,SOCL,,,,,,,,,,,,,,,,,
,Trimester 2/5/8/11 & PhD 5/8,HSS,SOCL,,,,,,,,,,,,,,,,,
,Trimester 2/5/8/11 & PhD 5/8,HSS,SOCL,,,,,,,,,,,,,,,,,
,Trimester 2/5/8/11 & PhD 5/8,HSS,SOCL,,,,,,,,,,,,,,,,,
,Trimester 2/5/8/11 & PhD 5/8,LAA,ARTS,,,,,,,,,,,,,,,,,
,Trimester 2/5/8/11 & PhD 5/8,LAA,ARTS,,,,,,,,,,,,,,,,,
,Trimester 2/5/8/11 & PhD 5/8,LAA,ARTS,,,,,,,,,,,,,,,,,
,Trimester 2/5/8/11 & PhD 5/8,LAA,ARTS,,,,,,,,,,,,,,,,,
,Trimester 2/5/8/11 & PhD 5/8,LAA,ARTS,,,,,,,,,,,,,,,,,
,Trimester 2/5/8/11 & PhD 5/8,LAA,ARTS,,,,,,,,,,,,,,,,,
,Trimester 2/5/8/11 & PhD 5/8,LAA,LITT,,,,,,,,,,,,,,,,,
,Trimester 2/5/8/11 & PhD 5/8,LAA,LITT,,,,,,,,,,,,,,,,,
,Trimester 2/5/8/11 & PhD 5/8,LAA,LITT,,,,,,,,,,,,,,,,,
,Trimester 2/5/8/11 & PhD 5/8,LAA,LITT,,,,,,,,,,,,,,,,,
,Trimester 2/5/8/11 & PhD 5/8,LAA,LITT,,,,,,,,,,,,,,,,,
,Trimester 2/5/8/11 & PhD 5/8,LAA,LITT,,,,,,,,,,,,,,,,,
,Trimester 2/5/8/11 & PhD 5/8,LAA,LITT,,,,,,,,,,,,,,,,,
,Trimester 2/5/8/11 & PhD 5/8,SCI,BIOS,,,,,,,,,,,,,,,,,
,Trimester 2/5/8/11 & PhD 5/8,SCI,BIOS,,,,,,,,,,,,,,,,,
,Trimester 2/5/8/11 & PhD 5/8,SCI,BIOS,,,,,,,,,,,,,,,,,
,Trimester 2/5/8/11 & PhD 5/8,SCI,BIOS,,,,,,,,,,,,,,,,,
,Trimester 2/5/8/11 & PhD 5/8,SCI,BIOS,,,,,,,,,,,,,,,,,
,Trimester 2/5/8/11 & PhD 5/8,SCI,BIOS,,,,,,,,,,,,,,,,,
,Trimester 2/5/8/11 & PhD 5/8,SCI,BIOS,,,,,,,,,,,,,,,,,
,Trimester 2/5/8/11 & PhD 5/8,SCI,BIOS,,,,,,,,,,,,,,,,,
,Trimester 2/5/8/11 & PhD 5/8,SCI,BIOS,,,,,,,,,,,,,,,,,
,Trimester 2/5/8/11 & PhD 5/8,SCI,BIOS,,,,,,,,,,,,,,,,,
,Trimester 2/5/8/11 & PhD 5/8,SCI,BIOS,,,,,,,,,,,,,,,,,
,Trimester 2/5/8/11 & PhD 5/8,SCI,CHEM,CHEM206,Carbon based molecules,,No,Yes,Yes,Yes,No,No,Required,4,TBD,"Required for Chemistry major,minor",None,"This course will provide students with a comprehensive understanding of the fundamental principles and concepts of chemical bonding (Hybridization, MO theory) structure-property relationship (dipole moment, acidity, basicity) in organic molecules. This course aims to equip students with the problem-solving skills in Organic Chemistry. By successfully completing the course, students will have a fundamental background in Organic Chemistry and reaction mechanism.","Yes, CHEM306",None
,Trimester 2/5/8/11 & PhD 5/8,SCI,CHEM,CHEM208,"Atoms, molecules & Elements",,No,Yes,Yes,Yes,No,No,Required,4,K. Vishwanathan,"Required for Chemistry major,minor",None,This course aims to introduce the students to quantum mechanics and demonstrate how the ideas of quantum mechanics help in understanding chemical phenomena and the layout of the periodic table. The role of quantum mechanics in explaining atomic structure and bonding will be established. This is a novel approach and is different from the historical development of the field.,None,None
,Trimester 2/5/8/11 & PhD 5/8,SCI,CHEM,CHEM306,Making Carbon based molecules,,No,No,YES,YES,No,No,Required,4,Surajit Kayal,Required for chemistry major,CHEM206,"This course will introduce students to the methods of organic synthesis, common name reactions, and the mechanisms in organic chemistry. The focus of the course will be the organic mechanisms that will guide the students to perform stereo-specific organic synthesis. The major ingredients of the most common organic syntheses will be discussed.","Yes, CHEM413",None
,Trimester 2/5/8/11 & PhD 5/8,SCI,CHEM,CHEM220,Symmetry and Group Theory,,No,YES,YES,YES,No,No,Required,2,Brijesh Mishra,Required for Chemistry Major,None,"This course will introduce students to the symmetry elements in molecules, concept of point group, character table, use of group theory in conceptualizing symmetry properties, application of group theory in understanding spectroscopy, chemical reactions and bonding phenomenon","Yes, CHEM412",None
,Trimester 2/5/8/11 & PhD 5/8,SCI,CHEM,CHEM222,Physical Chemistry Lab,,No,YES,YES,YES,No,No,Required,2,Raghu Maligal Ganesh,Required for Chemistry Major,None,"This course will introduce students to the various advanced physicochemical experiments such as conductometry, pH metry, surface tension, viscosity, potentiometry and spectroscopy.",None,None
,Trimester 2/5/8/11 & PhD 5/8,SCI,CHEM,CHEM424,Instrumental method of analysis,,No,No,No,YES,No,No,Required,2,Surajit Kayal,Required for Chemistry Major,None,"This course will introduce students to the various spectroscopic experiments based on absorption, emission and FTIR spectrosocpy",None,None
,Trimester 2/5/8/11 & PhD 5/8,SCI,CHEM,CHEM320,Electrochemistry,,No,YES,YES,YES,No,No,Elective,4,Raghu,"Eelctive for Chemistry Major,minor",CHEM206,This course aims at introducing concepts of electrochemistry and its application in various basic and industrial processes.,None,None
,Trimester 2/5/8/11 & PhD 5/8,SCI,CHEM,CHEM422,Advanced Spectroscopy,,No,No,No,YES,No,No,Elective,4,K. Vishwanathan,"Eelctive for Chemistry Major,minor",None,"Spectroscopic techniques play a very important role in science and technology. It is important to understand these methods to know their advantages, applicability and limitations. Spectroscopy plays a pivotal role in our understanding of matter, energy and their interaction; in addition, it also plays a very important role in materials characterization. A few non spectroscopic methods will also be discussed in this course. This course will cover the principles and application of the various experimental methods and basic instrumentation. Basic high school mathematics and an introductory course on quantum chemistry are prerequisites.",None,None
,Trimester 2/5/8/11 & PhD 5/8,SCI,CHEM,CHEM411,Molecular modelling and Simulations: Biomolecules and rational drug design,,No,No,No,YES,No,No,Elective,4,Sudip Roy,"Eelctive for Chemistry Major,minor",None,"This course aims to expose students to various computational methods to study many problems of interest in chemical and biological sciences. Students taking this course will learn the principles of computer simulations, and applications proteins . This course will be helpful to students who wish to pursue advanced research in computational chemistry and materials science and those who wish to pursue research careers in the industry.",None,None
,Trimester 2/5/8/11 & PhD 5/8,SCI,CHEM,xxxxx (CC approved),Introduction to two dimensional NMR spectrscopy,,No,No,No,YES,No,No,Elective,4,N Chandrakumar,"Eelctive for Chemistry Major,minor",None,,None,None
,Trimester 2/5/8/11 & PhD 5/8,SCI,CHEM,CHEM326,Food Chemistry,,No,YES,YES,YES,No,No,Elective,4,Sathvika Talasila,"Eelctive for Chemistry Major,minor",None,,None,None
,Trimester 2/5/8/11 & PhD 5/8,SCI,CHEM,CHEM490,Advanced Chemical Research II (Capstone Project),,No,No,No,YES,No,No,,4,,,,,,
,Trimester 2/5/8/11 & PhD 5/8,SCI,CHEM,,,,,,,,,,,,,,,,,
,Trimester 2/5/8/11 & PhD 5/8,SCI,CHEM,,,,,,,,,,,,,,,,,
,Trimester 2/5/8/11 & PhD 5/8,SCI,CHEM,,,,,,,,,,,,,,,,,
,Trimester 2/5/8/11 & PhD 5/8,SCI,CHEM,,,,,,,,,,,,,,,,,
,Trimester 2/5/8/11 & PhD 5/8,SCI,CHEM,,,,,,,,,,,,,,,,,
,Trimester 2/5/8/11 & PhD 5/8,SCI,COMP,,,,,,,,,,,,,,,,,
,Trimester 2/5/8/11 & PhD 5/8,SCI,COMP,,,,,,,,,,,,,,,,,
,Trimester 2/5/8/11 & PhD 5/8,SCI,COMP,,,,,,,,,,,,,,,,,
,Trimester 2/5/8/11 & PhD 5/8,SCI,COMP,,,,,,,,,,,,,,,,,
,Trimester 2/5/8/11 & PhD 5/8,SCI,COMP,,,,,,,,,,,,,,,,,
,Trimester 2/5/8/11 & PhD 5/8,SCI,COMP,,,,,,,,,,,,,,,,,
,Trimester 2/5/8/11 & PhD 5/8,SCI,COMP,,,,,,,,,,,,,,,,,
,Trimester 2/5/8/11 & PhD 5/8,SCI,COMP,,,,,,,,,,,,,,,,,
,Trimester 2/5/8/11 & PhD 5/8,SCI,COMP,,,,,,,,,,,,,,,,,
,Trimester 2/5/8/11 & PhD 5/8,SCI,COMP,,,,,,,,,,,,,,,,,
,Trimester 2/5/8/11 & PhD 5/8,SCI,COMP,,,,,,,,,,,,,,,,,
,Trimester 2/5/8/11 & PhD 5/8,SCI,DATA,,,,,,,,,,,,,,,,,
,Trimester 2/5/8/11 & PhD 5/8,SCI,DATA,,,,,,,,,,,,,,,,,
,Trimester 2/5/8/11 & PhD 5/8,SCI,DATA,,,,,,,,,,,,,,,,,
,Trimester 2/5/8/11 & PhD 5/8,SCI,DATA,,,,,,,,,,,,,,,,,
,Trimester 2/5/8/11 & PhD 5/8,SCI,DATA,,,,,,,,,,,,,,,,,
,Trimester 2/5/8/11 & PhD 5/8,SCI,DATA,,,,,,,,,,,,,,,,,
,Trimester 2/5/8/11 & PhD 5/8,SCI,DATA,,,,,,,,,,,,,,,,,
,Trimester 2/5/8/11 & PhD 5/8,SCI,DATA,,,,,,,,,,,,,,,,,
,Trimester 2/5/8/11 & PhD 5/8,SCI,DATA,,,,,,,,,,,,,,,,,
,Trimester 2/5/8/11 & PhD 5/8,SCI,ENVS,,Climate Change,,,,,,,,,,,,,,,
,Trimester 2/5/8/11 & PhD 5/8,SCI,ENVS,,Introduction to Sustainability,,,,,,,,,,,,,,,
,Trimester 2/5/8/11 & PhD 5/8,SCI,ENVS,,Ecology and Conservation Biology,,,,,,,,,,,,,,,
,Trimester 2/5/8/11 & PhD 5/8,SCI,ENVS,,Environmental Chemistry,,,,,,,,,,,,,,,
,Trimester 2/5/8/11 & PhD 5/8,SCI,ENVS,,Environmental Law and Policy,,,,,,,,,,,,,,,
,Trimester 2/5/8/11 & PhD 5/8,SCI,ENVS,,New elective,,,,,,,,,,,,,,,
,Trimester 2/5/8/11 & PhD 5/8,SCI,ENVS,,Environmental Justice,,,,,,,,,,,,,,,
,Trimester 2/5/8/11 & PhD 5/8,SCI,ENVS,,Remote Sensing,,,,,,,,,,,,,,,
,Trimester 2/5/8/11 & PhD 5/8,SCI,ENVS,,,,,,,,,,,,,,,,,
,Trimester 2/5/8/11 & PhD 5/8,SCI,ENVS,,,,,,,,,,,,,,,,,
,Trimester 2/5/8/11 & PhD 5/8,SCI,ENVS,,,,,,,,,,,,,,,,,
,Trimester 2/5/8/11 & PhD 5/8,SCI,ENVS,,,,,,,,,,,,,,,,,
,Trimester 2/5/8/11 & PhD 5/8,SCI,MATH,MATH381,Problem Solving Strategies/Seminar,,,,,,,,,,Chudamani Pranesachar Anil Kumar,,,,,
,Trimester 2/5/8/11 & PhD 5/8,SCI,MATH,MATH405,Measure and Integration Theory,,,,,,,,,,Shibi Vasudevan,,,,,
,Trimester 2/5/8/11 & PhD 5/8,SCI,MATH,MATHXXX,Fourier Analysis,,,,,,,,,,Shibi Vasudevan,,,,,
,Trimester 2/5/8/11 & PhD 5/8,SCI,MATH,	MATH328,Numerical Methods,,,,,,,,,,	Vivek Tewary,,,,,
,Trimester 2/5/8/11 & PhD 5/8,SCI,MATH,MATH256,Writing and Communication in Mathematics,,,,,,,,,,	Vivek Tewary,,,,,
,Trimester 2/5/8/11 & PhD 5/8,SCI,MATH,MATH231,Algebra 1,,,,,,,,,,Soumya Dey,,,,,
,Trimester 2/5/8/11 & PhD 5/8,SCI,MATH,	MATH341,Topology 1,,,,,,,,,,	Soumya Dey,,,,,
,Trimester 2/5/8/11 & PhD 5/8,SCI,MATH,MATH213,Probability,,,,,,,,,,Debangana Mukherjee,,,,,
,Trimester 2/5/8/11 & PhD 5/8,SCI,MATH,MATH202,Analysis 2,,,,,,,,,,Gangotryi Sorcar,,,,,
,Trimester 2/5/8/11 & PhD 5/8,SCI,MATH,"MATH345/MATH445
",Geometry of Curves and Surfaces,,,,,,,,,,Gangotryi Sorcar,,,,,
,Trimester 2/5/8/11 & PhD 5/8,SCI,MATH,MATH346,Introductory Fourier analysis,,NO,NO,YES,YES,,,Elective,4,Shibi Vasudevan,,"Prerequisites include the basic notions of linear algebra (matrices, vector spaces and linear independence, linear transformations, eigenvalues and vectors and inner product spaces) and single and multivariable calculus.","This course is an introduction to the basic notions of Fourier analysis. Three classical topics will be explored: Fourier series, Fourier transforms and the discrete Fourier transform. The basic notions, tools and techniques of Fourier analysis are very important in both pure and applied mathematics (in areas such as signal, image and data processing, etc;) and in physics and computer science. This course is designed to be a gentle, concrete introduction to the subject, with a focus on basic examples and with an eye towards applications. 
Prerequisites include the basic notions of linear algebra (matrices, vector spaces and linear independence, linear transformations, eigenvalues and vectors and inner product spaces) and single and multivariable calculus.
It is hoped that this course will be accessible to 3rd year and 4th year students in mathematics, physics, computer science, and data science. ",,
,Trimester 2/5/8/11 & PhD 5/8,SCI,MATH,MATH391,	Independent Research Study,Independent Research Study,,,,,,,,,With various faculty,,,,,
,Trimester 2/5/8/11 & PhD 5/8,SCI,MATH,MATH490,Capstone Thesis Project,,,,,,,,,,With various faculty,,,,,
,Trimester 2/5/8/11 & PhD 5/8,SCI,MATH,MATH491,Independent Research Study,,,,,,,,,,With various faculty,,,,,
,Trimester 2/5/8/11 & PhD 5/8,SCI,PHYS,,,,,,,,,,,,,,,,,
,Trimester 2/5/8/11 & PhD 5/8,SCI,PHYS,,,,,,,,,,,,,,,,,
,Trimester 2/5/8/11 & PhD 5/8,SCI,PHYS,,,,,,,,,,,,,,,,,
,Trimester 2/5/8/11 & PhD 5/8,SCI,PHYS,,,,,,,,,,,,,,,,,
,Trimester 2/5/8/11 & PhD 5/8,SCI,PHYS,,,,,,,,,,,,,,,,,
,Trimester 2/5/8/11 & PhD 5/8,SCI,PHYS,,,,,,,,,,,,,,,,,
,Trimester 2/5/8/11 & PhD 5/8,SCI,PHYS,,,,,,,,,,,,,,,,,
,Trimester 2/5/8/11 & PhD 5/8,SCI,PHYS,,,,,,,,,,,,,,,,,
,Trimester 2/5/8/11 & PhD 5/8,SCI,PHYS,,,,,,,,,,,,,,,,,
,Trimester 2/5/8/11 & PhD 5/8,SCI,PHYS,,,,,,,,,,,,,,,,,
,Trimester 2/5/8/11 & PhD 5/8,SCI,PHYS,,,,,,,,,,,,,,,,,
,Trimester 2/5/8/11 & PhD 5/8,SCI,PHYS,,,,,,,,,,,,,,,,,
,Trimester 2/5/8/11 & PhD 5/8,SCI,PHYS,,,,,,,,,,,,,,,,,
,Trimester 2/5/8/11 & PhD 5/8,SCI,PHYS,,,,,,,,,,,,,,,,,
,Trimester 2/5/8/11 & PhD 5/8,SCI,PHYS,,,,,,,,,,,,,,,,,
,Trimester 2/5/8/11 & PhD 5/8,SCI,PHYS,,,,,,,,,,,,,,,,,
,Trimester 2/5/8/11 & PhD 5/8,SCI,PHYS,,,,,,,,,,,,,,,,,
,Trimester 2/5/8/11 & PhD 5/8,SCI,PSYC,,,,,,,,,,,,,,,,,
,Trimester 2/5/8/11 & PhD 5/8,SCI,PSYC,,,,,,,,,,,,,,,,,
,Trimester 2/5/8/11 & PhD 5/8,SCI,PSYC,,,,,,,,,,,,,,,,,
,Trimester 2/5/8/11 & PhD 5/8,SCI,PSYC,,,,,,,,,,,,,,,,,
,Trimester 2/5/8/11 & PhD 5/8,SCI,PSYC,,,,,,,,,,,,,,,,,
,Trimester 2/5/8/11 & PhD 5/8,SCI,PSYC,,,,,,,,,,,,,,,,,
,Trimester 2/5/8/11 & PhD 5/8,SCI,PSYC,,,,,,,,,,,,,,,,,
,Trimester 2/5/8/11 & PhD 5/8,SCI,PSYC,,,,,,,,,,,,,,,,,
,Trimester 2/5/8/11 & PhD 5/8,SCI,PSYC,,,,,,,,,,,,,,,,,
,Trimester 2/5/8/11 & PhD 5/8,SCI,PSYC,,,,,,,,,,,,,,,,,
,Trimester 2/5/8/11 & PhD 5/8,SCI,PSYC,,,,,,,,,,,,,,,,,
,Trimester 2/5/8/11 & PhD 5/8,SCI,PSYC,,,,,,,,,,,,,,,,,
,Trimester 2/5/8/11 & PhD 5/8,SCI,PSYC,,,,,,,,,,,,,,,,,
,Trimester 2/5/8/11 & PhD 5/8,SCI,PSYC,,,,,,,,,,,,,,,,,
,,,,,,,,,,,,,,,,,,,,
,Trimester 3/6/9/12 & PhD 6/9,Div.,Discp,Course code with sections,Course Title,,"Year 1
 2024-28
 T1/2/3","Year 2
 2023-27
 T4/5/6","Year 3
 2022-26
 T7/8/9","Year 4
 2021-25
 T10/11/12",Phd 6,Phd 9,Course Type,Credits,Faculty Name,Required for,Prerequisites to enrol for this course,Description,Is this course prerequisites for any future course?,Remarks
,Trimester 3/6/9/12 & PhD 6/9,KCCS,KCCS,,,,,,,,,,,,,,,,,
,Trimester 3/6/9/12 & PhD 6/9,KCCS,KCCS,,,,,,,,,,,,,,,,,
,Trimester 3/6/9/12 & PhD 6/9,KCCS,KCCS,,,,,,,,,,,,,,,,,
,Trimester 3/6/9/12 & PhD 6/9,KCCS,KCCS,,,,,,,,,,,,,,,,,
,Trimester 3/6/9/12 & PhD 6/9,PP,PP,,,,,,,,,,,,,,,,,
,Trimester 3/6/9/12 & PhD 6/9,HSS,BUSI,,,,,,,,,,,,,,,,,
,Trimester 3/6/9/12 & PhD 6/9,HSS,BUSI,,,,,,,,,,,,,,,,,
,Trimester 3/6/9/12 & PhD 6/9,HSS,BUSI,,,,,,,,,,,,,,,,,
,Trimester 3/6/9/12 & PhD 6/9,HSS,BUSI,,,,,,,,,,,,,,,,,
,Trimester 3/6/9/12 & PhD 6/9,HSS,BUSI,,,,,,,,,,,,,,,,,
,Trimester 3/6/9/12 & PhD 6/9,HSS,BUSI,,,,,,,,,,,,,,,,,
,Trimester 3/6/9/12 & PhD 6/9,HSS,BUSI,,,,,,,,,,,,,,,,,
,Trimester 3/6/9/12 & PhD 6/9,HSS,BUSI,,,,,,,,,,,,,,,,,
,Trimester 3/6/9/12 & PhD 6/9,HSS,BUSI,,,,,,,,,,,,,,,,,
,Trimester 3/6/9/12 & PhD 6/9,HSS,ECON,,,,,,,,,,,,,,,,,
,Trimester 3/6/9/12 & PhD 6/9,HSS,ECON,,,,,,,,,,,,,,,,,
,Trimester 3/6/9/12 & PhD 6/9,HSS,ECON,,,,,,,,,,,,,,,,,
,Trimester 3/6/9/12 & PhD 6/9,HSS,ECON,,,,,,,,,,,,,,,,,
,Trimester 3/6/9/12 & PhD 6/9,HSS,ECON,,,,,,,,,,,,,,,,,
,Trimester 3/6/9/12 & PhD 6/9,HSS,ECON,,,,,,,,,,,,,,,,,
,Trimester 3/6/9/12 & PhD 6/9,HSS,ECON,,,,,,,,,,,,,,,,,
,Trimester 3/6/9/12 & PhD 6/9,HSS,ECON,,,,,,,,,,,,,,,,,
,Trimester 3/6/9/12 & PhD 6/9,HSS,ECON,,,,,,,,,,,,,,,,,
,Trimester 3/6/9/12 & PhD 6/9,HSS,ECON,,,,,,,,,,,,,,,,,
,Trimester 3/6/9/12 & PhD 6/9,HSS,ECON,,,,,,,,,,,,,,,,,
,Trimester 3/6/9/12 & PhD 6/9,HSS,ECON,,,,,,,,,,,,,,,,,
,Trimester 3/6/9/12 & PhD 6/9,HSS,ECON,,,,,,,,,,,,,,,,,
,Trimester 3/6/9/12 & PhD 6/9,HSS,ECON,,,,,,,,,,,,,,,,,
,Trimester 3/6/9/12 & PhD 6/9,HSS,ECON,,,,,,,,,,,,,,,,,
,Trimester 3/6/9/12 & PhD 6/9,HSS,HIST,,,,,,,,,,,,,,,,,
,Trimester 3/6/9/12 & PhD 6/9,HSS,HIST,,,,,,,,,,,,,,,,,
,Trimester 3/6/9/12 & PhD 6/9,HSS,HIST,,,,,,,,,,,,,,,,,
,Trimester 3/6/9/12 & PhD 6/9,HSS,HIST,,,,,,,,,,,,,,,,,
,Trimester 3/6/9/12 & PhD 6/9,HSS,HIST,,,,,,,,,,,,,,,,,
,Trimester 3/6/9/12 & PhD 6/9,HSS,HIST,,,,,,,,,,,,,,,,,
,Trimester 3/6/9/12 & PhD 6/9,HSS,PHIL,PHIL206,"Self, State and Society: Philosophical Perspectives",,No,Yes,Yes,Yes,No,No,Required (under Society),4,Shriddha Shah,Required for Philosophy Minors,No,"There is an intricate dialectical relation between the concepts of self, state and society, and these relations are negotiated in every age, differently. It is important to understand these relations, as they provide us with the rationale for our understanding of ourselves, and our place in the social and political domains. These relations also determine the possibilities and limits of our own agency and actions vis-à-vis others. This course will introduce some of the fundamental philosophical presuppositions that allow this negotiation to take place in the modern age. The course is divided into three modules that discuss the constitution of the self, the state, and the social, in the contemporary modern western age. The objective of this discussion is to not only present a philosophical analysis of these concepts but to also open them up for critique and alternative readings, either from the classical tradition or in some cases contemporary perspectives. The course is not intended to be comprehensive in its approach to the readings presented, but rather the focus is to have an in-depth engagement with the philosophical presuppositions of the perspectives presented. Some of the fundamental issues taken up would be: How is the notion of the self, constituted and what relation does it bear to the understanding of the modern age, and the state? What are the fundamental presuppositions that characterise the foundations of the modern state? What are some of the theoretical alternatives to this understanding of the state? What is the role of the social, as presented through the institution of the family, in this matrix? What is the relation that the family bears to the state, and the self? ",No,
,Trimester 3/6/9/12 & PhD 6/9,HSS,PHIL,PHILXXX,New Course,,No,Yes,Yes,Yes,No,No,Elective,4,Shikha Rajpurohit,Elective for Philosophy Minor,No,TBA,No,Course details TBA
,Trimester 3/6/9/12 & PhD 6/9,HSS,PHIL,,,,,,,,,,,,,,,,,
,Trimester 3/6/9/12 & PhD 6/9,HSS,PHIL,,,,,,,,,,,,,,,,,
,Trimester 3/6/9/12 & PhD 6/9,HSS,PHIL,,,,,,,,,,,,,,,,,
,Trimester 3/6/9/12 & PhD 6/9,HSS,PHIL,,,,,,,,,,,,,,,,,
,Trimester 3/6/9/12 & PhD 6/9,HSS,PHIL,,,,,,,,,,,,,,,,,
,Trimester 3/6/9/12 & PhD 6/9,HSS,POLT,POLT311/HIST311/SOCL311,Political Imaginings from the Global South,,No,Yes,Yes,Yes,,,Required,4,Geeti Das,,No,,,
,Trimester 3/6/9/12 & PhD 6/9,HSS,POLT,POLT431 & POLT631,Infrastructure Technologies and Planetary Politics,,No,No,Yes,Yes,,,Elective,4,Geeti Das,,Yes,,,
,Trimester 3/6/9/12 & PhD 6/9,HSS,POLT,New Course,New Course,,No,Yes,Yes,Yes,,,Elective,4,S Gundimeda,,No,,,
,Trimester 3/6/9/12 & PhD 6/9,HSS,POLT,POLT 325 POLT 425,Politics and Theories of Urbanisation,,No,Yes,Yes,Yes,,,Elective,4,Dyotana Banerjee,,No,,,
,Trimester 3/6/9/12 & PhD 6/9,HSS,POLT,POLT 336,Research Methods in Politics I,,No,Yes,Yes,Yes,,,Required for Politics,4,Dyotana Banerjee & Sudeshna Dey,,No,,,
,Trimester 3/6/9/12 & PhD 6/9,HSS,POLT,POLT 205,Global Politics I,,No,Yes,Yes,Yes,,,Required for Politics,4,Swarna Rajagopalan,,No,,,
,Trimester 3/6/9/12 & PhD 6/9,HSS,POLT,POLT 412,South Asian Politics and International Relations,,No,Yes,Yes,Yes,,,Elective,4,Swarna Rajagopalan,,Yes,,,
,Trimester 3/6/9/12 & PhD 6/9,HSS,POLT,POLT313 SOCL313 PHIL313,Intorduction to Political Theory,,No,Yes,Yes,Yes,,,Required for Politics,4,Bishnu Mohapatra,,No,,,
,Trimester 3/6/9/12 & PhD 6/9,HSS,POLT,POLT413,Texts on Interrogating Social Imaginaries,,No,No,No,Yes,,,Elective,4,Bishnu Mohapatra,,No,,,
,Trimester 3/6/9/12 & PhD 6/9,HSS,POLT,,,,,,,,,,,,,,,,,
,Trimester 3/6/9/12 & PhD 6/9,HSS,POLT,,,,,,,,,,,,,,,,,
,Trimester 3/6/9/12 & PhD 6/9,HSS,POLT,,,,,,,,,,,,,,,,,
,Trimester 3/6/9/12 & PhD 6/9,HSS,POLT,,,,,,,,,,,,,,,,,
,Trimester 3/6/9/12 & PhD 6/9,HSS,POLT,,,,,,,,,,,,,,,,,
,Trimester 3/6/9/12 & PhD 6/9,HSS,POLT,,,,,,,,,,,,,,,,,
,Trimester 3/6/9/12 & PhD 6/9,HSS,POLT,,,,,,,,,,,,,,,,,
,Trimester 3/6/9/12 & PhD 6/9,HSS,POLT,,,,,,,,,,,,,,,,,
,Trimester 3/6/9/12 & PhD 6/9,HSS,POLT,,,,,,,,,,,,,,,,,
,Trimester 3/6/9/12 & PhD 6/9,HSS,POLT,,,,,,,,,,,,,,,,,
,Trimester 3/6/9/12 & PhD 6/9,HSS,POLT,,,,,,,,,,,,,,,,,
,Trimester 3/6/9/12 & PhD 6/9,HSS,SOCL,SOCL406|HIST406|POLT406,Religion and Society in South Asia,Ok,NO,YES,YES,YES,YES,YES,Required/Elective/Elective,4,Annu Jalais,,None,"This course is about the study of Religion with a particular focus on South Asian religions (Hinduism, Jainism, Buddhism, Zorastrianism, Christianity, Islam, and Sikhism), as they have been studied anthropologically, historically and politically – as daily beliefs and practices, and in relation to wider South Asian culture, history and politics. This course will provide both a grounded study of religious practices and religions in Afghanistan, Bangladesh, Bhutan, India, the Maldives, Nepal, Pakistan, Sikkim, Sri Lanka as well as a postcolonial critique of the study of religions and nationalism in the South Asian realm.
 The course will explore why the transformation of the public sphere in South Asia shows the increasing importance of religious movements, and of the political use of religious symbolism in new communication technologies. One of the most important trends in the present era is the attempt to create a homogenous religious community, not only within the national territorial space, but also in a transnational space. If such attempts offer a sense of identity for communities, it also offers a brutal confrontation with “the Other,” however defined. The violent conflicts between Hindus and Muslims, between “high” castes and Dalits, between Shi’as and Sunnis, between Buddhists and Hindus, Buddhists and Muslims are sad reminders of a growing confrontation which is not only regional, but increasingly global.",,
,Trimester 3/6/9/12 & PhD 6/9,HSS,SOCL,,,,,,,,,,,,,,,,,
,Trimester 3/6/9/12 & PhD 6/9,HSS,SOCL,,,,,,,,,,,,,,,,,
,Trimester 3/6/9/12 & PhD 6/9,HSS,SOCL,,,,,,,,,,,,,,,,,
,Trimester 3/6/9/12 & PhD 6/9,LAA,ARTS,,,,,,,,,,,,,,,,,
,Trimester 3/6/9/12 & PhD 6/9,LAA,ARTS,,,,,,,,,,,,,,,,,
,Trimester 3/6/9/12 & PhD 6/9,LAA,LITT,,,,,,,,,,,,,,,,,
,Trimester 3/6/9/12 & PhD 6/9,LAA,LITT,,,,,,,,,,,,,,,,,
,Trimester 3/6/9/12 & PhD 6/9,LAA,LITT,,,,,,,,,,,,,,,,,
,Trimester 3/6/9/12 & PhD 6/9,LAA,LITT,,,,,,,,,,,,,,,,,
,Trimester 3/6/9/12 & PhD 6/9,LAA,LITT,,,,,,,,,,,,,,,,,
,Trimester 3/6/9/12 & PhD 6/9,LAA,LITT,,,,,,,,,,,,,,,,,
,Trimester 3/6/9/12 & PhD 6/9,LAA,LITT,,,,,,,,,,,,,,,,,
,Trimester 3/6/9/12 & PhD 6/9,LAA,LITT,,,,,,,,,,,,,,,,,
,Trimester 3/6/9/12 & PhD 6/9,LAA,LITT,,,,,,,,,,,,,,,,,
,Trimester 3/6/9/12 & PhD 6/9,LAA,LITT,,,,,,,,,,,,,,,,,
,Trimester 3/6/9/12 & PhD 6/9,LAA,LITT,,,,,,,,,,,,,,,,,
,Trimester 3/6/9/12 & PhD 6/9,SCI,BIOS,,,,,,,,,,,,,,,,,
,Trimester 3/6/9/12 & PhD 6/9,SCI,BIOS,,,,,,,,,,,,,,,,,
,Trimester 3/6/9/12 & PhD 6/9,SCI,BIOS,,,,,,,,,,,,,,,,,
,Trimester 3/6/9/12 & PhD 6/9,SCI,BIOS,,,,,,,,,,,,,,,,,
,Trimester 3/6/9/12 & PhD 6/9,SCI,BIOS,,,,,,,,,,,,,,,,,
,Trimester 3/6/9/12 & PhD 6/9,SCI,BIOS,,,,,,,,,,,,,,,,,
,Trimester 3/6/9/12 & PhD 6/9,SCI,BIOS,,,,,,,,,,,,,,,,,
,Trimester 3/6/9/12 & PhD 6/9,SCI,BIOS,,,,,,,,,,,,,,,,,
,Trimester 3/6/9/12 & PhD 6/9,SCI,BIOS,,,,,,,,,,,,,,,,,
,Trimester 3/6/9/12 & PhD 6/9,SCI,BIOS,,,,,,,,,,,,,,,,,
,Trimester 3/6/9/12 & PhD 6/9,SCI,BIOS,,,,,,,,,,,,,,,,,
,Trimester 3/6/9/12 & PhD 6/9,SCI,CHEM,,,,,,,,,,,,,,,,,
,Trimester 3/6/9/12 & PhD 6/9,SCI,CHEM,,,,,,,,,,,,,,,,,
,Trimester 3/6/9/12 & PhD 6/9,SCI,CHEM,,,,,,,,,,,,,,,,,
,Trimester 3/6/9/12 & PhD 6/9,SCI,CHEM,,,,,,,,,,,,,,,,,
,Trimester 3/6/9/12 & PhD 6/9,SCI,CHEM,,,,,,,,,,,,,,,,,
,Trimester 3/6/9/12 & PhD 6/9,SCI,CHEM,,,,,,,,,,,,,,,,,
,Trimester 3/6/9/12 & PhD 6/9,SCI,CHEM,,,,,,,,,,,,,,,,,
,Trimester 3/6/9/12 & PhD 6/9,SCI,CHEM,,,,,,,,,,,,,,,,,
,Trimester 3/6/9/12 & PhD 6/9,SCI,CHEM,,,,,,,,,,,,,,,,,
,Trimester 3/6/9/12 & PhD 6/9,SCI,CHEM,,,,,,,,,,,,,,,,,
,Trimester 3/6/9/12 & PhD 6/9,SCI,CHEM,,,,,,,,,,,,,,,,,
,Trimester 3/6/9/12 & PhD 6/9,SCI,CHEM,,,,,,,,,,,,,,,,,
,Trimester 3/6/9/12 & PhD 6/9,SCI,CHEM,,,,,,,,,,,,,,,,,
,Trimester 3/6/9/12 & PhD 6/9,SCI,CHEM,,,,,,,,,,,,,,,,,
,Trimester 3/6/9/12 & PhD 6/9,SCI,CHEM,,,,,,,,,,,,,,,,,
,Trimester 3/6/9/12 & PhD 6/9,SCI,CHEM,,,,,,,,,,,,,,,,,
,Trimester 3/6/9/12 & PhD 6/9,SCI,CHEM,,,,,,,,,,,,,,,,,
,Trimester 3/6/9/12 & PhD 6/9,SCI,COMP,,,,,,,,,,,,,,,,,
,Trimester 3/6/9/12 & PhD 6/9,SCI,COMP,,,,,,,,,,,,,,,,,
,Trimester 3/6/9/12 & PhD 6/9,SCI,COMP,,,,,,,,,,,,,,,,,
,Trimester 3/6/9/12 & PhD 6/9,SCI,COMP,,,,,,,,,,,,,,,,,
,Trimester 3/6/9/12 & PhD 6/9,SCI,COMP,,,,,,,,,,,,,,,,,
,Trimester 3/6/9/12 & PhD 6/9,SCI,COMP,,,,,,,,,,,,,,,,,
,Trimester 3/6/9/12 & PhD 6/9,SCI,COMP,,,,,,,,,,,,,,,,,
,Trimester 3/6/9/12 & PhD 6/9,SCI,COMP,,,,,,,,,,,,,,,,,
,Trimester 3/6/9/12 & PhD 6/9,SCI,COMP,,,,,,,,,,,,,,,,,
,Trimester 3/6/9/12 & PhD 6/9,SCI,COMP,,,,,,,,,,,,,,,,,
,Trimester 3/6/9/12 & PhD 6/9,SCI,COMP,,,,,,,,,,,,,,,,,
,Trimester 3/6/9/12 & PhD 6/9,SCI,DATA,,,,,,,,,,,,,,,,,
,Trimester 3/6/9/12 & PhD 6/9,SCI,DATA,,,,,,,,,,,,,,,,,
,Trimester 3/6/9/12 & PhD 6/9,SCI,DATA,,,,,,,,,,,,,,,,,
,Trimester 3/6/9/12 & PhD 6/9,SCI,DATA,,,,,,,,,,,,,,,,,
,Trimester 3/6/9/12 & PhD 6/9,SCI,DATA,,,,,,,,,,,,,,,,,
,Trimester 3/6/9/12 & PhD 6/9,SCI,DATA,,,,,,,,,,,,,,,,,
,Trimester 3/6/9/12 & PhD 6/9,SCI,DATA,,,,,,,,,,,,,,,,,
,Trimester 3/6/9/12 & PhD 6/9,SCI,DATA,,,,,,,,,,,,,,,,,
,Trimester 3/6/9/12 & PhD 6/9,SCI,DATA,,,,,,,,,,,,,,,,,
,Trimester 3/6/9/12 & PhD 6/9,SCI,ENVS,,Environmental Ethics,,,,,,,,,,,,,,,
,Trimester 3/6/9/12 & PhD 6/9,SCI,ENVS,,Environmental History,,,,,,,,,,,,,,,
,Trimester 3/6/9/12 & PhD 6/9,SCI,ENVS,,Ecological Economics,,,,,,,,,,,,,,,
,Trimester 3/6/9/12 & PhD 6/9,SCI,ENVS,,Ecotoxicology,,,,,,,,,,,,,,,
,Trimester 3/6/9/12 & PhD 6/9,SCI,ENVS,,EIA Lab,,,,,,,,,,,,,,,
,Trimester 3/6/9/12 & PhD 6/9,SCI,ENVS,,Alternative Energy on a Finite planet,,,,,,,,,,,,,,,
,Trimester 3/6/9/12 & PhD 6/9,SCI,ENVS,,Resources management,,,,,,,,,,,,,,,
,Trimester 3/6/9/12 & PhD 6/9,SCI,ENVS,,,,,,,,,,,,,,,,,
,Trimester 3/6/9/12 & PhD 6/9,SCI,ENVS,,,,,,,,,,,,,,,,,
,Trimester 3/6/9/12 & PhD 6/9,SCI,ENVS,,,,,,,,,,,,,,,,,
,Trimester 3/6/9/12 & PhD 6/9,SCI,ENVS,,,,,,,,,,,,,,,,,
,Trimester 3/6/9/12 & PhD 6/9,SCI,ENVS,,,,,,,,,,,,,,,,,
,Trimester 3/6/9/12 & PhD 6/9,SCI,MATH,MATH305,Complex Analysis,,,,,,,,,,Chudamani Pranesachar Anil Kumar,,,,,
,Trimester 3/6/9/12 & PhD 6/9,SCI,MATH,MATH333,Algebra III,,,,,,,,,,	Rishi Vyas,,,,,
,Trimester 3/6/9/12 & PhD 6/9,SCI,MATH,MATH414,Statistics,,,,,,,,,,Vivek Tewary,,,,,